legacy_charge_key,legacy_student_id,cycle_code,concept_code,coverage_year,coverage_month,original_amount,due_date,origin,status,legacy_period,legacy_price_id,price_resolution
00fca4aa-70ed-464e-822f-6272cba1d93e|ENROLLMENT_FEE|25-26,00fca4aa-70ed-464e-822f-6272cba1d93e,25-26,ENROLLMENT_FEE,,,2500.00,2025-09-01,LEGACY_MIGRATION,ACTIVE,INS,bcaea0da-ad02-4a90-a7a6-868e29c7793c,FIRST_ENROLLMENT_PAYMENT_DATE:EXACT_OR_PRIOR
02b5e8d1-89fb-4a1d-a9d3-58817df86b24|ENROLLMENT_FEE|25-26,02b5e8d1-89fb-4a1d-a9d3-58817df86b24,25-26,ENROLLMENT_FEE,,,2500.00,2025-09-01,LEGACY_MIGRATION,ACTIVE,INS,e6ad0ac3-c051-47da-b21d-69cf4c485047,FIRST_ENROLLMENT_PAYMENT_DATE:EXACT_OR_PRIOR
0489bdaf-c632-4a1f-9b8e-85dba33a74b0|ENROLLMENT_FEE|25-26,0489bdaf-c632-4a1f-9b8e-85dba33a74b0,25-26,ENROLLMENT_FEE,,,2500.00,2025-09-01,LEGACY_MIGRATION,ACTIVE,INS,85e84105-cbe3-4367-ae87-c7bd269b36df,FIRST_ENROLLMENT_PAYMENT_DATE:EXACT_OR_PRIOR
05ea74c3-0d10-4956-90f5-22e05c155e58|ENROLLMENT_FEE|25-26,05ea74c3-0d10-4956-90f5-22e05c155e58,25-26,ENROLLMENT_FEE,,,2500.00,2025-09-05,LEGACY_MIGRATION,ACTIVE,INS,a808491d-5c3c-4166-8fd0-f3dd42a69247,DUE_DATE:EXACT_OR_PRIOR
061d5f0c-2ec0-4698-a862-38cdd50d237d|ENROLLMENT_FEE|25-26,061d5f0c-2ec0-4698-a862-38cdd50d237d,25-26,ENROLLMENT_FEE,,,1000.00,2026-04-29,LEGACY_MIGRATION,ACTIVE,INS,baf7e1f7-6655-43dd-853a-a8a9d8dd6393,FIRST_ENROLLMENT_PAYMENT_DATE:EXACT_OR_PRIOR
07d3c06f-1b7d-4925-b8d6-cfb887acabb6|ENROLLMENT_FEE|25-26,07d3c06f-1b7d-4925-b8d6-cfb887acabb6,25-26,ENROLLMENT_FEE,,,2500.00,2025-08-07,LEGACY_MIGRATION,ACTIVE,INS,25306865-46a0-44b4-a6a9-5d85b1536d17,FIRST_ENROLLMENT_PAYMENT_DATE:FUTURE_FALLBACK
0a79ced7-bab3-44d8-89da-e166880163bd|ENROLLMENT_FEE|25-26,0a79ced7-bab3-44d8-89da-e166880163bd,25-26,ENROLLMENT_FEE,,,1100.00,2025-02-15,LEGACY_MIGRATION,ACTIVE,INS,b7abbdf5-e523-47a7-98ef-8ca435ea84b9,FIRST_ENROLLMENT_PAYMENT_DATE:EXACT_OR_PRIOR
0e861609-c592-4713-bfad-a86c2f7d1c00|ENROLLMENT_FEE|25-26,0e861609-c592-4713-bfad-a86c2f7d1c00,25-26,ENROLLMENT_FEE,,,2500.00,2025-09-01,LEGACY_MIGRATION,ACTIVE,INS,f79c2594-1d15-404f-acbf-f638938a98c0,FIRST_ENROLLMENT_PAYMENT_DATE:EXACT_OR_PRIOR
18f8e872-a787-4eef-953c-1c326065039e|ENROLLMENT_FEE|25-26,18f8e872-a787-4eef-953c-1c326065039e,25-26,ENROLLMENT_FEE,,,2500.00,2025-10-29,LEGACY_MIGRATION,ACTIVE,INS,e23a1882-d855-4578-b4fa-cdc343116182,FIRST_ENROLLMENT_PAYMENT_DATE:EXACT_OR_PRIOR
1e3beb16-3079-4aaa-93fc-a0203720434d|ENROLLMENT_FEE|25-26,1e3beb16-3079-4aaa-93fc-a0203720434d,25-26,ENROLLMENT_FEE,,,2500.00,2025-09-01,LEGACY_MIGRATION,ACTIVE,INS,bd25d0e4-b08f-4573-8bf1-c00cf7603258,FIRST_ENROLLMENT_PAYMENT_DATE:EXACT_OR_PRIOR
209dac48-1e05-4390-a5da-676e1ee3b311|ENROLLMENT_FEE|25-26,209dac48-1e05-4390-a5da-676e1ee3b311,25-26,ENROLLMENT_FEE,,,2500.00,2025-09-30,LEGACY_MIGRATION,ACTIVE,INS,89ccd65d-772d-41e6-be69-65a69783fb11,FIRST_ENROLLMENT_PAYMENT_DATE:EXACT_OR_PRIOR
2645afb7-c140-490c-b8db-c0dd4fbf6e11|ENROLLMENT_FEE|25-26,2645afb7-c140-490c-b8db-c0dd4fbf6e11,25-26,ENROLLMENT_FEE,,,2500.00,2025-08-22,LEGACY_MIGRATION,ACTIVE,INS,eab6b4f2-581e-4757-921c-31062bf642ec,FIRST_ENROLLMENT_PAYMENT_DATE:EXACT_OR_PRIOR
273286ee-1011-4ae2-828e-974f625a6fd2|ENROLLMENT_FEE|25-26,273286ee-1011-4ae2-828e-974f625a6fd2,25-26,ENROLLMENT_FEE,,,2500.00,2025-09-05,LEGACY_MIGRATION,ACTIVE,INS,2d21daf4-b7c8-46c4-9665-98c856578ada,FIRST_ENROLLMENT_PAYMENT_DATE:EXACT_OR_PRIOR
2a01ea65-7487-4834-ab23-855018d8868e|ENROLLMENT_FEE|25-26,2a01ea65-7487-4834-ab23-855018d8868e,25-26,ENROLLMENT_FEE,,,2500.00,2025-09-01,LEGACY_MIGRATION,ACTIVE,INS,fb6dd94f-a358-4f8d-9545-c0ed19f12841,FIRST_ENROLLMENT_PAYMENT_DATE:EXACT_OR_PRIOR
2a0d752a-79d5-4658-bf0d-64b137383ac6|ENROLLMENT_FEE|25-26,2a0d752a-79d5-4658-bf0d-64b137383ac6,25-26,ENROLLMENT_FEE,,,1100.00,2025-02-20,LEGACY_MIGRATION,ACTIVE,INS,a6f17dbd-aefa-4b7e-b7ba-ae56d9263f98,FIRST_ENROLLMENT_PAYMENT_DATE:EXACT_OR_PRIOR
2bc201a6-4c7f-402c-9ed1-a2310ae79d3c|ENROLLMENT_FEE|25-26,2bc201a6-4c7f-402c-9ed1-a2310ae79d3c,25-26,ENROLLMENT_FEE,,,2000.00,2025-06-16,LEGACY_MIGRATION,ACTIVE,INS,dd3b4c8c-8a38-432f-80bd-4aea6ec9fbc2,FIRST_ENROLLMENT_PAYMENT_DATE:EXACT_OR_PRIOR
2e6b93f5-df65-49fd-8c38-d2325e1f2a4f|ENROLLMENT_FEE|25-26,2e6b93f5-df65-49fd-8c38-d2325e1f2a4f,25-26,ENROLLMENT_FEE,,,2500.00,2025-08-26,LEGACY_MIGRATION,ACTIVE,INS,de8c1fd6-cb71-498c-921e-ee83c9f23fe0,FIRST_ENROLLMENT_PAYMENT_DATE:FUTURE_FALLBACK
2fe35f28-fbab-491d-91b2-3d939e6b55bd|ENROLLMENT_FEE|25-26,2fe35f28-fbab-491d-91b2-3d939e6b55bd,25-26,ENROLLMENT_FEE,,,1100.00,2025-02-15,LEGACY_MIGRATION,ACTIVE,INS,0d719067-6831-49c0-ba67-becd3a9f8278,FIRST_ENROLLMENT_PAYMENT_DATE:EXACT_OR_PRIOR
317e5fd7-d8e6-4476-b348-a0a726649924|ENROLLMENT_FEE|25-26,317e5fd7-d8e6-4476-b348-a0a726649924,25-26,ENROLLMENT_FEE,,,2500.00,2025-08-07,LEGACY_MIGRATION,ACTIVE,INS,84868e52-762b-4e5b-b541-d953b22d7933,FIRST_ENROLLMENT_PAYMENT_DATE:FUTURE_FALLBACK
3523dbd3-f616-4c1d-9a52-db64d88e0b23|ENROLLMENT_FEE|25-26,3523dbd3-f616-4c1d-9a52-db64d88e0b23,25-26,ENROLLMENT_FEE,,,1100.00,2025-02-15,LEGACY_MIGRATION,ACTIVE,INS,0314a097-5857-401e-8e25-41bb1fe69021,FIRST_ENROLLMENT_PAYMENT_DATE:EXACT_OR_PRIOR
37b6c311-9c1a-461e-a70b-d93557cdbc0d|ENROLLMENT_FEE|25-26,37b6c311-9c1a-461e-a70b-d93557cdbc0d,25-26,ENROLLMENT_FEE,,,2500.00,2025-06-15,LEGACY_MIGRATION,ACTIVE,INS,,VERIFIED_HISTORICAL_OVERRIDE
3f41b6c5-35cb-41d3-a974-762ad0f1c7f3|ENROLLMENT_FEE|25-26,3f41b6c5-35cb-41d3-a974-762ad0f1c7f3,25-26,ENROLLMENT_FEE,,,2500.00,2025-11-04,LEGACY_MIGRATION,ACTIVE,INS,4e5cfdea-b9ff-47d4-ac59-2eb5f8354dc1,FIRST_ENROLLMENT_PAYMENT_DATE:EXACT_OR_PRIOR
3f6663d7-9b89-4ea2-9f06-5035caff6390|ENROLLMENT_FEE|25-26,3f6663d7-9b89-4ea2-9f06-5035caff6390,25-26,ENROLLMENT_FEE,,,2500.00,2025-08-26,LEGACY_MIGRATION,ACTIVE,INS,35fa272a-83ce-43e0-8537-b83e715e380f,FIRST_ENROLLMENT_PAYMENT_DATE:FUTURE_FALLBACK
40dc866f-fce4-4635-bf68-fa98f8b87c6e|ENROLLMENT_FEE|25-26,40dc866f-fce4-4635-bf68-fa98f8b87c6e,25-26,ENROLLMENT_FEE,,,2500.00,2025-09-01,LEGACY_MIGRATION,ACTIVE,INS,000b6426-6a90-41bc-9def-9fd729e6df5c,FIRST_ENROLLMENT_PAYMENT_DATE:EXACT_OR_PRIOR
4f28d56c-a1e3-4052-87a3-ecd1d9b0d5b6|ENROLLMENT_FEE|25-26,4f28d56c-a1e3-4052-87a3-ecd1d9b0d5b6,25-26,ENROLLMENT_FEE,,,2000.00,2025-09-15,LEGACY_MIGRATION,ACTIVE,INS,2af599d3-b29a-4d1f-bba0-95cedd150a08,FIRST_ENROLLMENT_PAYMENT_DATE:EXACT_OR_PRIOR
533aa94a-8eb8-436d-82ac-cb0d104f816e|ENROLLMENT_FEE|25-26,533aa94a-8eb8-436d-82ac-cb0d104f816e,25-26,ENROLLMENT_FEE,,,1100.00,2025-02-15,LEGACY_MIGRATION,ACTIVE,INS,95beb952-ce40-4412-b994-54d47109dea8,FIRST_ENROLLMENT_PAYMENT_DATE:EXACT_OR_PRIOR
54a3ac62-0b3d-4d6f-ae14-f7adec420285|ENROLLMENT_FEE|25-26,54a3ac62-0b3d-4d6f-ae14-f7adec420285,25-26,ENROLLMENT_FEE,,,2500.00,2025-09-05,LEGACY_MIGRATION,ACTIVE,INS,635c0ed2-a786-4fa5-9ec0-9e3f242a5165,DUE_DATE:EXACT_OR_PRIOR
562676d8-327a-4012-97e1-f0cfefc685b0|ENROLLMENT_FEE|25-26,562676d8-327a-4012-97e1-f0cfefc685b0,25-26,ENROLLMENT_FEE,,,1100.00,2025-02-05,LEGACY_MIGRATION,ACTIVE,INS,fa4fb19e-044f-471b-af15-12c1af6ffecc,FIRST_ENROLLMENT_PAYMENT_DATE:EXACT_OR_PRIOR
58676041-fe76-4791-9f8b-7bc1dad83cb8|ENROLLMENT_FEE|25-26,58676041-fe76-4791-9f8b-7bc1dad83cb8,25-26,ENROLLMENT_FEE,,,2400.00,2025-10-06,LEGACY_MIGRATION,ACTIVE,INS,93d23a6e-1eca-4e4a-bc39-864d9943a4d0,FIRST_ENROLLMENT_PAYMENT_DATE:EXACT_OR_PRIOR
58d1397f-6c2f-4806-874f-04e5ac218830|ENROLLMENT_FEE|25-26,58d1397f-6c2f-4806-874f-04e5ac218830,25-26,ENROLLMENT_FEE,,,2500.00,2025-09-05,LEGACY_MIGRATION,ACTIVE,INS,9a342cce-21d9-4148-aa81-001a39e63450,DUE_DATE:EXACT_OR_PRIOR
58f5f801-a774-4b45-8960-aec7b7127187|ENROLLMENT_FEE|25-26,58f5f801-a774-4b45-8960-aec7b7127187,25-26,ENROLLMENT_FEE,,,2500.00,2025-09-01,LEGACY_MIGRATION,ACTIVE,INS,ed08d1e3-4963-43fb-95d6-1d54db3b072b,FIRST_ENROLLMENT_PAYMENT_DATE:EXACT_OR_PRIOR
5af22e45-f9f7-4577-b07b-7ce4a7940329|ENROLLMENT_FEE|25-26,5af22e45-f9f7-4577-b07b-7ce4a7940329,25-26,ENROLLMENT_FEE,,,1100.00,2025-02-19,LEGACY_MIGRATION,ACTIVE,INS,28c62c51-2658-43e3-b8fc-b4d00fecb16d,FIRST_ENROLLMENT_PAYMENT_DATE:EXACT_OR_PRIOR
5b6f10bf-24ec-4e49-8839-dbf02ee4cd75|ENROLLMENT_FEE|25-26,5b6f10bf-24ec-4e49-8839-dbf02ee4cd75,25-26,ENROLLMENT_FEE,,,1100.00,2025-02-26,LEGACY_MIGRATION,ACTIVE,INS,505d64b5-1f13-4d97-83fd-c16e02548d47,FIRST_ENROLLMENT_PAYMENT_DATE:EXACT_OR_PRIOR
5cb7777e-5664-4929-b875-cddff5a7c18c|ENROLLMENT_FEE|25-26,5cb7777e-5664-4929-b875-cddff5a7c18c,25-26,ENROLLMENT_FEE,,,2500.00,2025-09-01,LEGACY_MIGRATION,ACTIVE,INS,f067c448-7dfa-4464-9d39-9c121b37611a,FIRST_ENROLLMENT_PAYMENT_DATE:EXACT_OR_PRIOR
61565b9f-a82a-49cf-aa9f-3e7df8d7889c|ENROLLMENT_FEE|25-26,61565b9f-a82a-49cf-aa9f-3e7df8d7889c,25-26,ENROLLMENT_FEE,,,2500.00,2025-09-05,LEGACY_MIGRATION,ACTIVE,INS,566b9cb8-9eb0-4351-aa1c-090453f7208f,DUE_DATE:EXACT_OR_PRIOR
61ed3b0d-3542-46bc-a02d-4f73b36cffd3|ENROLLMENT_FEE|25-26,61ed3b0d-3542-46bc-a02d-4f73b36cffd3,25-26,ENROLLMENT_FEE,,,1100.00,2025-02-05,LEGACY_MIGRATION,ACTIVE,INS,f5ab2f57-c27d-40ef-91a2-898b90f809d4,FIRST_ENROLLMENT_PAYMENT_DATE:EXACT_OR_PRIOR
64b7b8c4-c418-4b27-8aa7-31c44d2850f4|ENROLLMENT_FEE|25-26,64b7b8c4-c418-4b27-8aa7-31c44d2850f4,25-26,ENROLLMENT_FEE,,,2500.00,2025-09-18,LEGACY_MIGRATION,ACTIVE,INS,5fdbde3f-de5d-4e98-9637-868d32ab12a3,FIRST_ENROLLMENT_PAYMENT_DATE:EXACT_OR_PRIOR
6539fe6a-8f3f-4a06-aa20-dbb71a0a4ccb|ENROLLMENT_FEE|25-26,6539fe6a-8f3f-4a06-aa20-dbb71a0a4ccb,25-26,ENROLLMENT_FEE,,,2500.00,2025-09-01,LEGACY_MIGRATION,ACTIVE,INS,0e63ec89-ab56-4789-8a3f-10072988d11c,FIRST_ENROLLMENT_PAYMENT_DATE:EXACT_OR_PRIOR
69450844-df68-4eb9-a465-967c31417074|ENROLLMENT_FEE|25-26,69450844-df68-4eb9-a465-967c31417074,25-26,ENROLLMENT_FEE,,,1100.00,2025-02-05,LEGACY_MIGRATION,ACTIVE,INS,10a06f3e-dcd5-41ca-9943-f5a84959ab61,FIRST_ENROLLMENT_PAYMENT_DATE:EXACT_OR_PRIOR
6a9b25d0-e6e4-4cf2-94ef-4ba0a59c5b2d|ENROLLMENT_FEE|25-26,6a9b25d0-e6e4-4cf2-94ef-4ba0a59c5b2d,25-26,ENROLLMENT_FEE,,,1100.00,2025-02-05,LEGACY_MIGRATION,ACTIVE,INS,6a38b99e-df68-40f9-89a6-3c7fc8069f34,FIRST_ENROLLMENT_PAYMENT_DATE:EXACT_OR_PRIOR
6d484f92-07ed-4ef5-acde-ed43c7314527|ENROLLMENT_FEE|25-26,6d484f92-07ed-4ef5-acde-ed43c7314527,25-26,ENROLLMENT_FEE,,,2500.00,2025-09-15,LEGACY_MIGRATION,ACTIVE,INS,c8dfc9e2-0ad9-4d03-a028-a9887b3fa26e,FIRST_ENROLLMENT_PAYMENT_DATE:EXACT_OR_PRIOR
6f2f8410-2704-4938-8538-21edb5b8221a|ENROLLMENT_FEE|25-26,6f2f8410-2704-4938-8538-21edb5b8221a,25-26,ENROLLMENT_FEE,,,1100.00,2025-02-05,LEGACY_MIGRATION,ACTIVE,INS,2cc59039-2c1d-4f38-957a-e31b41af37b8,FIRST_ENROLLMENT_PAYMENT_DATE:EXACT_OR_PRIOR
7392fe19-c6bd-489a-9cf5-3f6861139603|ENROLLMENT_FEE|25-26,7392fe19-c6bd-489a-9cf5-3f6861139603,25-26,ENROLLMENT_FEE,,,1000.00,2025-09-05,LEGACY_MIGRATION,ACTIVE,INS,,VERIFIED_HISTORICAL_OVERRIDE
7babc8a8-10d3-41e2-bb40-868a18dc2300|ENROLLMENT_FEE|25-26,7babc8a8-10d3-41e2-bb40-868a18dc2300,25-26,ENROLLMENT_FEE,,,2500.00,2025-10-03,LEGACY_MIGRATION,ACTIVE,INS,b0fae4f9-77b6-4aeb-aaab-5b326995bd9a,FIRST_ENROLLMENT_PAYMENT_DATE:EXACT_OR_PRIOR
81db6f65-f0d0-45e2-93d7-8d0e5c3dc56a|ENROLLMENT_FEE|25-26,81db6f65-f0d0-45e2-93d7-8d0e5c3dc56a,25-26,ENROLLMENT_FEE,,,1100.00,2025-02-05,LEGACY_MIGRATION,ACTIVE,INS,2899d873-77b7-44c9-a8e2-701e8e3aa018,FIRST_ENROLLMENT_PAYMENT_DATE:EXACT_OR_PRIOR
83744ef9-a5f4-4c6a-9c81-a6ea4f9507cf|ENROLLMENT_FEE|25-26,83744ef9-a5f4-4c6a-9c81-a6ea4f9507cf,25-26,ENROLLMENT_FEE,,,2500.00,2025-09-01,LEGACY_MIGRATION,ACTIVE,INS,559f8a32-398e-45ff-a07d-636eaf000ce8,FIRST_ENROLLMENT_PAYMENT_DATE:EXACT_OR_PRIOR
845acc82-5357-4263-a24c-e03f7ea60a49|ENROLLMENT_FEE|25-26,845acc82-5357-4263-a24c-e03f7ea60a49,25-26,ENROLLMENT_FEE,,,1100.00,2025-02-27,LEGACY_MIGRATION,ACTIVE,INS,9c526663-5708-4a0f-9ef7-065ea2cdd686,FIRST_ENROLLMENT_PAYMENT_DATE:EXACT_OR_PRIOR
8d1da005-457e-4b91-b44a-605b0ca3c47a|ENROLLMENT_FEE|25-26,8d1da005-457e-4b91-b44a-605b0ca3c47a,25-26,ENROLLMENT_FEE,,,2400.00,2025-09-01,LEGACY_MIGRATION,ACTIVE,INS,1df4cb7f-ff8d-45b8-ba3b-9e937bfbd5c1,FIRST_ENROLLMENT_PAYMENT_DATE:EXACT_OR_PRIOR
95149f3e-bf90-4279-8471-a562bd517960|ENROLLMENT_FEE|25-26,95149f3e-bf90-4279-8471-a562bd517960,25-26,ENROLLMENT_FEE,,,2500.00,2025-09-01,LEGACY_MIGRATION,ACTIVE,INS,ed4e1a90-c9f2-4448-80f8-eabc3ab9a9f1,FIRST_ENROLLMENT_PAYMENT_DATE:EXACT_OR_PRIOR
9ace76f4-cf42-4715-ba18-951ec5af9103|ENROLLMENT_FEE|25-26,9ace76f4-cf42-4715-ba18-951ec5af9103,25-26,ENROLLMENT_FEE,,,1000.00,2026-01-27,LEGACY_MIGRATION,ACTIVE,INS,a91cd725-66b1-445a-83d2-02c0bf2e151c,FIRST_ENROLLMENT_PAYMENT_DATE:EXACT_OR_PRIOR
a289cbad-dbdb-4e9c-8afd-aeef6bbd7fcb|ENROLLMENT_FEE|25-26,a289cbad-dbdb-4e9c-8afd-aeef6bbd7fcb,25-26,ENROLLMENT_FEE,,,1100.00,2025-09-05,LEGACY_MIGRATION,ACTIVE,INS,3c178cc7-2e48-4026-a480-9627fc956524,FIRST_ENROLLMENT_PAYMENT_DATE:EXACT_OR_PRIOR
a4c9cada-bb7c-4116-8091-8b3e944aba30|ENROLLMENT_FEE|25-26,a4c9cada-bb7c-4116-8091-8b3e944aba30,25-26,ENROLLMENT_FEE,,,2500.00,2025-09-01,LEGACY_MIGRATION,ACTIVE,INS,bc96a334-b423-4c07-afe2-9c2e32412aa3,FIRST_ENROLLMENT_PAYMENT_DATE:EXACT_OR_PRIOR
a6b37970-a2fa-4a7b-8b11-d3e5151b40b3|ENROLLMENT_FEE|25-26,a6b37970-a2fa-4a7b-8b11-d3e5151b40b3,25-26,ENROLLMENT_FEE,,,2500.00,2025-09-01,LEGACY_MIGRATION,ACTIVE,INS,ebb2721f-edab-4a94-89bb-25f9fddc664a,FIRST_ENROLLMENT_PAYMENT_DATE:EXACT_OR_PRIOR
a71be5b5-f484-434a-912c-d679234166b5|ENROLLMENT_FEE|25-26,a71be5b5-f484-434a-912c-d679234166b5,25-26,ENROLLMENT_FEE,,,2500.00,2025-09-01,LEGACY_MIGRATION,ACTIVE,INS,52f1e6e5-036a-4ab2-93a8-19631d8be17d,FIRST_ENROLLMENT_PAYMENT_DATE:EXACT_OR_PRIOR
a8144361-4bce-487c-bc3a-949391e8d895|ENROLLMENT_FEE|25-26,a8144361-4bce-487c-bc3a-949391e8d895,25-26,ENROLLMENT_FEE,,,1100.00,2025-02-27,LEGACY_MIGRATION,ACTIVE,INS,4f80bae6-b058-47e6-b03c-a13f83632f11,FIRST_ENROLLMENT_PAYMENT_DATE:EXACT_OR_PRIOR
abea3641-4bdf-451a-8710-fa95ab34cab7|ENROLLMENT_FEE|25-26,abea3641-4bdf-451a-8710-fa95ab34cab7,25-26,ENROLLMENT_FEE,,,2500.00,2025-09-05,LEGACY_MIGRATION,ACTIVE,INS,cc40fe7d-b853-47ef-8c12-a949a243b9f4,FIRST_ENROLLMENT_PAYMENT_DATE:EXACT_OR_PRIOR
ade9cbc4-6693-4456-b351-ef101774e7e4|ENROLLMENT_FEE|25-26,ade9cbc4-6693-4456-b351-ef101774e7e4,25-26,ENROLLMENT_FEE,,,2500.00,2025-09-05,LEGACY_MIGRATION,ACTIVE,INS,9acb2abb-f3bf-47a2-9951-03118fd4fd24,DUE_DATE:EXACT_OR_PRIOR
ae5f806a-46b0-4a53-8eb3-9a5dd3e9d0dd|ENROLLMENT_FEE|25-26,ae5f806a-46b0-4a53-8eb3-9a5dd3e9d0dd,25-26,ENROLLMENT_FEE,,,1100.00,2025-02-05,LEGACY_MIGRATION,ACTIVE,INS,8e58c79f-c8d3-4d0a-8c4a-5ee7529c0fe2,FIRST_ENROLLMENT_PAYMENT_DATE:EXACT_OR_PRIOR
afa0658f-b7b9-4fb1-997b-0e0fcf93b4e1|ENROLLMENT_FEE|25-26,afa0658f-b7b9-4fb1-997b-0e0fcf93b4e1,25-26,ENROLLMENT_FEE,,,1100.00,2024-02-28,LEGACY_MIGRATION,ACTIVE,INS,,VERIFIED_HISTORICAL_OVERRIDE
b032b2a8-6144-4f39-8707-e4b41330b9d8|ENROLLMENT_FEE|25-26,b032b2a8-6144-4f39-8707-e4b41330b9d8,25-26,ENROLLMENT_FEE,,,2500.00,2025-09-05,LEGACY_MIGRATION,ACTIVE,INS,384b5652-e2d2-45f7-ac53-6b8bcb010c25,DUE_DATE:EXACT_OR_PRIOR
b7f24e9c-6a1d-4b5a-9b34-c72abe5f4c40|ENROLLMENT_FEE|25-26,b7f24e9c-6a1d-4b5a-9b34-c72abe5f4c40,25-26,ENROLLMENT_FEE,,,1000.00,2025-09-05,LEGACY_MIGRATION,ACTIVE,INS,,VERIFIED_HISTORICAL_OVERRIDE
bcb7ffd8-0cfa-449a-88d5-626f505cb19c|ENROLLMENT_FEE|25-26,bcb7ffd8-0cfa-449a-88d5-626f505cb19c,25-26,ENROLLMENT_FEE,,,1000.00,2026-02-03,LEGACY_MIGRATION,ACTIVE,INS,,VERIFIED_HISTORICAL_OVERRIDE
bfce22f5-d7f1-4b93-8fc1-eb5907831b0c|ENROLLMENT_FEE|25-26,bfce22f5-d7f1-4b93-8fc1-eb5907831b0c,25-26,ENROLLMENT_FEE,,,2000.00,2025-09-24,LEGACY_MIGRATION,ACTIVE,INS,c21d4877-be02-4e01-9260-0bb3dea73df3,FIRST_ENROLLMENT_PAYMENT_DATE:EXACT_OR_PRIOR
c94e75bd-f940-4e2f-a9b3-2d1dc8ad0554|ENROLLMENT_FEE|25-26,c94e75bd-f940-4e2f-a9b3-2d1dc8ad0554,25-26,ENROLLMENT_FEE,,,2500.00,2025-09-02,LEGACY_MIGRATION,ACTIVE,INS,25d33bae-08e8-47b5-ada8-694fdd838d22,FIRST_ENROLLMENT_PAYMENT_DATE:EXACT_OR_PRIOR
d08fe665-bb14-41a1-b1b8-902320280075|ENROLLMENT_FEE|25-26,d08fe665-bb14-41a1-b1b8-902320280075,25-26,ENROLLMENT_FEE,,,2000.00,2025-06-20,LEGACY_MIGRATION,ACTIVE,INS,f2d95cfa-8f33-475f-8647-f16260d4a7df,FIRST_ENROLLMENT_PAYMENT_DATE:EXACT_OR_PRIOR
d81e498e-7690-4676-9957-8b832ccf8ea0|ENROLLMENT_FEE|25-26,d81e498e-7690-4676-9957-8b832ccf8ea0,25-26,ENROLLMENT_FEE,,,2500.00,2025-09-30,LEGACY_MIGRATION,ACTIVE,INS,5457b412-9f54-408f-b045-8d6ca3ff63fb,FIRST_ENROLLMENT_PAYMENT_DATE:EXACT_OR_PRIOR
d8b23e94-04f7-4eed-9748-9c90f9758257|ENROLLMENT_FEE|25-26,d8b23e94-04f7-4eed-9748-9c90f9758257,25-26,ENROLLMENT_FEE,,,2400.00,2025-09-17,LEGACY_MIGRATION,ACTIVE,INS,8756b21b-9b36-430e-bb0b-ff3380c91d32,FIRST_ENROLLMENT_PAYMENT_DATE:EXACT_OR_PRIOR
df9c3a2b-804a-47bc-9b11-eb45575dad16|ENROLLMENT_FEE|25-26,df9c3a2b-804a-47bc-9b11-eb45575dad16,25-26,ENROLLMENT_FEE,,,1100.00,2025-02-05,LEGACY_MIGRATION,ACTIVE,INS,550b176a-596d-478b-81a5-38265b0ef84e,FIRST_ENROLLMENT_PAYMENT_DATE:EXACT_OR_PRIOR
e2808836-b027-41af-8918-de113abd6e4a|ENROLLMENT_FEE|25-26,e2808836-b027-41af-8918-de113abd6e4a,25-26,ENROLLMENT_FEE,,,2500.00,2025-09-01,LEGACY_MIGRATION,ACTIVE,INS,6366b212-f1e7-44a1-8e7a-163a142d3e5e,FIRST_ENROLLMENT_PAYMENT_DATE:EXACT_OR_PRIOR
e3a81bd9-718d-4a32-8722-37f4723b7edc|ENROLLMENT_FEE|25-26,e3a81bd9-718d-4a32-8722-37f4723b7edc,25-26,ENROLLMENT_FEE,,,2500.00,2025-09-05,LEGACY_MIGRATION,ACTIVE,INS,4762070a-4953-45bc-818a-7853477b1e1c,DUE_DATE:EXACT_OR_PRIOR
e57db8cf-8012-4fa3-b822-41d98008dc00|ENROLLMENT_FEE|25-26,e57db8cf-8012-4fa3-b822-41d98008dc00,25-26,ENROLLMENT_FEE,,,1100.00,2025-02-15,LEGACY_MIGRATION,ACTIVE,INS,80ecad9a-becf-4726-bbbb-6c6ed42a6317,FIRST_ENROLLMENT_PAYMENT_DATE:EXACT_OR_PRIOR
e5a7742b-06e9-4add-a1c7-4049a93b2b75|ENROLLMENT_FEE|25-26,e5a7742b-06e9-4add-a1c7-4049a93b2b75,25-26,ENROLLMENT_FEE,,,1100.00,2025-02-05,LEGACY_MIGRATION,ACTIVE,INS,8498cd36-b12b-44f9-9c66-40f5a650fda2,FIRST_ENROLLMENT_PAYMENT_DATE:EXACT_OR_PRIOR
ea4ba647-d045-4e06-ae83-397c1aa0fb8d|ENROLLMENT_FEE|25-26,ea4ba647-d045-4e06-ae83-397c1aa0fb8d,25-26,ENROLLMENT_FEE,,,1100.00,2025-02-14,LEGACY_MIGRATION,ACTIVE,INS,2a108665-6f4c-49e2-a138-4abae2c6643d,FIRST_ENROLLMENT_PAYMENT_DATE:EXACT_OR_PRIOR
eb5427dd-f41c-4408-8815-26493a90c351|ENROLLMENT_FEE|25-26,eb5427dd-f41c-4408-8815-26493a90c351,25-26,ENROLLMENT_FEE,,,2500.00,2025-09-01,LEGACY_MIGRATION,ACTIVE,INS,20323dcd-7ea2-4f0c-a7f6-bd913cf62e89,FIRST_ENROLLMENT_PAYMENT_DATE:EXACT_OR_PRIOR
edd2b7ac-5bca-4650-8c2e-75f65e70849f|ENROLLMENT_FEE|25-26,edd2b7ac-5bca-4650-8c2e-75f65e70849f,25-26,ENROLLMENT_FEE,,,1100.00,2025-02-05,LEGACY_MIGRATION,ACTIVE,INS,99323586-42dd-43ed-b4de-15875bc01c85,FIRST_ENROLLMENT_PAYMENT_DATE:EXACT_OR_PRIOR
f0fe1f2d-d8f7-4f5d-b713-d15b3cc1f577|ENROLLMENT_FEE|25-26,f0fe1f2d-d8f7-4f5d-b713-d15b3cc1f577,25-26,ENROLLMENT_FEE,,,2500.00,2025-09-01,LEGACY_MIGRATION,ACTIVE,INS,ea39784a-4680-40de-b5aa-a4323b65873d,FIRST_ENROLLMENT_PAYMENT_DATE:EXACT_OR_PRIOR
f425a981-e85a-4cb0-95a0-1de810c18a53|ENROLLMENT_FEE|25-26,f425a981-e85a-4cb0-95a0-1de810c18a53,25-26,ENROLLMENT_FEE,,,2500.00,2025-09-04,LEGACY_MIGRATION,ACTIVE,INS,e0eebc64-7657-4523-9a54-257d52ffbfef,FIRST_ENROLLMENT_PAYMENT_DATE:EXACT_OR_PRIOR
f55dbff7-6831-4d96-8262-f103ccf4bd43|ENROLLMENT_FEE|25-26,f55dbff7-6831-4d96-8262-f103ccf4bd43,25-26,ENROLLMENT_FEE,,,2400.00,2025-02-25,LEGACY_MIGRATION,ACTIVE,INS,,VERIFIED_HISTORICAL_OVERRIDE
f5bb300e-d8ed-4cca-b176-cb11e46338bd|ENROLLMENT_FEE|25-26,f5bb300e-d8ed-4cca-b176-cb11e46338bd,25-26,ENROLLMENT_FEE,,,1100.00,2025-02-05,LEGACY_MIGRATION,ACTIVE,INS,ab94d169-5ecd-4c3c-9ea1-a72b137ddd34,FIRST_ENROLLMENT_PAYMENT_DATE:EXACT_OR_PRIOR
f618e808-f64d-40f7-ac44-d3b6ddc0f0a7|ENROLLMENT_FEE|25-26,f618e808-f64d-40f7-ac44-d3b6ddc0f0a7,25-26,ENROLLMENT_FEE,,,2500.00,2025-09-01,LEGACY_MIGRATION,ACTIVE,INS,80fa8f83-fd7e-450f-8072-39503735e987,FIRST_ENROLLMENT_PAYMENT_DATE:EXACT_OR_PRIOR
fa437269-6375-40e4-87dc-f133c454a67b|ENROLLMENT_FEE|25-26,fa437269-6375-40e4-87dc-f133c454a67b,25-26,ENROLLMENT_FEE,,,1100.00,2025-02-10,LEGACY_MIGRATION,ACTIVE,INS,5e74737b-ba83-4a91-885f-f49c3c617b0f,FIRST_ENROLLMENT_PAYMENT_DATE:EXACT_OR_PRIOR
fdee6234-bf6d-4d45-bbd4-731a1c453987|ENROLLMENT_FEE|25-26,fdee6234-bf6d-4d45-bbd4-731a1c453987,25-26,ENROLLMENT_FEE,,,1100.00,2025-02-15,LEGACY_MIGRATION,ACTIVE,INS,526ec4b4-d763-48b6-90ba-a90106533749,FIRST_ENROLLMENT_PAYMENT_DATE:EXACT_OR_PRIOR
00fca4aa-70ed-464e-822f-6272cba1d93e|TUITION|2025-09,00fca4aa-70ed-464e-822f-6272cba1d93e,25-26,TUITION,2025.0,9.0,1400.00,2025-09-05,LEGACY_MIGRATION,ACTIVE,SEP,3814001c-ad8d-4b3d-95a5-18e85466df76,EXACT_OR_PRIOR
00fca4aa-70ed-464e-822f-6272cba1d93e|TUITION|2025-10,00fca4aa-70ed-464e-822f-6272cba1d93e,25-26,TUITION,2025.0,10.0,1400.00,2025-10-05,LEGACY_MIGRATION,ACTIVE,OCT,3814001c-ad8d-4b3d-95a5-18e85466df76,EXACT_OR_PRIOR
00fca4aa-70ed-464e-822f-6272cba1d93e|TUITION|2025-11,00fca4aa-70ed-464e-822f-6272cba1d93e,25-26,TUITION,2025.0,11.0,1400.00,2025-11-05,LEGACY_MIGRATION,ACTIVE,NOV,3814001c-ad8d-4b3d-95a5-18e85466df76,EXACT_OR_PRIOR
00fca4aa-70ed-464e-822f-6272cba1d93e|TUITION|2025-12,00fca4aa-70ed-464e-822f-6272cba1d93e,25-26,TUITION,2025.0,12.0,1400.00,2025-12-05,LEGACY_MIGRATION,ACTIVE,DIC/JUL,3814001c-ad8d-4b3d-95a5-18e85466df76,EXACT_OR_PRIOR
00fca4aa-70ed-464e-822f-6272cba1d93e|TUITION|2026-07,00fca4aa-70ed-464e-822f-6272cba1d93e,25-26,TUITION,2026.0,7.0,1400.00,2025-12-05,LEGACY_MIGRATION,ACTIVE,DIC/JUL,3814001c-ad8d-4b3d-95a5-18e85466df76,EXACT_OR_PRIOR
00fca4aa-70ed-464e-822f-6272cba1d93e|TUITION|2026-01,00fca4aa-70ed-464e-822f-6272cba1d93e,25-26,TUITION,2026.0,1.0,1400.00,2026-01-05,LEGACY_MIGRATION,ACTIVE,ENE,3814001c-ad8d-4b3d-95a5-18e85466df76,EXACT_OR_PRIOR
00fca4aa-70ed-464e-822f-6272cba1d93e|TUITION|2026-02,00fca4aa-70ed-464e-822f-6272cba1d93e,25-26,TUITION,2026.0,2.0,1400.00,2026-02-05,LEGACY_MIGRATION,ACTIVE,FEB,3814001c-ad8d-4b3d-95a5-18e85466df76,EXACT_OR_PRIOR
00fca4aa-70ed-464e-822f-6272cba1d93e|TUITION|2026-03,00fca4aa-70ed-464e-822f-6272cba1d93e,25-26,TUITION,2026.0,3.0,1400.00,2026-03-05,LEGACY_MIGRATION,ACTIVE,MAR/AGO,3814001c-ad8d-4b3d-95a5-18e85466df76,EXACT_OR_PRIOR
00fca4aa-70ed-464e-822f-6272cba1d93e|TUITION|2026-08,00fca4aa-70ed-464e-822f-6272cba1d93e,25-26,TUITION,2026.0,8.0,1400.00,2026-03-05,LEGACY_MIGRATION,ACTIVE,MAR/AGO,3814001c-ad8d-4b3d-95a5-18e85466df76,EXACT_OR_PRIOR
00fca4aa-70ed-464e-822f-6272cba1d93e|TUITION|2026-04,00fca4aa-70ed-464e-822f-6272cba1d93e,25-26,TUITION,2026.0,4.0,1400.00,2026-04-05,LEGACY_MIGRATION,ACTIVE,ABR,3814001c-ad8d-4b3d-95a5-18e85466df76,EXACT_OR_PRIOR
00fca4aa-70ed-464e-822f-6272cba1d93e|TUITION|2026-05,00fca4aa-70ed-464e-822f-6272cba1d93e,25-26,TUITION,2026.0,5.0,1400.00,2026-05-05,LEGACY_MIGRATION,ACTIVE,MAY,3814001c-ad8d-4b3d-95a5-18e85466df76,EXACT_OR_PRIOR
00fca4aa-70ed-464e-822f-6272cba1d93e|TUITION|2026-06,00fca4aa-70ed-464e-822f-6272cba1d93e,25-26,TUITION,2026.0,6.0,1400.00,2026-06-05,LEGACY_MIGRATION,ACTIVE,JUN,3814001c-ad8d-4b3d-95a5-18e85466df76,EXACT_OR_PRIOR
02b5e8d1-89fb-4a1d-a9d3-58817df86b24|TUITION|2025-09,02b5e8d1-89fb-4a1d-a9d3-58817df86b24,25-26,TUITION,2025.0,9.0,1600.00,2025-09-05,LEGACY_MIGRATION,ACTIVE,SEP,b5a2f758-b507-47f1-9acf-40d4fdbfe45a,EXACT_OR_PRIOR
02b5e8d1-89fb-4a1d-a9d3-58817df86b24|TUITION|2025-10,02b5e8d1-89fb-4a1d-a9d3-58817df86b24,25-26,TUITION,2025.0,10.0,1600.00,2025-10-05,LEGACY_MIGRATION,ACTIVE,OCT,b5a2f758-b507-47f1-9acf-40d4fdbfe45a,EXACT_OR_PRIOR
02b5e8d1-89fb-4a1d-a9d3-58817df86b24|TUITION|2025-11,02b5e8d1-89fb-4a1d-a9d3-58817df86b24,25-26,TUITION,2025.0,11.0,1600.00,2025-11-05,LEGACY_MIGRATION,ACTIVE,NOV,b5a2f758-b507-47f1-9acf-40d4fdbfe45a,EXACT_OR_PRIOR
02b5e8d1-89fb-4a1d-a9d3-58817df86b24|TUITION|2025-12,02b5e8d1-89fb-4a1d-a9d3-58817df86b24,25-26,TUITION,2025.0,12.0,1600.00,2025-12-05,LEGACY_MIGRATION,ACTIVE,DIC/JUL,b5a2f758-b507-47f1-9acf-40d4fdbfe45a,EXACT_OR_PRIOR
02b5e8d1-89fb-4a1d-a9d3-58817df86b24|TUITION|2026-07,02b5e8d1-89fb-4a1d-a9d3-58817df86b24,25-26,TUITION,2026.0,7.0,1600.00,2025-12-05,LEGACY_MIGRATION,ACTIVE,DIC/JUL,b5a2f758-b507-47f1-9acf-40d4fdbfe45a,EXACT_OR_PRIOR
02b5e8d1-89fb-4a1d-a9d3-58817df86b24|TUITION|2026-01,02b5e8d1-89fb-4a1d-a9d3-58817df86b24,25-26,TUITION,2026.0,1.0,1600.00,2026-01-05,LEGACY_MIGRATION,ACTIVE,ENE,b5a2f758-b507-47f1-9acf-40d4fdbfe45a,EXACT_OR_PRIOR
02b5e8d1-89fb-4a1d-a9d3-58817df86b24|TUITION|2026-02,02b5e8d1-89fb-4a1d-a9d3-58817df86b24,25-26,TUITION,2026.0,2.0,1600.00,2026-02-05,LEGACY_MIGRATION,ACTIVE,FEB,b5a2f758-b507-47f1-9acf-40d4fdbfe45a,EXACT_OR_PRIOR
02b5e8d1-89fb-4a1d-a9d3-58817df86b24|TUITION|2026-03,02b5e8d1-89fb-4a1d-a9d3-58817df86b24,25-26,TUITION,2026.0,3.0,1600.00,2026-03-05,LEGACY_MIGRATION,ACTIVE,MAR/AGO,b5a2f758-b507-47f1-9acf-40d4fdbfe45a,EXACT_OR_PRIOR
02b5e8d1-89fb-4a1d-a9d3-58817df86b24|TUITION|2026-08,02b5e8d1-89fb-4a1d-a9d3-58817df86b24,25-26,TUITION,2026.0,8.0,1600.00,2026-03-05,LEGACY_MIGRATION,ACTIVE,MAR/AGO,b5a2f758-b507-47f1-9acf-40d4fdbfe45a,EXACT_OR_PRIOR
02b5e8d1-89fb-4a1d-a9d3-58817df86b24|TUITION|2026-04,02b5e8d1-89fb-4a1d-a9d3-58817df86b24,25-26,TUITION,2026.0,4.0,1600.00,2026-04-05,LEGACY_MIGRATION,ACTIVE,ABR,b5a2f758-b507-47f1-9acf-40d4fdbfe45a,EXACT_OR_PRIOR
02b5e8d1-89fb-4a1d-a9d3-58817df86b24|TUITION|2026-05,02b5e8d1-89fb-4a1d-a9d3-58817df86b24,25-26,TUITION,2026.0,5.0,1600.00,2026-05-05,LEGACY_MIGRATION,ACTIVE,MAY,b5a2f758-b507-47f1-9acf-40d4fdbfe45a,EXACT_OR_PRIOR
02b5e8d1-89fb-4a1d-a9d3-58817df86b24|TUITION|2026-06,02b5e8d1-89fb-4a1d-a9d3-58817df86b24,25-26,TUITION,2026.0,6.0,1600.00,2026-06-05,LEGACY_MIGRATION,ACTIVE,JUN,b5a2f758-b507-47f1-9acf-40d4fdbfe45a,EXACT_OR_PRIOR
0489bdaf-c632-4a1f-9b8e-85dba33a74b0|TUITION|2025-09,0489bdaf-c632-4a1f-9b8e-85dba33a74b0,25-26,TUITION,2025.0,9.0,1100.00,2025-09-05,LEGACY_MIGRATION,ACTIVE,SEP,5a36e575-cb6b-4b9a-8373-b71d21403add,EXACT_OR_PRIOR
0489bdaf-c632-4a1f-9b8e-85dba33a74b0|TUITION|2025-10,0489bdaf-c632-4a1f-9b8e-85dba33a74b0,25-26,TUITION,2025.0,10.0,1100.00,2025-10-05,LEGACY_MIGRATION,ACTIVE,OCT,5a36e575-cb6b-4b9a-8373-b71d21403add,EXACT_OR_PRIOR
0489bdaf-c632-4a1f-9b8e-85dba33a74b0|TUITION|2025-11,0489bdaf-c632-4a1f-9b8e-85dba33a74b0,25-26,TUITION,2025.0,11.0,1100.00,2025-11-05,LEGACY_MIGRATION,ACTIVE,NOV,5a36e575-cb6b-4b9a-8373-b71d21403add,EXACT_OR_PRIOR
0489bdaf-c632-4a1f-9b8e-85dba33a74b0|TUITION|2025-12,0489bdaf-c632-4a1f-9b8e-85dba33a74b0,25-26,TUITION,2025.0,12.0,1100.00,2025-12-05,LEGACY_MIGRATION,ACTIVE,DIC/JUL,5a36e575-cb6b-4b9a-8373-b71d21403add,EXACT_OR_PRIOR
0489bdaf-c632-4a1f-9b8e-85dba33a74b0|TUITION|2026-07,0489bdaf-c632-4a1f-9b8e-85dba33a74b0,25-26,TUITION,2026.0,7.0,1100.00,2025-12-05,LEGACY_MIGRATION,ACTIVE,DIC/JUL,5a36e575-cb6b-4b9a-8373-b71d21403add,EXACT_OR_PRIOR
05ea74c3-0d10-4956-90f5-22e05c155e58|TUITION|2025-09,05ea74c3-0d10-4956-90f5-22e05c155e58,25-26,TUITION,2025.0,9.0,1600.00,2025-09-05,LEGACY_MIGRATION,ACTIVE,SEP,c8e58b0f-9284-45a9-8f9f-8e4b653bb192,EXACT_OR_PRIOR
05ea74c3-0d10-4956-90f5-22e05c155e58|TUITION|2025-10,05ea74c3-0d10-4956-90f5-22e05c155e58,25-26,TUITION,2025.0,10.0,1600.00,2025-10-05,LEGACY_MIGRATION,ACTIVE,OCT,c8e58b0f-9284-45a9-8f9f-8e4b653bb192,EXACT_OR_PRIOR
05ea74c3-0d10-4956-90f5-22e05c155e58|TUITION|2025-11,05ea74c3-0d10-4956-90f5-22e05c155e58,25-26,TUITION,2025.0,11.0,1600.00,2025-11-05,LEGACY_MIGRATION,ACTIVE,NOV,c8e58b0f-9284-45a9-8f9f-8e4b653bb192,EXACT_OR_PRIOR
05ea74c3-0d10-4956-90f5-22e05c155e58|TUITION|2025-12,05ea74c3-0d10-4956-90f5-22e05c155e58,25-26,TUITION,2025.0,12.0,1600.00,2025-12-05,LEGACY_MIGRATION,ACTIVE,DIC/JUL,c8e58b0f-9284-45a9-8f9f-8e4b653bb192,EXACT_OR_PRIOR
05ea74c3-0d10-4956-90f5-22e05c155e58|TUITION|2026-07,05ea74c3-0d10-4956-90f5-22e05c155e58,25-26,TUITION,2026.0,7.0,1600.00,2025-12-05,LEGACY_MIGRATION,ACTIVE,DIC/JUL,c8e58b0f-9284-45a9-8f9f-8e4b653bb192,EXACT_OR_PRIOR
05ea74c3-0d10-4956-90f5-22e05c155e58|TUITION|2026-01,05ea74c3-0d10-4956-90f5-22e05c155e58,25-26,TUITION,2026.0,1.0,1600.00,2026-01-05,LEGACY_MIGRATION,ACTIVE,ENE,c8e58b0f-9284-45a9-8f9f-8e4b653bb192,EXACT_OR_PRIOR
05ea74c3-0d10-4956-90f5-22e05c155e58|TUITION|2026-02,05ea74c3-0d10-4956-90f5-22e05c155e58,25-26,TUITION,2026.0,2.0,1600.00,2026-02-05,LEGACY_MIGRATION,ACTIVE,FEB,c8e58b0f-9284-45a9-8f9f-8e4b653bb192,EXACT_OR_PRIOR
05ea74c3-0d10-4956-90f5-22e05c155e58|TUITION|2026-03,05ea74c3-0d10-4956-90f5-22e05c155e58,25-26,TUITION,2026.0,3.0,1600.00,2026-03-05,LEGACY_MIGRATION,ACTIVE,MAR/AGO,c8e58b0f-9284-45a9-8f9f-8e4b653bb192,EXACT_OR_PRIOR
05ea74c3-0d10-4956-90f5-22e05c155e58|TUITION|2026-08,05ea74c3-0d10-4956-90f5-22e05c155e58,25-26,TUITION,2026.0,8.0,1600.00,2026-03-05,LEGACY_MIGRATION,ACTIVE,MAR/AGO,c8e58b0f-9284-45a9-8f9f-8e4b653bb192,EXACT_OR_PRIOR
05ea74c3-0d10-4956-90f5-22e05c155e58|TUITION|2026-04,05ea74c3-0d10-4956-90f5-22e05c155e58,25-26,TUITION,2026.0,4.0,1600.00,2026-04-05,LEGACY_MIGRATION,ACTIVE,ABR,c8e58b0f-9284-45a9-8f9f-8e4b653bb192,EXACT_OR_PRIOR
05ea74c3-0d10-4956-90f5-22e05c155e58|TUITION|2026-05,05ea74c3-0d10-4956-90f5-22e05c155e58,25-26,TUITION,2026.0,5.0,1600.00,2026-05-05,LEGACY_MIGRATION,ACTIVE,MAY,c8e58b0f-9284-45a9-8f9f-8e4b653bb192,EXACT_OR_PRIOR
05ea74c3-0d10-4956-90f5-22e05c155e58|TUITION|2026-06,05ea74c3-0d10-4956-90f5-22e05c155e58,25-26,TUITION,2026.0,6.0,1600.00,2026-06-05,LEGACY_MIGRATION,ACTIVE,JUN,c8e58b0f-9284-45a9-8f9f-8e4b653bb192,EXACT_OR_PRIOR
061d5f0c-2ec0-4698-a862-38cdd50d237d|TUITION|2026-07,061d5f0c-2ec0-4698-a862-38cdd50d237d,25-26,TUITION,2026.0,7.0,1500.00,2025-12-05,LEGACY_MIGRATION,ACTIVE,DIC/JUL,691dd62d-0679-4ac2-96e8-0f327b4b29ae,FUTURE_FALLBACK
061d5f0c-2ec0-4698-a862-38cdd50d237d|TUITION|2026-08,061d5f0c-2ec0-4698-a862-38cdd50d237d,25-26,TUITION,2026.0,8.0,1500.00,2026-03-05,LEGACY_MIGRATION,ACTIVE,MAR/AGO,691dd62d-0679-4ac2-96e8-0f327b4b29ae,FUTURE_FALLBACK
061d5f0c-2ec0-4698-a862-38cdd50d237d|TUITION|2026-05,061d5f0c-2ec0-4698-a862-38cdd50d237d,25-26,TUITION,2026.0,5.0,1500.00,2026-05-05,LEGACY_MIGRATION,ACTIVE,MAY,691dd62d-0679-4ac2-96e8-0f327b4b29ae,EXACT_OR_PRIOR
061d5f0c-2ec0-4698-a862-38cdd50d237d|TUITION|2026-06,061d5f0c-2ec0-4698-a862-38cdd50d237d,25-26,TUITION,2026.0,6.0,1500.00,2026-06-05,LEGACY_MIGRATION,ACTIVE,JUN,691dd62d-0679-4ac2-96e8-0f327b4b29ae,EXACT_OR_PRIOR
07d3c06f-1b7d-4925-b8d6-cfb887acabb6|TUITION|2025-09,07d3c06f-1b7d-4925-b8d6-cfb887acabb6,25-26,TUITION,2025.0,9.0,1600.00,2025-09-05,LEGACY_MIGRATION,ACTIVE,SEP,a51bf04f-08fa-4c3f-b23a-f946d10d996b,EXACT_OR_PRIOR
07d3c06f-1b7d-4925-b8d6-cfb887acabb6|TUITION|2025-10,07d3c06f-1b7d-4925-b8d6-cfb887acabb6,25-26,TUITION,2025.0,10.0,1600.00,2025-10-05,LEGACY_MIGRATION,ACTIVE,OCT,a51bf04f-08fa-4c3f-b23a-f946d10d996b,EXACT_OR_PRIOR
07d3c06f-1b7d-4925-b8d6-cfb887acabb6|TUITION|2025-11,07d3c06f-1b7d-4925-b8d6-cfb887acabb6,25-26,TUITION,2025.0,11.0,1600.00,2025-11-05,LEGACY_MIGRATION,ACTIVE,NOV,a51bf04f-08fa-4c3f-b23a-f946d10d996b,EXACT_OR_PRIOR
07d3c06f-1b7d-4925-b8d6-cfb887acabb6|TUITION|2025-12,07d3c06f-1b7d-4925-b8d6-cfb887acabb6,25-26,TUITION,2025.0,12.0,1600.00,2025-12-05,LEGACY_MIGRATION,ACTIVE,DIC/JUL,a51bf04f-08fa-4c3f-b23a-f946d10d996b,EXACT_OR_PRIOR
07d3c06f-1b7d-4925-b8d6-cfb887acabb6|TUITION|2026-07,07d3c06f-1b7d-4925-b8d6-cfb887acabb6,25-26,TUITION,2026.0,7.0,1600.00,2025-12-05,LEGACY_MIGRATION,ACTIVE,DIC/JUL,a51bf04f-08fa-4c3f-b23a-f946d10d996b,EXACT_OR_PRIOR
07d3c06f-1b7d-4925-b8d6-cfb887acabb6|TUITION|2026-01,07d3c06f-1b7d-4925-b8d6-cfb887acabb6,25-26,TUITION,2026.0,1.0,1600.00,2026-01-05,LEGACY_MIGRATION,ACTIVE,ENE,a51bf04f-08fa-4c3f-b23a-f946d10d996b,EXACT_OR_PRIOR
07d3c06f-1b7d-4925-b8d6-cfb887acabb6|TUITION|2026-02,07d3c06f-1b7d-4925-b8d6-cfb887acabb6,25-26,TUITION,2026.0,2.0,1600.00,2026-02-05,LEGACY_MIGRATION,ACTIVE,FEB,a51bf04f-08fa-4c3f-b23a-f946d10d996b,EXACT_OR_PRIOR
07d3c06f-1b7d-4925-b8d6-cfb887acabb6|TUITION|2026-03,07d3c06f-1b7d-4925-b8d6-cfb887acabb6,25-26,TUITION,2026.0,3.0,1600.00,2026-03-05,LEGACY_MIGRATION,ACTIVE,MAR/AGO,a51bf04f-08fa-4c3f-b23a-f946d10d996b,EXACT_OR_PRIOR
07d3c06f-1b7d-4925-b8d6-cfb887acabb6|TUITION|2026-08,07d3c06f-1b7d-4925-b8d6-cfb887acabb6,25-26,TUITION,2026.0,8.0,1600.00,2026-03-05,LEGACY_MIGRATION,ACTIVE,MAR/AGO,a51bf04f-08fa-4c3f-b23a-f946d10d996b,EXACT_OR_PRIOR
07d3c06f-1b7d-4925-b8d6-cfb887acabb6|TUITION|2026-04,07d3c06f-1b7d-4925-b8d6-cfb887acabb6,25-26,TUITION,2026.0,4.0,1600.00,2026-04-05,LEGACY_MIGRATION,ACTIVE,ABR,a51bf04f-08fa-4c3f-b23a-f946d10d996b,EXACT_OR_PRIOR
07d3c06f-1b7d-4925-b8d6-cfb887acabb6|TUITION|2026-05,07d3c06f-1b7d-4925-b8d6-cfb887acabb6,25-26,TUITION,2026.0,5.0,1600.00,2026-05-05,LEGACY_MIGRATION,ACTIVE,MAY,a51bf04f-08fa-4c3f-b23a-f946d10d996b,EXACT_OR_PRIOR
07d3c06f-1b7d-4925-b8d6-cfb887acabb6|TUITION|2026-06,07d3c06f-1b7d-4925-b8d6-cfb887acabb6,25-26,TUITION,2026.0,6.0,1600.00,2026-06-05,LEGACY_MIGRATION,ACTIVE,JUN,a51bf04f-08fa-4c3f-b23a-f946d10d996b,EXACT_OR_PRIOR
0a79ced7-bab3-44d8-89da-e166880163bd|TUITION|2025-09,0a79ced7-bab3-44d8-89da-e166880163bd,25-26,TUITION,2025.0,9.0,900.00,2025-09-05,LEGACY_MIGRATION,ACTIVE,SEP,5909351a-da76-4156-9095-cd3cd07610d4,EXACT_OR_PRIOR
0a79ced7-bab3-44d8-89da-e166880163bd|TUITION|2025-10,0a79ced7-bab3-44d8-89da-e166880163bd,25-26,TUITION,2025.0,10.0,900.00,2025-10-05,LEGACY_MIGRATION,ACTIVE,OCT,5909351a-da76-4156-9095-cd3cd07610d4,EXACT_OR_PRIOR
0a79ced7-bab3-44d8-89da-e166880163bd|TUITION|2025-11,0a79ced7-bab3-44d8-89da-e166880163bd,25-26,TUITION,2025.0,11.0,900.00,2025-11-05,LEGACY_MIGRATION,ACTIVE,NOV,5909351a-da76-4156-9095-cd3cd07610d4,EXACT_OR_PRIOR
0a79ced7-bab3-44d8-89da-e166880163bd|TUITION|2025-12,0a79ced7-bab3-44d8-89da-e166880163bd,25-26,TUITION,2025.0,12.0,900.00,2025-12-05,LEGACY_MIGRATION,ACTIVE,DIC/JUL,5909351a-da76-4156-9095-cd3cd07610d4,EXACT_OR_PRIOR
0a79ced7-bab3-44d8-89da-e166880163bd|TUITION|2026-07,0a79ced7-bab3-44d8-89da-e166880163bd,25-26,TUITION,2026.0,7.0,900.00,2025-12-05,LEGACY_MIGRATION,ACTIVE,DIC/JUL,5909351a-da76-4156-9095-cd3cd07610d4,EXACT_OR_PRIOR
0a79ced7-bab3-44d8-89da-e166880163bd|TUITION|2026-01,0a79ced7-bab3-44d8-89da-e166880163bd,25-26,TUITION,2026.0,1.0,900.00,2026-01-05,LEGACY_MIGRATION,ACTIVE,ENE,5909351a-da76-4156-9095-cd3cd07610d4,EXACT_OR_PRIOR
0a79ced7-bab3-44d8-89da-e166880163bd|TUITION|2026-02,0a79ced7-bab3-44d8-89da-e166880163bd,25-26,TUITION,2026.0,2.0,900.00,2026-02-05,LEGACY_MIGRATION,ACTIVE,FEB,5909351a-da76-4156-9095-cd3cd07610d4,EXACT_OR_PRIOR
0a79ced7-bab3-44d8-89da-e166880163bd|TUITION|2026-03,0a79ced7-bab3-44d8-89da-e166880163bd,25-26,TUITION,2026.0,3.0,900.00,2026-03-05,LEGACY_MIGRATION,ACTIVE,MAR/AGO,5909351a-da76-4156-9095-cd3cd07610d4,EXACT_OR_PRIOR
0a79ced7-bab3-44d8-89da-e166880163bd|TUITION|2026-08,0a79ced7-bab3-44d8-89da-e166880163bd,25-26,TUITION,2026.0,8.0,900.00,2026-03-05,LEGACY_MIGRATION,ACTIVE,MAR/AGO,5909351a-da76-4156-9095-cd3cd07610d4,EXACT_OR_PRIOR
0a79ced7-bab3-44d8-89da-e166880163bd|TUITION|2026-04,0a79ced7-bab3-44d8-89da-e166880163bd,25-26,TUITION,2026.0,4.0,900.00,2026-04-05,LEGACY_MIGRATION,ACTIVE,ABR,5909351a-da76-4156-9095-cd3cd07610d4,EXACT_OR_PRIOR
0a79ced7-bab3-44d8-89da-e166880163bd|TUITION|2026-05,0a79ced7-bab3-44d8-89da-e166880163bd,25-26,TUITION,2026.0,5.0,900.00,2026-05-05,LEGACY_MIGRATION,ACTIVE,MAY,5909351a-da76-4156-9095-cd3cd07610d4,EXACT_OR_PRIOR
0a79ced7-bab3-44d8-89da-e166880163bd|TUITION|2026-06,0a79ced7-bab3-44d8-89da-e166880163bd,25-26,TUITION,2026.0,6.0,900.00,2026-06-05,LEGACY_MIGRATION,ACTIVE,JUN,5909351a-da76-4156-9095-cd3cd07610d4,EXACT_OR_PRIOR
0aca2748-83a1-4b8f-ae90-c4e31231af74|TUITION|2025-09,0aca2748-83a1-4b8f-ae90-c4e31231af74,25-26,TUITION,2025.0,9.0,0.00,2025-09-05,LEGACY_MIGRATION,ACTIVE,SEP,4a6a23e1-4eb5-4d94-8745-1497a96a8628,EXACT_OR_PRIOR
0aca2748-83a1-4b8f-ae90-c4e31231af74|TUITION|2025-10,0aca2748-83a1-4b8f-ae90-c4e31231af74,25-26,TUITION,2025.0,10.0,0.00,2025-10-05,LEGACY_MIGRATION,ACTIVE,OCT,4a6a23e1-4eb5-4d94-8745-1497a96a8628,EXACT_OR_PRIOR
0aca2748-83a1-4b8f-ae90-c4e31231af74|TUITION|2025-11,0aca2748-83a1-4b8f-ae90-c4e31231af74,25-26,TUITION,2025.0,11.0,0.00,2025-11-05,LEGACY_MIGRATION,ACTIVE,NOV,4a6a23e1-4eb5-4d94-8745-1497a96a8628,EXACT_OR_PRIOR
0aca2748-83a1-4b8f-ae90-c4e31231af74|TUITION|2025-12,0aca2748-83a1-4b8f-ae90-c4e31231af74,25-26,TUITION,2025.0,12.0,0.00,2025-12-05,LEGACY_MIGRATION,ACTIVE,DIC/JUL,4a6a23e1-4eb5-4d94-8745-1497a96a8628,EXACT_OR_PRIOR
0aca2748-83a1-4b8f-ae90-c4e31231af74|TUITION|2026-07,0aca2748-83a1-4b8f-ae90-c4e31231af74,25-26,TUITION,2026.0,7.0,0.00,2025-12-05,LEGACY_MIGRATION,ACTIVE,DIC/JUL,4a6a23e1-4eb5-4d94-8745-1497a96a8628,EXACT_OR_PRIOR
0aca2748-83a1-4b8f-ae90-c4e31231af74|TUITION|2026-01,0aca2748-83a1-4b8f-ae90-c4e31231af74,25-26,TUITION,2026.0,1.0,0.00,2026-01-05,LEGACY_MIGRATION,ACTIVE,ENE,4a6a23e1-4eb5-4d94-8745-1497a96a8628,EXACT_OR_PRIOR
0aca2748-83a1-4b8f-ae90-c4e31231af74|TUITION|2026-02,0aca2748-83a1-4b8f-ae90-c4e31231af74,25-26,TUITION,2026.0,2.0,0.00,2026-02-05,LEGACY_MIGRATION,ACTIVE,FEB,4a6a23e1-4eb5-4d94-8745-1497a96a8628,EXACT_OR_PRIOR
0aca2748-83a1-4b8f-ae90-c4e31231af74|TUITION|2026-03,0aca2748-83a1-4b8f-ae90-c4e31231af74,25-26,TUITION,2026.0,3.0,0.00,2026-03-05,LEGACY_MIGRATION,ACTIVE,MAR/AGO,4a6a23e1-4eb5-4d94-8745-1497a96a8628,EXACT_OR_PRIOR
0aca2748-83a1-4b8f-ae90-c4e31231af74|TUITION|2026-08,0aca2748-83a1-4b8f-ae90-c4e31231af74,25-26,TUITION,2026.0,8.0,0.00,2026-03-05,LEGACY_MIGRATION,ACTIVE,MAR/AGO,4a6a23e1-4eb5-4d94-8745-1497a96a8628,EXACT_OR_PRIOR
0aca2748-83a1-4b8f-ae90-c4e31231af74|TUITION|2026-04,0aca2748-83a1-4b8f-ae90-c4e31231af74,25-26,TUITION,2026.0,4.0,0.00,2026-04-05,LEGACY_MIGRATION,ACTIVE,ABR,4a6a23e1-4eb5-4d94-8745-1497a96a8628,EXACT_OR_PRIOR
0aca2748-83a1-4b8f-ae90-c4e31231af74|TUITION|2026-05,0aca2748-83a1-4b8f-ae90-c4e31231af74,25-26,TUITION,2026.0,5.0,0.00,2026-05-05,LEGACY_MIGRATION,ACTIVE,MAY,4a6a23e1-4eb5-4d94-8745-1497a96a8628,EXACT_OR_PRIOR
0aca2748-83a1-4b8f-ae90-c4e31231af74|TUITION|2026-06,0aca2748-83a1-4b8f-ae90-c4e31231af74,25-26,TUITION,2026.0,6.0,0.00,2026-06-05,LEGACY_MIGRATION,ACTIVE,JUN,4a6a23e1-4eb5-4d94-8745-1497a96a8628,EXACT_OR_PRIOR
0baa1c8c-b4cb-4c7c-b909-3af50436661e|TUITION|2025-09,0baa1c8c-b4cb-4c7c-b909-3af50436661e,25-26,TUITION,2025.0,9.0,0.00,2025-09-05,LEGACY_MIGRATION,ACTIVE,SEP,842ca7ba-ca13-47fb-a37a-888c58d9f8f8,EXACT_OR_PRIOR
0baa1c8c-b4cb-4c7c-b909-3af50436661e|TUITION|2025-10,0baa1c8c-b4cb-4c7c-b909-3af50436661e,25-26,TUITION,2025.0,10.0,0.00,2025-10-05,LEGACY_MIGRATION,ACTIVE,OCT,842ca7ba-ca13-47fb-a37a-888c58d9f8f8,EXACT_OR_PRIOR
0baa1c8c-b4cb-4c7c-b909-3af50436661e|TUITION|2025-11,0baa1c8c-b4cb-4c7c-b909-3af50436661e,25-26,TUITION,2025.0,11.0,0.00,2025-11-05,LEGACY_MIGRATION,ACTIVE,NOV,842ca7ba-ca13-47fb-a37a-888c58d9f8f8,EXACT_OR_PRIOR
0baa1c8c-b4cb-4c7c-b909-3af50436661e|TUITION|2025-12,0baa1c8c-b4cb-4c7c-b909-3af50436661e,25-26,TUITION,2025.0,12.0,0.00,2025-12-05,LEGACY_MIGRATION,ACTIVE,DIC/JUL,842ca7ba-ca13-47fb-a37a-888c58d9f8f8,EXACT_OR_PRIOR
0baa1c8c-b4cb-4c7c-b909-3af50436661e|TUITION|2026-07,0baa1c8c-b4cb-4c7c-b909-3af50436661e,25-26,TUITION,2026.0,7.0,0.00,2025-12-05,LEGACY_MIGRATION,ACTIVE,DIC/JUL,842ca7ba-ca13-47fb-a37a-888c58d9f8f8,EXACT_OR_PRIOR
0baa1c8c-b4cb-4c7c-b909-3af50436661e|TUITION|2026-01,0baa1c8c-b4cb-4c7c-b909-3af50436661e,25-26,TUITION,2026.0,1.0,0.00,2026-01-05,LEGACY_MIGRATION,ACTIVE,ENE,842ca7ba-ca13-47fb-a37a-888c58d9f8f8,EXACT_OR_PRIOR
0baa1c8c-b4cb-4c7c-b909-3af50436661e|TUITION|2026-02,0baa1c8c-b4cb-4c7c-b909-3af50436661e,25-26,TUITION,2026.0,2.0,0.00,2026-02-05,LEGACY_MIGRATION,ACTIVE,FEB,842ca7ba-ca13-47fb-a37a-888c58d9f8f8,EXACT_OR_PRIOR
0baa1c8c-b4cb-4c7c-b909-3af50436661e|TUITION|2026-03,0baa1c8c-b4cb-4c7c-b909-3af50436661e,25-26,TUITION,2026.0,3.0,0.00,2026-03-05,LEGACY_MIGRATION,ACTIVE,MAR/AGO,842ca7ba-ca13-47fb-a37a-888c58d9f8f8,EXACT_OR_PRIOR
0baa1c8c-b4cb-4c7c-b909-3af50436661e|TUITION|2026-08,0baa1c8c-b4cb-4c7c-b909-3af50436661e,25-26,TUITION,2026.0,8.0,0.00,2026-03-05,LEGACY_MIGRATION,ACTIVE,MAR/AGO,842ca7ba-ca13-47fb-a37a-888c58d9f8f8,EXACT_OR_PRIOR
0baa1c8c-b4cb-4c7c-b909-3af50436661e|TUITION|2026-04,0baa1c8c-b4cb-4c7c-b909-3af50436661e,25-26,TUITION,2026.0,4.0,0.00,2026-04-05,LEGACY_MIGRATION,ACTIVE,ABR,842ca7ba-ca13-47fb-a37a-888c58d9f8f8,EXACT_OR_PRIOR
0baa1c8c-b4cb-4c7c-b909-3af50436661e|TUITION|2026-05,0baa1c8c-b4cb-4c7c-b909-3af50436661e,25-26,TUITION,2026.0,5.0,0.00,2026-05-05,LEGACY_MIGRATION,ACTIVE,MAY,842ca7ba-ca13-47fb-a37a-888c58d9f8f8,EXACT_OR_PRIOR
0baa1c8c-b4cb-4c7c-b909-3af50436661e|TUITION|2026-06,0baa1c8c-b4cb-4c7c-b909-3af50436661e,25-26,TUITION,2026.0,6.0,0.00,2026-06-05,LEGACY_MIGRATION,ACTIVE,JUN,842ca7ba-ca13-47fb-a37a-888c58d9f8f8,EXACT_OR_PRIOR
0e861609-c592-4713-bfad-a86c2f7d1c00|TUITION|2025-09,0e861609-c592-4713-bfad-a86c2f7d1c00,25-26,TUITION,2025.0,9.0,1600.00,2025-09-05,LEGACY_MIGRATION,ACTIVE,SEP,11e2a7fa-ffcd-43b8-96ae-b65f8787fe60,EXACT_OR_PRIOR
0e861609-c592-4713-bfad-a86c2f7d1c00|TUITION|2025-10,0e861609-c592-4713-bfad-a86c2f7d1c00,25-26,TUITION,2025.0,10.0,1600.00,2025-10-05,LEGACY_MIGRATION,ACTIVE,OCT,11e2a7fa-ffcd-43b8-96ae-b65f8787fe60,EXACT_OR_PRIOR
0e861609-c592-4713-bfad-a86c2f7d1c00|TUITION|2025-11,0e861609-c592-4713-bfad-a86c2f7d1c00,25-26,TUITION,2025.0,11.0,1600.00,2025-11-05,LEGACY_MIGRATION,ACTIVE,NOV,11e2a7fa-ffcd-43b8-96ae-b65f8787fe60,EXACT_OR_PRIOR
0e861609-c592-4713-bfad-a86c2f7d1c00|TUITION|2025-12,0e861609-c592-4713-bfad-a86c2f7d1c00,25-26,TUITION,2025.0,12.0,1600.00,2025-12-05,LEGACY_MIGRATION,ACTIVE,DIC/JUL,11e2a7fa-ffcd-43b8-96ae-b65f8787fe60,EXACT_OR_PRIOR
0e861609-c592-4713-bfad-a86c2f7d1c00|TUITION|2026-07,0e861609-c592-4713-bfad-a86c2f7d1c00,25-26,TUITION,2026.0,7.0,1600.00,2025-12-05,LEGACY_MIGRATION,ACTIVE,DIC/JUL,11e2a7fa-ffcd-43b8-96ae-b65f8787fe60,EXACT_OR_PRIOR
0e861609-c592-4713-bfad-a86c2f7d1c00|TUITION|2026-01,0e861609-c592-4713-bfad-a86c2f7d1c00,25-26,TUITION,2026.0,1.0,1600.00,2026-01-05,LEGACY_MIGRATION,ACTIVE,ENE,11e2a7fa-ffcd-43b8-96ae-b65f8787fe60,EXACT_OR_PRIOR
0e861609-c592-4713-bfad-a86c2f7d1c00|TUITION|2026-02,0e861609-c592-4713-bfad-a86c2f7d1c00,25-26,TUITION,2026.0,2.0,1600.00,2026-02-05,LEGACY_MIGRATION,ACTIVE,FEB,11e2a7fa-ffcd-43b8-96ae-b65f8787fe60,EXACT_OR_PRIOR
0e861609-c592-4713-bfad-a86c2f7d1c00|TUITION|2026-03,0e861609-c592-4713-bfad-a86c2f7d1c00,25-26,TUITION,2026.0,3.0,1600.00,2026-03-05,LEGACY_MIGRATION,ACTIVE,MAR/AGO,11e2a7fa-ffcd-43b8-96ae-b65f8787fe60,EXACT_OR_PRIOR
0e861609-c592-4713-bfad-a86c2f7d1c00|TUITION|2026-08,0e861609-c592-4713-bfad-a86c2f7d1c00,25-26,TUITION,2026.0,8.0,1600.00,2026-03-05,LEGACY_MIGRATION,ACTIVE,MAR/AGO,11e2a7fa-ffcd-43b8-96ae-b65f8787fe60,EXACT_OR_PRIOR
0e861609-c592-4713-bfad-a86c2f7d1c00|TUITION|2026-04,0e861609-c592-4713-bfad-a86c2f7d1c00,25-26,TUITION,2026.0,4.0,1600.00,2026-04-05,LEGACY_MIGRATION,ACTIVE,ABR,11e2a7fa-ffcd-43b8-96ae-b65f8787fe60,EXACT_OR_PRIOR
0e861609-c592-4713-bfad-a86c2f7d1c00|TUITION|2026-05,0e861609-c592-4713-bfad-a86c2f7d1c00,25-26,TUITION,2026.0,5.0,1600.00,2026-05-05,LEGACY_MIGRATION,ACTIVE,MAY,11e2a7fa-ffcd-43b8-96ae-b65f8787fe60,EXACT_OR_PRIOR
0e861609-c592-4713-bfad-a86c2f7d1c00|TUITION|2026-06,0e861609-c592-4713-bfad-a86c2f7d1c00,25-26,TUITION,2026.0,6.0,1600.00,2026-06-05,LEGACY_MIGRATION,ACTIVE,JUN,11e2a7fa-ffcd-43b8-96ae-b65f8787fe60,EXACT_OR_PRIOR
0ec01322-e8d2-450f-b375-827d0bf81fe4|TUITION|2025-09,0ec01322-e8d2-450f-b375-827d0bf81fe4,25-26,TUITION,2025.0,9.0,0.00,2025-09-05,LEGACY_MIGRATION,ACTIVE,SEP,5e719dd1-c6a6-4cdc-a829-b266ef8d7f00,EXACT_OR_PRIOR
0ec01322-e8d2-450f-b375-827d0bf81fe4|TUITION|2025-10,0ec01322-e8d2-450f-b375-827d0bf81fe4,25-26,TUITION,2025.0,10.0,0.00,2025-10-05,LEGACY_MIGRATION,ACTIVE,OCT,5e719dd1-c6a6-4cdc-a829-b266ef8d7f00,EXACT_OR_PRIOR
0ec01322-e8d2-450f-b375-827d0bf81fe4|TUITION|2025-11,0ec01322-e8d2-450f-b375-827d0bf81fe4,25-26,TUITION,2025.0,11.0,0.00,2025-11-05,LEGACY_MIGRATION,ACTIVE,NOV,5e719dd1-c6a6-4cdc-a829-b266ef8d7f00,EXACT_OR_PRIOR
0ec01322-e8d2-450f-b375-827d0bf81fe4|TUITION|2025-12,0ec01322-e8d2-450f-b375-827d0bf81fe4,25-26,TUITION,2025.0,12.0,0.00,2025-12-05,LEGACY_MIGRATION,ACTIVE,DIC/JUL,5e719dd1-c6a6-4cdc-a829-b266ef8d7f00,EXACT_OR_PRIOR
0ec01322-e8d2-450f-b375-827d0bf81fe4|TUITION|2026-07,0ec01322-e8d2-450f-b375-827d0bf81fe4,25-26,TUITION,2026.0,7.0,0.00,2025-12-05,LEGACY_MIGRATION,ACTIVE,DIC/JUL,5e719dd1-c6a6-4cdc-a829-b266ef8d7f00,EXACT_OR_PRIOR
0ec01322-e8d2-450f-b375-827d0bf81fe4|TUITION|2026-01,0ec01322-e8d2-450f-b375-827d0bf81fe4,25-26,TUITION,2026.0,1.0,0.00,2026-01-05,LEGACY_MIGRATION,ACTIVE,ENE,5e719dd1-c6a6-4cdc-a829-b266ef8d7f00,EXACT_OR_PRIOR
0ec01322-e8d2-450f-b375-827d0bf81fe4|TUITION|2026-02,0ec01322-e8d2-450f-b375-827d0bf81fe4,25-26,TUITION,2026.0,2.0,0.00,2026-02-05,LEGACY_MIGRATION,ACTIVE,FEB,5e719dd1-c6a6-4cdc-a829-b266ef8d7f00,EXACT_OR_PRIOR
0ec01322-e8d2-450f-b375-827d0bf81fe4|TUITION|2026-03,0ec01322-e8d2-450f-b375-827d0bf81fe4,25-26,TUITION,2026.0,3.0,0.00,2026-03-05,LEGACY_MIGRATION,ACTIVE,MAR/AGO,5e719dd1-c6a6-4cdc-a829-b266ef8d7f00,EXACT_OR_PRIOR
0ec01322-e8d2-450f-b375-827d0bf81fe4|TUITION|2026-08,0ec01322-e8d2-450f-b375-827d0bf81fe4,25-26,TUITION,2026.0,8.0,0.00,2026-03-05,LEGACY_MIGRATION,ACTIVE,MAR/AGO,5e719dd1-c6a6-4cdc-a829-b266ef8d7f00,EXACT_OR_PRIOR
0ec01322-e8d2-450f-b375-827d0bf81fe4|TUITION|2026-04,0ec01322-e8d2-450f-b375-827d0bf81fe4,25-26,TUITION,2026.0,4.0,0.00,2026-04-05,LEGACY_MIGRATION,ACTIVE,ABR,5e719dd1-c6a6-4cdc-a829-b266ef8d7f00,EXACT_OR_PRIOR
0ec01322-e8d2-450f-b375-827d0bf81fe4|TUITION|2026-05,0ec01322-e8d2-450f-b375-827d0bf81fe4,25-26,TUITION,2026.0,5.0,0.00,2026-05-05,LEGACY_MIGRATION,ACTIVE,MAY,5e719dd1-c6a6-4cdc-a829-b266ef8d7f00,EXACT_OR_PRIOR
0ec01322-e8d2-450f-b375-827d0bf81fe4|TUITION|2026-06,0ec01322-e8d2-450f-b375-827d0bf81fe4,25-26,TUITION,2026.0,6.0,0.00,2026-06-05,LEGACY_MIGRATION,ACTIVE,JUN,5e719dd1-c6a6-4cdc-a829-b266ef8d7f00,EXACT_OR_PRIOR
18f8e872-a787-4eef-953c-1c326065039e|TUITION|2025-09,18f8e872-a787-4eef-953c-1c326065039e,25-26,TUITION,2025.0,9.0,1000.00,2025-09-05,LEGACY_MIGRATION,ACTIVE,SEP,b2779fa5-035b-4eea-8f7c-f8ff684f83d8,EXACT_OR_PRIOR
18f8e872-a787-4eef-953c-1c326065039e|TUITION|2025-10,18f8e872-a787-4eef-953c-1c326065039e,25-26,TUITION,2025.0,10.0,1000.00,2025-10-05,LEGACY_MIGRATION,ACTIVE,OCT,b2779fa5-035b-4eea-8f7c-f8ff684f83d8,EXACT_OR_PRIOR
18f8e872-a787-4eef-953c-1c326065039e|TUITION|2025-11,18f8e872-a787-4eef-953c-1c326065039e,25-26,TUITION,2025.0,11.0,1000.00,2025-11-05,LEGACY_MIGRATION,ACTIVE,NOV,b2779fa5-035b-4eea-8f7c-f8ff684f83d8,EXACT_OR_PRIOR
18f8e872-a787-4eef-953c-1c326065039e|TUITION|2025-12,18f8e872-a787-4eef-953c-1c326065039e,25-26,TUITION,2025.0,12.0,1000.00,2025-12-05,LEGACY_MIGRATION,ACTIVE,DIC/JUL,b2779fa5-035b-4eea-8f7c-f8ff684f83d8,EXACT_OR_PRIOR
18f8e872-a787-4eef-953c-1c326065039e|TUITION|2026-07,18f8e872-a787-4eef-953c-1c326065039e,25-26,TUITION,2026.0,7.0,1000.00,2025-12-05,LEGACY_MIGRATION,ACTIVE,DIC/JUL,b2779fa5-035b-4eea-8f7c-f8ff684f83d8,EXACT_OR_PRIOR
18f8e872-a787-4eef-953c-1c326065039e|TUITION|2026-01,18f8e872-a787-4eef-953c-1c326065039e,25-26,TUITION,2026.0,1.0,1000.00,2026-01-05,LEGACY_MIGRATION,ACTIVE,ENE,b2779fa5-035b-4eea-8f7c-f8ff684f83d8,EXACT_OR_PRIOR
18f8e872-a787-4eef-953c-1c326065039e|TUITION|2026-02,18f8e872-a787-4eef-953c-1c326065039e,25-26,TUITION,2026.0,2.0,1000.00,2026-02-05,LEGACY_MIGRATION,ACTIVE,FEB,b2779fa5-035b-4eea-8f7c-f8ff684f83d8,EXACT_OR_PRIOR
18f8e872-a787-4eef-953c-1c326065039e|TUITION|2026-03,18f8e872-a787-4eef-953c-1c326065039e,25-26,TUITION,2026.0,3.0,1000.00,2026-03-05,LEGACY_MIGRATION,ACTIVE,MAR/AGO,b2779fa5-035b-4eea-8f7c-f8ff684f83d8,EXACT_OR_PRIOR
18f8e872-a787-4eef-953c-1c326065039e|TUITION|2026-08,18f8e872-a787-4eef-953c-1c326065039e,25-26,TUITION,2026.0,8.0,1000.00,2026-03-05,LEGACY_MIGRATION,ACTIVE,MAR/AGO,b2779fa5-035b-4eea-8f7c-f8ff684f83d8,EXACT_OR_PRIOR
18f8e872-a787-4eef-953c-1c326065039e|TUITION|2026-04,18f8e872-a787-4eef-953c-1c326065039e,25-26,TUITION,2026.0,4.0,1000.00,2026-04-05,LEGACY_MIGRATION,ACTIVE,ABR,b2779fa5-035b-4eea-8f7c-f8ff684f83d8,EXACT_OR_PRIOR
18f8e872-a787-4eef-953c-1c326065039e|TUITION|2026-05,18f8e872-a787-4eef-953c-1c326065039e,25-26,TUITION,2026.0,5.0,1000.00,2026-05-05,LEGACY_MIGRATION,ACTIVE,MAY,b2779fa5-035b-4eea-8f7c-f8ff684f83d8,EXACT_OR_PRIOR
18f8e872-a787-4eef-953c-1c326065039e|TUITION|2026-06,18f8e872-a787-4eef-953c-1c326065039e,25-26,TUITION,2026.0,6.0,1000.00,2026-06-05,LEGACY_MIGRATION,ACTIVE,JUN,b2779fa5-035b-4eea-8f7c-f8ff684f83d8,EXACT_OR_PRIOR
1e3beb16-3079-4aaa-93fc-a0203720434d|TUITION|2025-09,1e3beb16-3079-4aaa-93fc-a0203720434d,25-26,TUITION,2025.0,9.0,1600.00,2025-09-05,LEGACY_MIGRATION,ACTIVE,SEP,4f10be07-f9ef-4a70-84ad-8188d896bb23,EXACT_OR_PRIOR
1e3beb16-3079-4aaa-93fc-a0203720434d|TUITION|2025-10,1e3beb16-3079-4aaa-93fc-a0203720434d,25-26,TUITION,2025.0,10.0,1600.00,2025-10-05,LEGACY_MIGRATION,ACTIVE,OCT,4f10be07-f9ef-4a70-84ad-8188d896bb23,EXACT_OR_PRIOR
1e3beb16-3079-4aaa-93fc-a0203720434d|TUITION|2025-11,1e3beb16-3079-4aaa-93fc-a0203720434d,25-26,TUITION,2025.0,11.0,1600.00,2025-11-05,LEGACY_MIGRATION,ACTIVE,NOV,4f10be07-f9ef-4a70-84ad-8188d896bb23,EXACT_OR_PRIOR
1e3beb16-3079-4aaa-93fc-a0203720434d|TUITION|2025-12,1e3beb16-3079-4aaa-93fc-a0203720434d,25-26,TUITION,2025.0,12.0,1600.00,2025-12-05,LEGACY_MIGRATION,ACTIVE,DIC/JUL,4f10be07-f9ef-4a70-84ad-8188d896bb23,EXACT_OR_PRIOR
1e3beb16-3079-4aaa-93fc-a0203720434d|TUITION|2026-07,1e3beb16-3079-4aaa-93fc-a0203720434d,25-26,TUITION,2026.0,7.0,1600.00,2025-12-05,LEGACY_MIGRATION,ACTIVE,DIC/JUL,4f10be07-f9ef-4a70-84ad-8188d896bb23,EXACT_OR_PRIOR
1e3beb16-3079-4aaa-93fc-a0203720434d|TUITION|2026-01,1e3beb16-3079-4aaa-93fc-a0203720434d,25-26,TUITION,2026.0,1.0,1600.00,2026-01-05,LEGACY_MIGRATION,ACTIVE,ENE,4f10be07-f9ef-4a70-84ad-8188d896bb23,EXACT_OR_PRIOR
1e3beb16-3079-4aaa-93fc-a0203720434d|TUITION|2026-02,1e3beb16-3079-4aaa-93fc-a0203720434d,25-26,TUITION,2026.0,2.0,1600.00,2026-02-05,LEGACY_MIGRATION,ACTIVE,FEB,4f10be07-f9ef-4a70-84ad-8188d896bb23,EXACT_OR_PRIOR
1e3beb16-3079-4aaa-93fc-a0203720434d|TUITION|2026-03,1e3beb16-3079-4aaa-93fc-a0203720434d,25-26,TUITION,2026.0,3.0,1600.00,2026-03-05,LEGACY_MIGRATION,ACTIVE,MAR/AGO,4f10be07-f9ef-4a70-84ad-8188d896bb23,EXACT_OR_PRIOR
1e3beb16-3079-4aaa-93fc-a0203720434d|TUITION|2026-08,1e3beb16-3079-4aaa-93fc-a0203720434d,25-26,TUITION,2026.0,8.0,1600.00,2026-03-05,LEGACY_MIGRATION,ACTIVE,MAR/AGO,4f10be07-f9ef-4a70-84ad-8188d896bb23,EXACT_OR_PRIOR
1e3beb16-3079-4aaa-93fc-a0203720434d|TUITION|2026-04,1e3beb16-3079-4aaa-93fc-a0203720434d,25-26,TUITION,2026.0,4.0,1600.00,2026-04-05,LEGACY_MIGRATION,ACTIVE,ABR,4f10be07-f9ef-4a70-84ad-8188d896bb23,EXACT_OR_PRIOR
1e3beb16-3079-4aaa-93fc-a0203720434d|TUITION|2026-05,1e3beb16-3079-4aaa-93fc-a0203720434d,25-26,TUITION,2026.0,5.0,1600.00,2026-05-05,LEGACY_MIGRATION,ACTIVE,MAY,4f10be07-f9ef-4a70-84ad-8188d896bb23,EXACT_OR_PRIOR
1e3beb16-3079-4aaa-93fc-a0203720434d|TUITION|2026-06,1e3beb16-3079-4aaa-93fc-a0203720434d,25-26,TUITION,2026.0,6.0,1600.00,2026-06-05,LEGACY_MIGRATION,ACTIVE,JUN,4f10be07-f9ef-4a70-84ad-8188d896bb23,EXACT_OR_PRIOR
209dac48-1e05-4390-a5da-676e1ee3b311|TUITION|2025-09,209dac48-1e05-4390-a5da-676e1ee3b311,25-26,TUITION,2025.0,9.0,1000.00,2025-09-05,LEGACY_MIGRATION,ACTIVE,SEP,100599ea-a307-434f-9b35-f1fd1eb85084,EXACT_OR_PRIOR
209dac48-1e05-4390-a5da-676e1ee3b311|TUITION|2025-10,209dac48-1e05-4390-a5da-676e1ee3b311,25-26,TUITION,2025.0,10.0,1000.00,2025-10-05,LEGACY_MIGRATION,ACTIVE,OCT,100599ea-a307-434f-9b35-f1fd1eb85084,EXACT_OR_PRIOR
209dac48-1e05-4390-a5da-676e1ee3b311|TUITION|2025-11,209dac48-1e05-4390-a5da-676e1ee3b311,25-26,TUITION,2025.0,11.0,1000.00,2025-11-05,LEGACY_MIGRATION,ACTIVE,NOV,100599ea-a307-434f-9b35-f1fd1eb85084,EXACT_OR_PRIOR
209dac48-1e05-4390-a5da-676e1ee3b311|TUITION|2025-12,209dac48-1e05-4390-a5da-676e1ee3b311,25-26,TUITION,2025.0,12.0,1000.00,2025-12-05,LEGACY_MIGRATION,ACTIVE,DIC/JUL,100599ea-a307-434f-9b35-f1fd1eb85084,EXACT_OR_PRIOR
209dac48-1e05-4390-a5da-676e1ee3b311|TUITION|2026-07,209dac48-1e05-4390-a5da-676e1ee3b311,25-26,TUITION,2026.0,7.0,1000.00,2025-12-05,LEGACY_MIGRATION,ACTIVE,DIC/JUL,100599ea-a307-434f-9b35-f1fd1eb85084,EXACT_OR_PRIOR
209dac48-1e05-4390-a5da-676e1ee3b311|TUITION|2026-01,209dac48-1e05-4390-a5da-676e1ee3b311,25-26,TUITION,2026.0,1.0,1000.00,2026-01-05,LEGACY_MIGRATION,ACTIVE,ENE,100599ea-a307-434f-9b35-f1fd1eb85084,EXACT_OR_PRIOR
209dac48-1e05-4390-a5da-676e1ee3b311|TUITION|2026-02,209dac48-1e05-4390-a5da-676e1ee3b311,25-26,TUITION,2026.0,2.0,1000.00,2026-02-05,LEGACY_MIGRATION,ACTIVE,FEB,100599ea-a307-434f-9b35-f1fd1eb85084,EXACT_OR_PRIOR
209dac48-1e05-4390-a5da-676e1ee3b311|TUITION|2026-03,209dac48-1e05-4390-a5da-676e1ee3b311,25-26,TUITION,2026.0,3.0,1000.00,2026-03-05,LEGACY_MIGRATION,ACTIVE,MAR/AGO,100599ea-a307-434f-9b35-f1fd1eb85084,EXACT_OR_PRIOR
209dac48-1e05-4390-a5da-676e1ee3b311|TUITION|2026-08,209dac48-1e05-4390-a5da-676e1ee3b311,25-26,TUITION,2026.0,8.0,1000.00,2026-03-05,LEGACY_MIGRATION,ACTIVE,MAR/AGO,100599ea-a307-434f-9b35-f1fd1eb85084,EXACT_OR_PRIOR
209dac48-1e05-4390-a5da-676e1ee3b311|TUITION|2026-04,209dac48-1e05-4390-a5da-676e1ee3b311,25-26,TUITION,2026.0,4.0,1000.00,2026-04-05,LEGACY_MIGRATION,ACTIVE,ABR,100599ea-a307-434f-9b35-f1fd1eb85084,EXACT_OR_PRIOR
209dac48-1e05-4390-a5da-676e1ee3b311|TUITION|2026-05,209dac48-1e05-4390-a5da-676e1ee3b311,25-26,TUITION,2026.0,5.0,1000.00,2026-05-05,LEGACY_MIGRATION,ACTIVE,MAY,100599ea-a307-434f-9b35-f1fd1eb85084,EXACT_OR_PRIOR
209dac48-1e05-4390-a5da-676e1ee3b311|TUITION|2026-06,209dac48-1e05-4390-a5da-676e1ee3b311,25-26,TUITION,2026.0,6.0,1000.00,2026-06-05,LEGACY_MIGRATION,ACTIVE,JUN,100599ea-a307-434f-9b35-f1fd1eb85084,EXACT_OR_PRIOR
2645afb7-c140-490c-b8db-c0dd4fbf6e11|TUITION|2025-09,2645afb7-c140-490c-b8db-c0dd4fbf6e11,25-26,TUITION,2025.0,9.0,1500.00,2025-09-05,LEGACY_MIGRATION,ACTIVE,SEP,1a15b055-350a-4f93-9dd1-50c238cf04d3,EXACT_OR_PRIOR
2645afb7-c140-490c-b8db-c0dd4fbf6e11|TUITION|2025-10,2645afb7-c140-490c-b8db-c0dd4fbf6e11,25-26,TUITION,2025.0,10.0,1500.00,2025-10-05,LEGACY_MIGRATION,ACTIVE,OCT,1a15b055-350a-4f93-9dd1-50c238cf04d3,EXACT_OR_PRIOR
2645afb7-c140-490c-b8db-c0dd4fbf6e11|TUITION|2025-11,2645afb7-c140-490c-b8db-c0dd4fbf6e11,25-26,TUITION,2025.0,11.0,1500.00,2025-11-05,LEGACY_MIGRATION,ACTIVE,NOV,1a15b055-350a-4f93-9dd1-50c238cf04d3,EXACT_OR_PRIOR
2645afb7-c140-490c-b8db-c0dd4fbf6e11|TUITION|2025-12,2645afb7-c140-490c-b8db-c0dd4fbf6e11,25-26,TUITION,2025.0,12.0,1500.00,2025-12-05,LEGACY_MIGRATION,ACTIVE,DIC/JUL,1a15b055-350a-4f93-9dd1-50c238cf04d3,EXACT_OR_PRIOR
2645afb7-c140-490c-b8db-c0dd4fbf6e11|TUITION|2026-07,2645afb7-c140-490c-b8db-c0dd4fbf6e11,25-26,TUITION,2026.0,7.0,1500.00,2025-12-05,LEGACY_MIGRATION,ACTIVE,DIC/JUL,1a15b055-350a-4f93-9dd1-50c238cf04d3,EXACT_OR_PRIOR
2645afb7-c140-490c-b8db-c0dd4fbf6e11|TUITION|2026-01,2645afb7-c140-490c-b8db-c0dd4fbf6e11,25-26,TUITION,2026.0,1.0,1500.00,2026-01-05,LEGACY_MIGRATION,ACTIVE,ENE,1a15b055-350a-4f93-9dd1-50c238cf04d3,EXACT_OR_PRIOR
2645afb7-c140-490c-b8db-c0dd4fbf6e11|TUITION|2026-02,2645afb7-c140-490c-b8db-c0dd4fbf6e11,25-26,TUITION,2026.0,2.0,1500.00,2026-02-05,LEGACY_MIGRATION,ACTIVE,FEB,1a15b055-350a-4f93-9dd1-50c238cf04d3,EXACT_OR_PRIOR
2645afb7-c140-490c-b8db-c0dd4fbf6e11|TUITION|2026-03,2645afb7-c140-490c-b8db-c0dd4fbf6e11,25-26,TUITION,2026.0,3.0,1500.00,2026-03-05,LEGACY_MIGRATION,ACTIVE,MAR/AGO,1a15b055-350a-4f93-9dd1-50c238cf04d3,EXACT_OR_PRIOR
2645afb7-c140-490c-b8db-c0dd4fbf6e11|TUITION|2026-08,2645afb7-c140-490c-b8db-c0dd4fbf6e11,25-26,TUITION,2026.0,8.0,1500.00,2026-03-05,LEGACY_MIGRATION,ACTIVE,MAR/AGO,1a15b055-350a-4f93-9dd1-50c238cf04d3,EXACT_OR_PRIOR
2645afb7-c140-490c-b8db-c0dd4fbf6e11|TUITION|2026-04,2645afb7-c140-490c-b8db-c0dd4fbf6e11,25-26,TUITION,2026.0,4.0,1500.00,2026-04-05,LEGACY_MIGRATION,ACTIVE,ABR,1a15b055-350a-4f93-9dd1-50c238cf04d3,EXACT_OR_PRIOR
2645afb7-c140-490c-b8db-c0dd4fbf6e11|TUITION|2026-05,2645afb7-c140-490c-b8db-c0dd4fbf6e11,25-26,TUITION,2026.0,5.0,1500.00,2026-05-05,LEGACY_MIGRATION,ACTIVE,MAY,1a15b055-350a-4f93-9dd1-50c238cf04d3,EXACT_OR_PRIOR
2645afb7-c140-490c-b8db-c0dd4fbf6e11|TUITION|2026-06,2645afb7-c140-490c-b8db-c0dd4fbf6e11,25-26,TUITION,2026.0,6.0,1500.00,2026-06-05,LEGACY_MIGRATION,ACTIVE,JUN,1a15b055-350a-4f93-9dd1-50c238cf04d3,EXACT_OR_PRIOR
273286ee-1011-4ae2-828e-974f625a6fd2|TUITION|2025-09,273286ee-1011-4ae2-828e-974f625a6fd2,25-26,TUITION,2025.0,9.0,1600.00,2025-09-05,LEGACY_MIGRATION,ACTIVE,SEP,4c597a59-0038-42a9-b4dc-0834decf3f6f,EXACT_OR_PRIOR
273286ee-1011-4ae2-828e-974f625a6fd2|TUITION|2025-10,273286ee-1011-4ae2-828e-974f625a6fd2,25-26,TUITION,2025.0,10.0,1600.00,2025-10-05,LEGACY_MIGRATION,ACTIVE,OCT,4c597a59-0038-42a9-b4dc-0834decf3f6f,EXACT_OR_PRIOR
273286ee-1011-4ae2-828e-974f625a6fd2|TUITION|2025-11,273286ee-1011-4ae2-828e-974f625a6fd2,25-26,TUITION,2025.0,11.0,1600.00,2025-11-05,LEGACY_MIGRATION,ACTIVE,NOV,4c597a59-0038-42a9-b4dc-0834decf3f6f,EXACT_OR_PRIOR
273286ee-1011-4ae2-828e-974f625a6fd2|TUITION|2025-12,273286ee-1011-4ae2-828e-974f625a6fd2,25-26,TUITION,2025.0,12.0,1600.00,2025-12-05,LEGACY_MIGRATION,ACTIVE,DIC/JUL,4c597a59-0038-42a9-b4dc-0834decf3f6f,EXACT_OR_PRIOR
273286ee-1011-4ae2-828e-974f625a6fd2|TUITION|2026-07,273286ee-1011-4ae2-828e-974f625a6fd2,25-26,TUITION,2026.0,7.0,1600.00,2025-12-05,LEGACY_MIGRATION,ACTIVE,DIC/JUL,4c597a59-0038-42a9-b4dc-0834decf3f6f,EXACT_OR_PRIOR
273286ee-1011-4ae2-828e-974f625a6fd2|TUITION|2026-01,273286ee-1011-4ae2-828e-974f625a6fd2,25-26,TUITION,2026.0,1.0,1600.00,2026-01-05,LEGACY_MIGRATION,ACTIVE,ENE,4c597a59-0038-42a9-b4dc-0834decf3f6f,EXACT_OR_PRIOR
273286ee-1011-4ae2-828e-974f625a6fd2|TUITION|2026-02,273286ee-1011-4ae2-828e-974f625a6fd2,25-26,TUITION,2026.0,2.0,1600.00,2026-02-05,LEGACY_MIGRATION,ACTIVE,FEB,4c597a59-0038-42a9-b4dc-0834decf3f6f,EXACT_OR_PRIOR
273286ee-1011-4ae2-828e-974f625a6fd2|TUITION|2026-03,273286ee-1011-4ae2-828e-974f625a6fd2,25-26,TUITION,2026.0,3.0,1600.00,2026-03-05,LEGACY_MIGRATION,ACTIVE,MAR/AGO,4c597a59-0038-42a9-b4dc-0834decf3f6f,EXACT_OR_PRIOR
273286ee-1011-4ae2-828e-974f625a6fd2|TUITION|2026-08,273286ee-1011-4ae2-828e-974f625a6fd2,25-26,TUITION,2026.0,8.0,1600.00,2026-03-05,LEGACY_MIGRATION,ACTIVE,MAR/AGO,4c597a59-0038-42a9-b4dc-0834decf3f6f,EXACT_OR_PRIOR
273286ee-1011-4ae2-828e-974f625a6fd2|TUITION|2026-04,273286ee-1011-4ae2-828e-974f625a6fd2,25-26,TUITION,2026.0,4.0,1600.00,2026-04-05,LEGACY_MIGRATION,ACTIVE,ABR,4c597a59-0038-42a9-b4dc-0834decf3f6f,EXACT_OR_PRIOR
273286ee-1011-4ae2-828e-974f625a6fd2|TUITION|2026-05,273286ee-1011-4ae2-828e-974f625a6fd2,25-26,TUITION,2026.0,5.0,1600.00,2026-05-05,LEGACY_MIGRATION,ACTIVE,MAY,4c597a59-0038-42a9-b4dc-0834decf3f6f,EXACT_OR_PRIOR
273286ee-1011-4ae2-828e-974f625a6fd2|TUITION|2026-06,273286ee-1011-4ae2-828e-974f625a6fd2,25-26,TUITION,2026.0,6.0,1600.00,2026-06-05,LEGACY_MIGRATION,ACTIVE,JUN,4c597a59-0038-42a9-b4dc-0834decf3f6f,EXACT_OR_PRIOR
2a01ea65-7487-4834-ab23-855018d8868e|TUITION|2025-09,2a01ea65-7487-4834-ab23-855018d8868e,25-26,TUITION,2025.0,9.0,1500.00,2025-09-05,LEGACY_MIGRATION,ACTIVE,SEP,509261cd-523a-4758-819e-7143106d0417,EXACT_OR_PRIOR
2a01ea65-7487-4834-ab23-855018d8868e|TUITION|2025-10,2a01ea65-7487-4834-ab23-855018d8868e,25-26,TUITION,2025.0,10.0,1500.00,2025-10-05,LEGACY_MIGRATION,ACTIVE,OCT,509261cd-523a-4758-819e-7143106d0417,EXACT_OR_PRIOR
2a01ea65-7487-4834-ab23-855018d8868e|TUITION|2025-11,2a01ea65-7487-4834-ab23-855018d8868e,25-26,TUITION,2025.0,11.0,1500.00,2025-11-05,LEGACY_MIGRATION,ACTIVE,NOV,509261cd-523a-4758-819e-7143106d0417,EXACT_OR_PRIOR
2a01ea65-7487-4834-ab23-855018d8868e|TUITION|2025-12,2a01ea65-7487-4834-ab23-855018d8868e,25-26,TUITION,2025.0,12.0,1500.00,2025-12-05,LEGACY_MIGRATION,ACTIVE,DIC/JUL,509261cd-523a-4758-819e-7143106d0417,EXACT_OR_PRIOR
2a01ea65-7487-4834-ab23-855018d8868e|TUITION|2026-07,2a01ea65-7487-4834-ab23-855018d8868e,25-26,TUITION,2026.0,7.0,1500.00,2025-12-05,LEGACY_MIGRATION,ACTIVE,DIC/JUL,509261cd-523a-4758-819e-7143106d0417,EXACT_OR_PRIOR
2a01ea65-7487-4834-ab23-855018d8868e|TUITION|2026-01,2a01ea65-7487-4834-ab23-855018d8868e,25-26,TUITION,2026.0,1.0,1500.00,2026-01-05,LEGACY_MIGRATION,ACTIVE,ENE,509261cd-523a-4758-819e-7143106d0417,EXACT_OR_PRIOR
2a01ea65-7487-4834-ab23-855018d8868e|TUITION|2026-02,2a01ea65-7487-4834-ab23-855018d8868e,25-26,TUITION,2026.0,2.0,1500.00,2026-02-05,LEGACY_MIGRATION,ACTIVE,FEB,509261cd-523a-4758-819e-7143106d0417,EXACT_OR_PRIOR
2a01ea65-7487-4834-ab23-855018d8868e|TUITION|2026-03,2a01ea65-7487-4834-ab23-855018d8868e,25-26,TUITION,2026.0,3.0,1500.00,2026-03-05,LEGACY_MIGRATION,ACTIVE,MAR/AGO,509261cd-523a-4758-819e-7143106d0417,EXACT_OR_PRIOR
2a01ea65-7487-4834-ab23-855018d8868e|TUITION|2026-08,2a01ea65-7487-4834-ab23-855018d8868e,25-26,TUITION,2026.0,8.0,1500.00,2026-03-05,LEGACY_MIGRATION,ACTIVE,MAR/AGO,509261cd-523a-4758-819e-7143106d0417,EXACT_OR_PRIOR
2a01ea65-7487-4834-ab23-855018d8868e|TUITION|2026-04,2a01ea65-7487-4834-ab23-855018d8868e,25-26,TUITION,2026.0,4.0,1500.00,2026-04-05,LEGACY_MIGRATION,ACTIVE,ABR,509261cd-523a-4758-819e-7143106d0417,EXACT_OR_PRIOR
2a01ea65-7487-4834-ab23-855018d8868e|TUITION|2026-05,2a01ea65-7487-4834-ab23-855018d8868e,25-26,TUITION,2026.0,5.0,1500.00,2026-05-05,LEGACY_MIGRATION,ACTIVE,MAY,509261cd-523a-4758-819e-7143106d0417,EXACT_OR_PRIOR
2a01ea65-7487-4834-ab23-855018d8868e|TUITION|2026-06,2a01ea65-7487-4834-ab23-855018d8868e,25-26,TUITION,2026.0,6.0,1500.00,2026-06-05,LEGACY_MIGRATION,ACTIVE,JUN,509261cd-523a-4758-819e-7143106d0417,EXACT_OR_PRIOR
2a0d752a-79d5-4658-bf0d-64b137383ac6|TUITION|2025-09,2a0d752a-79d5-4658-bf0d-64b137383ac6,25-26,TUITION,2025.0,9.0,900.00,2025-09-05,LEGACY_MIGRATION,ACTIVE,SEP,43151efd-c4b0-41cd-8b8e-3d8a24105cb0,EXACT_OR_PRIOR
2a0d752a-79d5-4658-bf0d-64b137383ac6|TUITION|2025-10,2a0d752a-79d5-4658-bf0d-64b137383ac6,25-26,TUITION,2025.0,10.0,900.00,2025-10-05,LEGACY_MIGRATION,ACTIVE,OCT,43151efd-c4b0-41cd-8b8e-3d8a24105cb0,EXACT_OR_PRIOR
2a0d752a-79d5-4658-bf0d-64b137383ac6|TUITION|2025-11,2a0d752a-79d5-4658-bf0d-64b137383ac6,25-26,TUITION,2025.0,11.0,900.00,2025-11-05,LEGACY_MIGRATION,ACTIVE,NOV,43151efd-c4b0-41cd-8b8e-3d8a24105cb0,EXACT_OR_PRIOR
2a0d752a-79d5-4658-bf0d-64b137383ac6|TUITION|2025-12,2a0d752a-79d5-4658-bf0d-64b137383ac6,25-26,TUITION,2025.0,12.0,900.00,2025-12-05,LEGACY_MIGRATION,ACTIVE,DIC/JUL,43151efd-c4b0-41cd-8b8e-3d8a24105cb0,EXACT_OR_PRIOR
2a0d752a-79d5-4658-bf0d-64b137383ac6|TUITION|2026-07,2a0d752a-79d5-4658-bf0d-64b137383ac6,25-26,TUITION,2026.0,7.0,900.00,2025-12-05,LEGACY_MIGRATION,ACTIVE,DIC/JUL,43151efd-c4b0-41cd-8b8e-3d8a24105cb0,EXACT_OR_PRIOR
2a0d752a-79d5-4658-bf0d-64b137383ac6|TUITION|2026-01,2a0d752a-79d5-4658-bf0d-64b137383ac6,25-26,TUITION,2026.0,1.0,900.00,2026-01-05,LEGACY_MIGRATION,ACTIVE,ENE,43151efd-c4b0-41cd-8b8e-3d8a24105cb0,EXACT_OR_PRIOR
2a0d752a-79d5-4658-bf0d-64b137383ac6|TUITION|2026-02,2a0d752a-79d5-4658-bf0d-64b137383ac6,25-26,TUITION,2026.0,2.0,900.00,2026-02-05,LEGACY_MIGRATION,ACTIVE,FEB,43151efd-c4b0-41cd-8b8e-3d8a24105cb0,EXACT_OR_PRIOR
2a0d752a-79d5-4658-bf0d-64b137383ac6|TUITION|2026-03,2a0d752a-79d5-4658-bf0d-64b137383ac6,25-26,TUITION,2026.0,3.0,900.00,2026-03-05,LEGACY_MIGRATION,ACTIVE,MAR/AGO,43151efd-c4b0-41cd-8b8e-3d8a24105cb0,EXACT_OR_PRIOR
2a0d752a-79d5-4658-bf0d-64b137383ac6|TUITION|2026-08,2a0d752a-79d5-4658-bf0d-64b137383ac6,25-26,TUITION,2026.0,8.0,900.00,2026-03-05,LEGACY_MIGRATION,ACTIVE,MAR/AGO,43151efd-c4b0-41cd-8b8e-3d8a24105cb0,EXACT_OR_PRIOR
2a0d752a-79d5-4658-bf0d-64b137383ac6|TUITION|2026-04,2a0d752a-79d5-4658-bf0d-64b137383ac6,25-26,TUITION,2026.0,4.0,900.00,2026-04-05,LEGACY_MIGRATION,ACTIVE,ABR,43151efd-c4b0-41cd-8b8e-3d8a24105cb0,EXACT_OR_PRIOR
2a0d752a-79d5-4658-bf0d-64b137383ac6|TUITION|2026-05,2a0d752a-79d5-4658-bf0d-64b137383ac6,25-26,TUITION,2026.0,5.0,900.00,2026-05-05,LEGACY_MIGRATION,ACTIVE,MAY,43151efd-c4b0-41cd-8b8e-3d8a24105cb0,EXACT_OR_PRIOR
2a0d752a-79d5-4658-bf0d-64b137383ac6|TUITION|2026-06,2a0d752a-79d5-4658-bf0d-64b137383ac6,25-26,TUITION,2026.0,6.0,900.00,2026-06-05,LEGACY_MIGRATION,ACTIVE,JUN,43151efd-c4b0-41cd-8b8e-3d8a24105cb0,EXACT_OR_PRIOR
2bc201a6-4c7f-402c-9ed1-a2310ae79d3c|TUITION|2025-09,2bc201a6-4c7f-402c-9ed1-a2310ae79d3c,25-26,TUITION,2025.0,9.0,1500.00,2025-09-05,LEGACY_MIGRATION,ACTIVE,SEP,cad8bb53-c62e-448d-a100-58e13058d014,EXACT_OR_PRIOR
2bc201a6-4c7f-402c-9ed1-a2310ae79d3c|TUITION|2025-10,2bc201a6-4c7f-402c-9ed1-a2310ae79d3c,25-26,TUITION,2025.0,10.0,1500.00,2025-10-05,LEGACY_MIGRATION,ACTIVE,OCT,cad8bb53-c62e-448d-a100-58e13058d014,EXACT_OR_PRIOR
2bc201a6-4c7f-402c-9ed1-a2310ae79d3c|TUITION|2025-11,2bc201a6-4c7f-402c-9ed1-a2310ae79d3c,25-26,TUITION,2025.0,11.0,1500.00,2025-11-05,LEGACY_MIGRATION,ACTIVE,NOV,cad8bb53-c62e-448d-a100-58e13058d014,EXACT_OR_PRIOR
2bc201a6-4c7f-402c-9ed1-a2310ae79d3c|TUITION|2025-12,2bc201a6-4c7f-402c-9ed1-a2310ae79d3c,25-26,TUITION,2025.0,12.0,1500.00,2025-12-05,LEGACY_MIGRATION,ACTIVE,DIC/JUL,cad8bb53-c62e-448d-a100-58e13058d014,EXACT_OR_PRIOR
2bc201a6-4c7f-402c-9ed1-a2310ae79d3c|TUITION|2026-07,2bc201a6-4c7f-402c-9ed1-a2310ae79d3c,25-26,TUITION,2026.0,7.0,1500.00,2025-12-05,LEGACY_MIGRATION,ACTIVE,DIC/JUL,cad8bb53-c62e-448d-a100-58e13058d014,EXACT_OR_PRIOR
2bc201a6-4c7f-402c-9ed1-a2310ae79d3c|TUITION|2026-01,2bc201a6-4c7f-402c-9ed1-a2310ae79d3c,25-26,TUITION,2026.0,1.0,1500.00,2026-01-05,LEGACY_MIGRATION,ACTIVE,ENE,cad8bb53-c62e-448d-a100-58e13058d014,EXACT_OR_PRIOR
2bc201a6-4c7f-402c-9ed1-a2310ae79d3c|TUITION|2026-02,2bc201a6-4c7f-402c-9ed1-a2310ae79d3c,25-26,TUITION,2026.0,2.0,1500.00,2026-02-05,LEGACY_MIGRATION,ACTIVE,FEB,cad8bb53-c62e-448d-a100-58e13058d014,EXACT_OR_PRIOR
2bc201a6-4c7f-402c-9ed1-a2310ae79d3c|TUITION|2026-03,2bc201a6-4c7f-402c-9ed1-a2310ae79d3c,25-26,TUITION,2026.0,3.0,1500.00,2026-03-05,LEGACY_MIGRATION,ACTIVE,MAR/AGO,cad8bb53-c62e-448d-a100-58e13058d014,EXACT_OR_PRIOR
2bc201a6-4c7f-402c-9ed1-a2310ae79d3c|TUITION|2026-08,2bc201a6-4c7f-402c-9ed1-a2310ae79d3c,25-26,TUITION,2026.0,8.0,1500.00,2026-03-05,LEGACY_MIGRATION,ACTIVE,MAR/AGO,cad8bb53-c62e-448d-a100-58e13058d014,EXACT_OR_PRIOR
2bc201a6-4c7f-402c-9ed1-a2310ae79d3c|TUITION|2026-04,2bc201a6-4c7f-402c-9ed1-a2310ae79d3c,25-26,TUITION,2026.0,4.0,1500.00,2026-04-05,LEGACY_MIGRATION,ACTIVE,ABR,cad8bb53-c62e-448d-a100-58e13058d014,EXACT_OR_PRIOR
2bc201a6-4c7f-402c-9ed1-a2310ae79d3c|TUITION|2026-05,2bc201a6-4c7f-402c-9ed1-a2310ae79d3c,25-26,TUITION,2026.0,5.0,1500.00,2026-05-05,LEGACY_MIGRATION,ACTIVE,MAY,cad8bb53-c62e-448d-a100-58e13058d014,EXACT_OR_PRIOR
2bc201a6-4c7f-402c-9ed1-a2310ae79d3c|TUITION|2026-06,2bc201a6-4c7f-402c-9ed1-a2310ae79d3c,25-26,TUITION,2026.0,6.0,1500.00,2026-06-05,LEGACY_MIGRATION,ACTIVE,JUN,cad8bb53-c62e-448d-a100-58e13058d014,EXACT_OR_PRIOR
2d6d6932-f5eb-47d0-989c-4f813b54d973|TUITION|2025-09,2d6d6932-f5eb-47d0-989c-4f813b54d973,25-26,TUITION,2025.0,9.0,0.00,2025-09-05,LEGACY_MIGRATION,ACTIVE,SEP,e54479b9-9aca-417b-9173-db2eeb56c510,EXACT_OR_PRIOR
2d6d6932-f5eb-47d0-989c-4f813b54d973|TUITION|2025-10,2d6d6932-f5eb-47d0-989c-4f813b54d973,25-26,TUITION,2025.0,10.0,0.00,2025-10-05,LEGACY_MIGRATION,ACTIVE,OCT,e54479b9-9aca-417b-9173-db2eeb56c510,EXACT_OR_PRIOR
2d6d6932-f5eb-47d0-989c-4f813b54d973|TUITION|2025-11,2d6d6932-f5eb-47d0-989c-4f813b54d973,25-26,TUITION,2025.0,11.0,0.00,2025-11-05,LEGACY_MIGRATION,ACTIVE,NOV,e54479b9-9aca-417b-9173-db2eeb56c510,EXACT_OR_PRIOR
2d6d6932-f5eb-47d0-989c-4f813b54d973|TUITION|2025-12,2d6d6932-f5eb-47d0-989c-4f813b54d973,25-26,TUITION,2025.0,12.0,0.00,2025-12-05,LEGACY_MIGRATION,ACTIVE,DIC/JUL,e54479b9-9aca-417b-9173-db2eeb56c510,EXACT_OR_PRIOR
2d6d6932-f5eb-47d0-989c-4f813b54d973|TUITION|2026-07,2d6d6932-f5eb-47d0-989c-4f813b54d973,25-26,TUITION,2026.0,7.0,0.00,2025-12-05,LEGACY_MIGRATION,ACTIVE,DIC/JUL,e54479b9-9aca-417b-9173-db2eeb56c510,EXACT_OR_PRIOR
2d6d6932-f5eb-47d0-989c-4f813b54d973|TUITION|2026-01,2d6d6932-f5eb-47d0-989c-4f813b54d973,25-26,TUITION,2026.0,1.0,0.00,2026-01-05,LEGACY_MIGRATION,ACTIVE,ENE,e54479b9-9aca-417b-9173-db2eeb56c510,EXACT_OR_PRIOR
2d6d6932-f5eb-47d0-989c-4f813b54d973|TUITION|2026-02,2d6d6932-f5eb-47d0-989c-4f813b54d973,25-26,TUITION,2026.0,2.0,0.00,2026-02-05,LEGACY_MIGRATION,ACTIVE,FEB,e54479b9-9aca-417b-9173-db2eeb56c510,EXACT_OR_PRIOR
2d6d6932-f5eb-47d0-989c-4f813b54d973|TUITION|2026-03,2d6d6932-f5eb-47d0-989c-4f813b54d973,25-26,TUITION,2026.0,3.0,0.00,2026-03-05,LEGACY_MIGRATION,ACTIVE,MAR/AGO,e54479b9-9aca-417b-9173-db2eeb56c510,EXACT_OR_PRIOR
2d6d6932-f5eb-47d0-989c-4f813b54d973|TUITION|2026-08,2d6d6932-f5eb-47d0-989c-4f813b54d973,25-26,TUITION,2026.0,8.0,0.00,2026-03-05,LEGACY_MIGRATION,ACTIVE,MAR/AGO,e54479b9-9aca-417b-9173-db2eeb56c510,EXACT_OR_PRIOR
2d6d6932-f5eb-47d0-989c-4f813b54d973|TUITION|2026-04,2d6d6932-f5eb-47d0-989c-4f813b54d973,25-26,TUITION,2026.0,4.0,0.00,2026-04-05,LEGACY_MIGRATION,ACTIVE,ABR,e54479b9-9aca-417b-9173-db2eeb56c510,EXACT_OR_PRIOR
2d6d6932-f5eb-47d0-989c-4f813b54d973|TUITION|2026-05,2d6d6932-f5eb-47d0-989c-4f813b54d973,25-26,TUITION,2026.0,5.0,0.00,2026-05-05,LEGACY_MIGRATION,ACTIVE,MAY,e54479b9-9aca-417b-9173-db2eeb56c510,EXACT_OR_PRIOR
2d6d6932-f5eb-47d0-989c-4f813b54d973|TUITION|2026-06,2d6d6932-f5eb-47d0-989c-4f813b54d973,25-26,TUITION,2026.0,6.0,0.00,2026-06-05,LEGACY_MIGRATION,ACTIVE,JUN,e54479b9-9aca-417b-9173-db2eeb56c510,EXACT_OR_PRIOR
2e6b93f5-df65-49fd-8c38-d2325e1f2a4f|TUITION|2025-09,2e6b93f5-df65-49fd-8c38-d2325e1f2a4f,25-26,TUITION,2025.0,9.0,900.00,2025-09-05,LEGACY_MIGRATION,ACTIVE,SEP,9a12a329-917b-4845-a9fe-6da4f0545a2a,EXACT_OR_PRIOR
2e6b93f5-df65-49fd-8c38-d2325e1f2a4f|TUITION|2025-10,2e6b93f5-df65-49fd-8c38-d2325e1f2a4f,25-26,TUITION,2025.0,10.0,900.00,2025-10-05,LEGACY_MIGRATION,ACTIVE,OCT,9a12a329-917b-4845-a9fe-6da4f0545a2a,EXACT_OR_PRIOR
2e6b93f5-df65-49fd-8c38-d2325e1f2a4f|TUITION|2025-11,2e6b93f5-df65-49fd-8c38-d2325e1f2a4f,25-26,TUITION,2025.0,11.0,900.00,2025-11-05,LEGACY_MIGRATION,ACTIVE,NOV,9a12a329-917b-4845-a9fe-6da4f0545a2a,EXACT_OR_PRIOR
2e6b93f5-df65-49fd-8c38-d2325e1f2a4f|TUITION|2025-12,2e6b93f5-df65-49fd-8c38-d2325e1f2a4f,25-26,TUITION,2025.0,12.0,900.00,2025-12-05,LEGACY_MIGRATION,ACTIVE,DIC/JUL,9a12a329-917b-4845-a9fe-6da4f0545a2a,EXACT_OR_PRIOR
2e6b93f5-df65-49fd-8c38-d2325e1f2a4f|TUITION|2026-07,2e6b93f5-df65-49fd-8c38-d2325e1f2a4f,25-26,TUITION,2026.0,7.0,900.00,2025-12-05,LEGACY_MIGRATION,ACTIVE,DIC/JUL,9a12a329-917b-4845-a9fe-6da4f0545a2a,EXACT_OR_PRIOR
2e6b93f5-df65-49fd-8c38-d2325e1f2a4f|TUITION|2026-01,2e6b93f5-df65-49fd-8c38-d2325e1f2a4f,25-26,TUITION,2026.0,1.0,900.00,2026-01-05,LEGACY_MIGRATION,ACTIVE,ENE,9a12a329-917b-4845-a9fe-6da4f0545a2a,EXACT_OR_PRIOR
2e6b93f5-df65-49fd-8c38-d2325e1f2a4f|TUITION|2026-02,2e6b93f5-df65-49fd-8c38-d2325e1f2a4f,25-26,TUITION,2026.0,2.0,900.00,2026-02-05,LEGACY_MIGRATION,ACTIVE,FEB,9a12a329-917b-4845-a9fe-6da4f0545a2a,EXACT_OR_PRIOR
2e6b93f5-df65-49fd-8c38-d2325e1f2a4f|TUITION|2026-03,2e6b93f5-df65-49fd-8c38-d2325e1f2a4f,25-26,TUITION,2026.0,3.0,900.00,2026-03-05,LEGACY_MIGRATION,ACTIVE,MAR/AGO,9a12a329-917b-4845-a9fe-6da4f0545a2a,EXACT_OR_PRIOR
2e6b93f5-df65-49fd-8c38-d2325e1f2a4f|TUITION|2026-08,2e6b93f5-df65-49fd-8c38-d2325e1f2a4f,25-26,TUITION,2026.0,8.0,900.00,2026-03-05,LEGACY_MIGRATION,ACTIVE,MAR/AGO,9a12a329-917b-4845-a9fe-6da4f0545a2a,EXACT_OR_PRIOR
2e6b93f5-df65-49fd-8c38-d2325e1f2a4f|TUITION|2026-04,2e6b93f5-df65-49fd-8c38-d2325e1f2a4f,25-26,TUITION,2026.0,4.0,900.00,2026-04-05,LEGACY_MIGRATION,ACTIVE,ABR,9a12a329-917b-4845-a9fe-6da4f0545a2a,EXACT_OR_PRIOR
2e6b93f5-df65-49fd-8c38-d2325e1f2a4f|TUITION|2026-05,2e6b93f5-df65-49fd-8c38-d2325e1f2a4f,25-26,TUITION,2026.0,5.0,900.00,2026-05-05,LEGACY_MIGRATION,ACTIVE,MAY,9a12a329-917b-4845-a9fe-6da4f0545a2a,EXACT_OR_PRIOR
2e6b93f5-df65-49fd-8c38-d2325e1f2a4f|TUITION|2026-06,2e6b93f5-df65-49fd-8c38-d2325e1f2a4f,25-26,TUITION,2026.0,6.0,900.00,2026-06-05,LEGACY_MIGRATION,ACTIVE,JUN,9a12a329-917b-4845-a9fe-6da4f0545a2a,EXACT_OR_PRIOR
2fe35f28-fbab-491d-91b2-3d939e6b55bd|TUITION|2025-09,2fe35f28-fbab-491d-91b2-3d939e6b55bd,25-26,TUITION,2025.0,9.0,1500.00,2025-09-05,LEGACY_MIGRATION,ACTIVE,SEP,739204c7-54d6-40ad-ac6a-89b85af7d168,EXACT_OR_PRIOR
2fe35f28-fbab-491d-91b2-3d939e6b55bd|TUITION|2025-10,2fe35f28-fbab-491d-91b2-3d939e6b55bd,25-26,TUITION,2025.0,10.0,1500.00,2025-10-05,LEGACY_MIGRATION,ACTIVE,OCT,739204c7-54d6-40ad-ac6a-89b85af7d168,EXACT_OR_PRIOR
2fe35f28-fbab-491d-91b2-3d939e6b55bd|TUITION|2025-11,2fe35f28-fbab-491d-91b2-3d939e6b55bd,25-26,TUITION,2025.0,11.0,1500.00,2025-11-05,LEGACY_MIGRATION,ACTIVE,NOV,739204c7-54d6-40ad-ac6a-89b85af7d168,EXACT_OR_PRIOR
2fe35f28-fbab-491d-91b2-3d939e6b55bd|TUITION|2025-12,2fe35f28-fbab-491d-91b2-3d939e6b55bd,25-26,TUITION,2025.0,12.0,1500.00,2025-12-05,LEGACY_MIGRATION,ACTIVE,DIC/JUL,739204c7-54d6-40ad-ac6a-89b85af7d168,EXACT_OR_PRIOR
2fe35f28-fbab-491d-91b2-3d939e6b55bd|TUITION|2026-07,2fe35f28-fbab-491d-91b2-3d939e6b55bd,25-26,TUITION,2026.0,7.0,1500.00,2025-12-05,LEGACY_MIGRATION,ACTIVE,DIC/JUL,739204c7-54d6-40ad-ac6a-89b85af7d168,EXACT_OR_PRIOR
2fe35f28-fbab-491d-91b2-3d939e6b55bd|TUITION|2026-01,2fe35f28-fbab-491d-91b2-3d939e6b55bd,25-26,TUITION,2026.0,1.0,1500.00,2026-01-05,LEGACY_MIGRATION,ACTIVE,ENE,739204c7-54d6-40ad-ac6a-89b85af7d168,EXACT_OR_PRIOR
2fe35f28-fbab-491d-91b2-3d939e6b55bd|TUITION|2026-02,2fe35f28-fbab-491d-91b2-3d939e6b55bd,25-26,TUITION,2026.0,2.0,1500.00,2026-02-05,LEGACY_MIGRATION,ACTIVE,FEB,739204c7-54d6-40ad-ac6a-89b85af7d168,EXACT_OR_PRIOR
2fe35f28-fbab-491d-91b2-3d939e6b55bd|TUITION|2026-03,2fe35f28-fbab-491d-91b2-3d939e6b55bd,25-26,TUITION,2026.0,3.0,1500.00,2026-03-05,LEGACY_MIGRATION,ACTIVE,MAR/AGO,739204c7-54d6-40ad-ac6a-89b85af7d168,EXACT_OR_PRIOR
2fe35f28-fbab-491d-91b2-3d939e6b55bd|TUITION|2026-08,2fe35f28-fbab-491d-91b2-3d939e6b55bd,25-26,TUITION,2026.0,8.0,1500.00,2026-03-05,LEGACY_MIGRATION,ACTIVE,MAR/AGO,739204c7-54d6-40ad-ac6a-89b85af7d168,EXACT_OR_PRIOR
2fe35f28-fbab-491d-91b2-3d939e6b55bd|TUITION|2026-04,2fe35f28-fbab-491d-91b2-3d939e6b55bd,25-26,TUITION,2026.0,4.0,1500.00,2026-04-05,LEGACY_MIGRATION,ACTIVE,ABR,739204c7-54d6-40ad-ac6a-89b85af7d168,EXACT_OR_PRIOR
2fe35f28-fbab-491d-91b2-3d939e6b55bd|TUITION|2026-05,2fe35f28-fbab-491d-91b2-3d939e6b55bd,25-26,TUITION,2026.0,5.0,1500.00,2026-05-05,LEGACY_MIGRATION,ACTIVE,MAY,739204c7-54d6-40ad-ac6a-89b85af7d168,EXACT_OR_PRIOR
2fe35f28-fbab-491d-91b2-3d939e6b55bd|TUITION|2026-06,2fe35f28-fbab-491d-91b2-3d939e6b55bd,25-26,TUITION,2026.0,6.0,1500.00,2026-06-05,LEGACY_MIGRATION,ACTIVE,JUN,739204c7-54d6-40ad-ac6a-89b85af7d168,EXACT_OR_PRIOR
317e5fd7-d8e6-4476-b348-a0a726649924|TUITION|2025-09,317e5fd7-d8e6-4476-b348-a0a726649924,25-26,TUITION,2025.0,9.0,1200.00,2025-09-05,LEGACY_MIGRATION,ACTIVE,SEP,6c1d838f-cdce-467a-a030-42e72d89d5d0,EXACT_OR_PRIOR
317e5fd7-d8e6-4476-b348-a0a726649924|TUITION|2025-10,317e5fd7-d8e6-4476-b348-a0a726649924,25-26,TUITION,2025.0,10.0,1200.00,2025-10-05,LEGACY_MIGRATION,ACTIVE,OCT,6c1d838f-cdce-467a-a030-42e72d89d5d0,EXACT_OR_PRIOR
317e5fd7-d8e6-4476-b348-a0a726649924|TUITION|2025-11,317e5fd7-d8e6-4476-b348-a0a726649924,25-26,TUITION,2025.0,11.0,1200.00,2025-11-05,LEGACY_MIGRATION,ACTIVE,NOV,6c1d838f-cdce-467a-a030-42e72d89d5d0,EXACT_OR_PRIOR
317e5fd7-d8e6-4476-b348-a0a726649924|TUITION|2025-12,317e5fd7-d8e6-4476-b348-a0a726649924,25-26,TUITION,2025.0,12.0,1200.00,2025-12-05,LEGACY_MIGRATION,ACTIVE,DIC/JUL,6c1d838f-cdce-467a-a030-42e72d89d5d0,EXACT_OR_PRIOR
317e5fd7-d8e6-4476-b348-a0a726649924|TUITION|2026-07,317e5fd7-d8e6-4476-b348-a0a726649924,25-26,TUITION,2026.0,7.0,1200.00,2025-12-05,LEGACY_MIGRATION,ACTIVE,DIC/JUL,6c1d838f-cdce-467a-a030-42e72d89d5d0,EXACT_OR_PRIOR
317e5fd7-d8e6-4476-b348-a0a726649924|TUITION|2026-01,317e5fd7-d8e6-4476-b348-a0a726649924,25-26,TUITION,2026.0,1.0,1200.00,2026-01-05,LEGACY_MIGRATION,ACTIVE,ENE,6c1d838f-cdce-467a-a030-42e72d89d5d0,EXACT_OR_PRIOR
317e5fd7-d8e6-4476-b348-a0a726649924|TUITION|2026-02,317e5fd7-d8e6-4476-b348-a0a726649924,25-26,TUITION,2026.0,2.0,1200.00,2026-02-05,LEGACY_MIGRATION,ACTIVE,FEB,6c1d838f-cdce-467a-a030-42e72d89d5d0,EXACT_OR_PRIOR
317e5fd7-d8e6-4476-b348-a0a726649924|TUITION|2026-03,317e5fd7-d8e6-4476-b348-a0a726649924,25-26,TUITION,2026.0,3.0,1200.00,2026-03-05,LEGACY_MIGRATION,ACTIVE,MAR/AGO,6c1d838f-cdce-467a-a030-42e72d89d5d0,EXACT_OR_PRIOR
317e5fd7-d8e6-4476-b348-a0a726649924|TUITION|2026-08,317e5fd7-d8e6-4476-b348-a0a726649924,25-26,TUITION,2026.0,8.0,1200.00,2026-03-05,LEGACY_MIGRATION,ACTIVE,MAR/AGO,6c1d838f-cdce-467a-a030-42e72d89d5d0,EXACT_OR_PRIOR
317e5fd7-d8e6-4476-b348-a0a726649924|TUITION|2026-04,317e5fd7-d8e6-4476-b348-a0a726649924,25-26,TUITION,2026.0,4.0,1200.00,2026-04-05,LEGACY_MIGRATION,ACTIVE,ABR,6c1d838f-cdce-467a-a030-42e72d89d5d0,EXACT_OR_PRIOR
317e5fd7-d8e6-4476-b348-a0a726649924|TUITION|2026-05,317e5fd7-d8e6-4476-b348-a0a726649924,25-26,TUITION,2026.0,5.0,1200.00,2026-05-05,LEGACY_MIGRATION,ACTIVE,MAY,6c1d838f-cdce-467a-a030-42e72d89d5d0,EXACT_OR_PRIOR
317e5fd7-d8e6-4476-b348-a0a726649924|TUITION|2026-06,317e5fd7-d8e6-4476-b348-a0a726649924,25-26,TUITION,2026.0,6.0,1200.00,2026-06-05,LEGACY_MIGRATION,ACTIVE,JUN,6c1d838f-cdce-467a-a030-42e72d89d5d0,EXACT_OR_PRIOR
3523dbd3-f616-4c1d-9a52-db64d88e0b23|TUITION|2025-09,3523dbd3-f616-4c1d-9a52-db64d88e0b23,25-26,TUITION,2025.0,9.0,1400.00,2025-09-05,LEGACY_MIGRATION,ACTIVE,SEP,3aa656fa-1554-4e93-af68-9d6e0da1defd,EXACT_OR_PRIOR
3523dbd3-f616-4c1d-9a52-db64d88e0b23|TUITION|2025-10,3523dbd3-f616-4c1d-9a52-db64d88e0b23,25-26,TUITION,2025.0,10.0,1400.00,2025-10-05,LEGACY_MIGRATION,ACTIVE,OCT,3aa656fa-1554-4e93-af68-9d6e0da1defd,EXACT_OR_PRIOR
3523dbd3-f616-4c1d-9a52-db64d88e0b23|TUITION|2025-11,3523dbd3-f616-4c1d-9a52-db64d88e0b23,25-26,TUITION,2025.0,11.0,1400.00,2025-11-05,LEGACY_MIGRATION,ACTIVE,NOV,3aa656fa-1554-4e93-af68-9d6e0da1defd,EXACT_OR_PRIOR
3523dbd3-f616-4c1d-9a52-db64d88e0b23|TUITION|2025-12,3523dbd3-f616-4c1d-9a52-db64d88e0b23,25-26,TUITION,2025.0,12.0,1400.00,2025-12-05,LEGACY_MIGRATION,ACTIVE,DIC/JUL,3aa656fa-1554-4e93-af68-9d6e0da1defd,EXACT_OR_PRIOR
3523dbd3-f616-4c1d-9a52-db64d88e0b23|TUITION|2026-07,3523dbd3-f616-4c1d-9a52-db64d88e0b23,25-26,TUITION,2026.0,7.0,1400.00,2025-12-05,LEGACY_MIGRATION,ACTIVE,DIC/JUL,3aa656fa-1554-4e93-af68-9d6e0da1defd,EXACT_OR_PRIOR
3523dbd3-f616-4c1d-9a52-db64d88e0b23|TUITION|2026-01,3523dbd3-f616-4c1d-9a52-db64d88e0b23,25-26,TUITION,2026.0,1.0,1400.00,2026-01-05,LEGACY_MIGRATION,ACTIVE,ENE,3aa656fa-1554-4e93-af68-9d6e0da1defd,EXACT_OR_PRIOR
3523dbd3-f616-4c1d-9a52-db64d88e0b23|TUITION|2026-02,3523dbd3-f616-4c1d-9a52-db64d88e0b23,25-26,TUITION,2026.0,2.0,1400.00,2026-02-05,LEGACY_MIGRATION,ACTIVE,FEB,3aa656fa-1554-4e93-af68-9d6e0da1defd,EXACT_OR_PRIOR
3523dbd3-f616-4c1d-9a52-db64d88e0b23|TUITION|2026-03,3523dbd3-f616-4c1d-9a52-db64d88e0b23,25-26,TUITION,2026.0,3.0,1400.00,2026-03-05,LEGACY_MIGRATION,ACTIVE,MAR/AGO,3aa656fa-1554-4e93-af68-9d6e0da1defd,EXACT_OR_PRIOR
3523dbd3-f616-4c1d-9a52-db64d88e0b23|TUITION|2026-08,3523dbd3-f616-4c1d-9a52-db64d88e0b23,25-26,TUITION,2026.0,8.0,1400.00,2026-03-05,LEGACY_MIGRATION,ACTIVE,MAR/AGO,3aa656fa-1554-4e93-af68-9d6e0da1defd,EXACT_OR_PRIOR
3523dbd3-f616-4c1d-9a52-db64d88e0b23|TUITION|2026-04,3523dbd3-f616-4c1d-9a52-db64d88e0b23,25-26,TUITION,2026.0,4.0,1400.00,2026-04-05,LEGACY_MIGRATION,ACTIVE,ABR,3aa656fa-1554-4e93-af68-9d6e0da1defd,EXACT_OR_PRIOR
3523dbd3-f616-4c1d-9a52-db64d88e0b23|TUITION|2026-05,3523dbd3-f616-4c1d-9a52-db64d88e0b23,25-26,TUITION,2026.0,5.0,1400.00,2026-05-05,LEGACY_MIGRATION,ACTIVE,MAY,3aa656fa-1554-4e93-af68-9d6e0da1defd,EXACT_OR_PRIOR
3523dbd3-f616-4c1d-9a52-db64d88e0b23|TUITION|2026-06,3523dbd3-f616-4c1d-9a52-db64d88e0b23,25-26,TUITION,2026.0,6.0,1400.00,2026-06-05,LEGACY_MIGRATION,ACTIVE,JUN,3aa656fa-1554-4e93-af68-9d6e0da1defd,EXACT_OR_PRIOR
37b6c311-9c1a-461e-a70b-d93557cdbc0d|TUITION|2025-09,37b6c311-9c1a-461e-a70b-d93557cdbc0d,25-26,TUITION,2025.0,9.0,1000.00,2025-09-05,LEGACY_MIGRATION,ACTIVE,SEP,c9e6b15b-32f3-40f7-936e-4bbbd96929d6,EXACT_OR_PRIOR
37b6c311-9c1a-461e-a70b-d93557cdbc0d|TUITION|2025-10,37b6c311-9c1a-461e-a70b-d93557cdbc0d,25-26,TUITION,2025.0,10.0,1000.00,2025-10-05,LEGACY_MIGRATION,ACTIVE,OCT,c9e6b15b-32f3-40f7-936e-4bbbd96929d6,EXACT_OR_PRIOR
37b6c311-9c1a-461e-a70b-d93557cdbc0d|TUITION|2025-11,37b6c311-9c1a-461e-a70b-d93557cdbc0d,25-26,TUITION,2025.0,11.0,1000.00,2025-11-05,LEGACY_MIGRATION,ACTIVE,NOV,c9e6b15b-32f3-40f7-936e-4bbbd96929d6,EXACT_OR_PRIOR
37b6c311-9c1a-461e-a70b-d93557cdbc0d|TUITION|2025-12,37b6c311-9c1a-461e-a70b-d93557cdbc0d,25-26,TUITION,2025.0,12.0,1000.00,2025-12-05,LEGACY_MIGRATION,ACTIVE,DIC/JUL,c9e6b15b-32f3-40f7-936e-4bbbd96929d6,EXACT_OR_PRIOR
37b6c311-9c1a-461e-a70b-d93557cdbc0d|TUITION|2026-07,37b6c311-9c1a-461e-a70b-d93557cdbc0d,25-26,TUITION,2026.0,7.0,1000.00,2025-12-05,LEGACY_MIGRATION,ACTIVE,DIC/JUL,c9e6b15b-32f3-40f7-936e-4bbbd96929d6,EXACT_OR_PRIOR
37b6c311-9c1a-461e-a70b-d93557cdbc0d|TUITION|2026-01,37b6c311-9c1a-461e-a70b-d93557cdbc0d,25-26,TUITION,2026.0,1.0,1000.00,2026-01-05,LEGACY_MIGRATION,ACTIVE,ENE,c9e6b15b-32f3-40f7-936e-4bbbd96929d6,EXACT_OR_PRIOR
37b6c311-9c1a-461e-a70b-d93557cdbc0d|TUITION|2026-02,37b6c311-9c1a-461e-a70b-d93557cdbc0d,25-26,TUITION,2026.0,2.0,1000.00,2026-02-05,LEGACY_MIGRATION,ACTIVE,FEB,c9e6b15b-32f3-40f7-936e-4bbbd96929d6,EXACT_OR_PRIOR
37b6c311-9c1a-461e-a70b-d93557cdbc0d|TUITION|2026-03,37b6c311-9c1a-461e-a70b-d93557cdbc0d,25-26,TUITION,2026.0,3.0,1000.00,2026-03-05,LEGACY_MIGRATION,ACTIVE,MAR/AGO,c9e6b15b-32f3-40f7-936e-4bbbd96929d6,EXACT_OR_PRIOR
37b6c311-9c1a-461e-a70b-d93557cdbc0d|TUITION|2026-08,37b6c311-9c1a-461e-a70b-d93557cdbc0d,25-26,TUITION,2026.0,8.0,1000.00,2026-03-05,LEGACY_MIGRATION,ACTIVE,MAR/AGO,c9e6b15b-32f3-40f7-936e-4bbbd96929d6,EXACT_OR_PRIOR
37b6c311-9c1a-461e-a70b-d93557cdbc0d|TUITION|2026-04,37b6c311-9c1a-461e-a70b-d93557cdbc0d,25-26,TUITION,2026.0,4.0,1000.00,2026-04-05,LEGACY_MIGRATION,ACTIVE,ABR,c9e6b15b-32f3-40f7-936e-4bbbd96929d6,EXACT_OR_PRIOR
37b6c311-9c1a-461e-a70b-d93557cdbc0d|TUITION|2026-05,37b6c311-9c1a-461e-a70b-d93557cdbc0d,25-26,TUITION,2026.0,5.0,1000.00,2026-05-05,LEGACY_MIGRATION,ACTIVE,MAY,c9e6b15b-32f3-40f7-936e-4bbbd96929d6,EXACT_OR_PRIOR
37b6c311-9c1a-461e-a70b-d93557cdbc0d|TUITION|2026-06,37b6c311-9c1a-461e-a70b-d93557cdbc0d,25-26,TUITION,2026.0,6.0,1000.00,2026-06-05,LEGACY_MIGRATION,ACTIVE,JUN,c9e6b15b-32f3-40f7-936e-4bbbd96929d6,EXACT_OR_PRIOR
3c1c4ba3-2fb1-42d4-bb72-bf84b00d517c|TUITION|2025-09,3c1c4ba3-2fb1-42d4-bb72-bf84b00d517c,25-26,TUITION,2025.0,9.0,0.00,2025-09-05,LEGACY_MIGRATION,ACTIVE,SEP,9d5595e1-a84c-4eaa-9232-945be62c8c96,EXACT_OR_PRIOR
3c1c4ba3-2fb1-42d4-bb72-bf84b00d517c|TUITION|2025-10,3c1c4ba3-2fb1-42d4-bb72-bf84b00d517c,25-26,TUITION,2025.0,10.0,0.00,2025-10-05,LEGACY_MIGRATION,ACTIVE,OCT,9d5595e1-a84c-4eaa-9232-945be62c8c96,EXACT_OR_PRIOR
3c1c4ba3-2fb1-42d4-bb72-bf84b00d517c|TUITION|2025-11,3c1c4ba3-2fb1-42d4-bb72-bf84b00d517c,25-26,TUITION,2025.0,11.0,0.00,2025-11-05,LEGACY_MIGRATION,ACTIVE,NOV,9d5595e1-a84c-4eaa-9232-945be62c8c96,EXACT_OR_PRIOR
3c1c4ba3-2fb1-42d4-bb72-bf84b00d517c|TUITION|2025-12,3c1c4ba3-2fb1-42d4-bb72-bf84b00d517c,25-26,TUITION,2025.0,12.0,0.00,2025-12-05,LEGACY_MIGRATION,ACTIVE,DIC/JUL,9d5595e1-a84c-4eaa-9232-945be62c8c96,EXACT_OR_PRIOR
3c1c4ba3-2fb1-42d4-bb72-bf84b00d517c|TUITION|2026-07,3c1c4ba3-2fb1-42d4-bb72-bf84b00d517c,25-26,TUITION,2026.0,7.0,0.00,2025-12-05,LEGACY_MIGRATION,ACTIVE,DIC/JUL,9d5595e1-a84c-4eaa-9232-945be62c8c96,EXACT_OR_PRIOR
3c1c4ba3-2fb1-42d4-bb72-bf84b00d517c|TUITION|2026-01,3c1c4ba3-2fb1-42d4-bb72-bf84b00d517c,25-26,TUITION,2026.0,1.0,0.00,2026-01-05,LEGACY_MIGRATION,ACTIVE,ENE,9d5595e1-a84c-4eaa-9232-945be62c8c96,EXACT_OR_PRIOR
3c1c4ba3-2fb1-42d4-bb72-bf84b00d517c|TUITION|2026-02,3c1c4ba3-2fb1-42d4-bb72-bf84b00d517c,25-26,TUITION,2026.0,2.0,0.00,2026-02-05,LEGACY_MIGRATION,ACTIVE,FEB,9d5595e1-a84c-4eaa-9232-945be62c8c96,EXACT_OR_PRIOR
3c1c4ba3-2fb1-42d4-bb72-bf84b00d517c|TUITION|2026-03,3c1c4ba3-2fb1-42d4-bb72-bf84b00d517c,25-26,TUITION,2026.0,3.0,0.00,2026-03-05,LEGACY_MIGRATION,ACTIVE,MAR/AGO,9d5595e1-a84c-4eaa-9232-945be62c8c96,EXACT_OR_PRIOR
3c1c4ba3-2fb1-42d4-bb72-bf84b00d517c|TUITION|2026-08,3c1c4ba3-2fb1-42d4-bb72-bf84b00d517c,25-26,TUITION,2026.0,8.0,0.00,2026-03-05,LEGACY_MIGRATION,ACTIVE,MAR/AGO,9d5595e1-a84c-4eaa-9232-945be62c8c96,EXACT_OR_PRIOR
3c1c4ba3-2fb1-42d4-bb72-bf84b00d517c|TUITION|2026-04,3c1c4ba3-2fb1-42d4-bb72-bf84b00d517c,25-26,TUITION,2026.0,4.0,0.00,2026-04-05,LEGACY_MIGRATION,ACTIVE,ABR,9d5595e1-a84c-4eaa-9232-945be62c8c96,EXACT_OR_PRIOR
3c1c4ba3-2fb1-42d4-bb72-bf84b00d517c|TUITION|2026-05,3c1c4ba3-2fb1-42d4-bb72-bf84b00d517c,25-26,TUITION,2026.0,5.0,0.00,2026-05-05,LEGACY_MIGRATION,ACTIVE,MAY,9d5595e1-a84c-4eaa-9232-945be62c8c96,EXACT_OR_PRIOR
3c1c4ba3-2fb1-42d4-bb72-bf84b00d517c|TUITION|2026-06,3c1c4ba3-2fb1-42d4-bb72-bf84b00d517c,25-26,TUITION,2026.0,6.0,0.00,2026-06-05,LEGACY_MIGRATION,ACTIVE,JUN,9d5595e1-a84c-4eaa-9232-945be62c8c96,EXACT_OR_PRIOR
3f41b6c5-35cb-41d3-a974-762ad0f1c7f3|TUITION|2025-09,3f41b6c5-35cb-41d3-a974-762ad0f1c7f3,25-26,TUITION,2025.0,9.0,1600.00,2025-09-05,LEGACY_MIGRATION,ACTIVE,SEP,a04fed85-ebde-499d-9e3e-db25ae088cf1,EXACT_OR_PRIOR
3f41b6c5-35cb-41d3-a974-762ad0f1c7f3|TUITION|2025-10,3f41b6c5-35cb-41d3-a974-762ad0f1c7f3,25-26,TUITION,2025.0,10.0,1600.00,2025-10-05,LEGACY_MIGRATION,ACTIVE,OCT,a04fed85-ebde-499d-9e3e-db25ae088cf1,EXACT_OR_PRIOR
3f41b6c5-35cb-41d3-a974-762ad0f1c7f3|TUITION|2025-11,3f41b6c5-35cb-41d3-a974-762ad0f1c7f3,25-26,TUITION,2025.0,11.0,1600.00,2025-11-05,LEGACY_MIGRATION,ACTIVE,NOV,a04fed85-ebde-499d-9e3e-db25ae088cf1,EXACT_OR_PRIOR
3f41b6c5-35cb-41d3-a974-762ad0f1c7f3|TUITION|2025-12,3f41b6c5-35cb-41d3-a974-762ad0f1c7f3,25-26,TUITION,2025.0,12.0,1600.00,2025-12-05,LEGACY_MIGRATION,ACTIVE,DIC/JUL,a04fed85-ebde-499d-9e3e-db25ae088cf1,EXACT_OR_PRIOR
3f41b6c5-35cb-41d3-a974-762ad0f1c7f3|TUITION|2026-07,3f41b6c5-35cb-41d3-a974-762ad0f1c7f3,25-26,TUITION,2026.0,7.0,1600.00,2025-12-05,LEGACY_MIGRATION,ACTIVE,DIC/JUL,a04fed85-ebde-499d-9e3e-db25ae088cf1,EXACT_OR_PRIOR
3f41b6c5-35cb-41d3-a974-762ad0f1c7f3|TUITION|2026-01,3f41b6c5-35cb-41d3-a974-762ad0f1c7f3,25-26,TUITION,2026.0,1.0,1600.00,2026-01-05,LEGACY_MIGRATION,ACTIVE,ENE,a04fed85-ebde-499d-9e3e-db25ae088cf1,EXACT_OR_PRIOR
3f41b6c5-35cb-41d3-a974-762ad0f1c7f3|TUITION|2026-02,3f41b6c5-35cb-41d3-a974-762ad0f1c7f3,25-26,TUITION,2026.0,2.0,1600.00,2026-02-05,LEGACY_MIGRATION,ACTIVE,FEB,a04fed85-ebde-499d-9e3e-db25ae088cf1,EXACT_OR_PRIOR
3f41b6c5-35cb-41d3-a974-762ad0f1c7f3|TUITION|2026-03,3f41b6c5-35cb-41d3-a974-762ad0f1c7f3,25-26,TUITION,2026.0,3.0,1600.00,2026-03-05,LEGACY_MIGRATION,ACTIVE,MAR/AGO,a04fed85-ebde-499d-9e3e-db25ae088cf1,EXACT_OR_PRIOR
3f41b6c5-35cb-41d3-a974-762ad0f1c7f3|TUITION|2026-08,3f41b6c5-35cb-41d3-a974-762ad0f1c7f3,25-26,TUITION,2026.0,8.0,1600.00,2026-03-05,LEGACY_MIGRATION,ACTIVE,MAR/AGO,a04fed85-ebde-499d-9e3e-db25ae088cf1,EXACT_OR_PRIOR
3f41b6c5-35cb-41d3-a974-762ad0f1c7f3|TUITION|2026-04,3f41b6c5-35cb-41d3-a974-762ad0f1c7f3,25-26,TUITION,2026.0,4.0,1600.00,2026-04-05,LEGACY_MIGRATION,ACTIVE,ABR,a04fed85-ebde-499d-9e3e-db25ae088cf1,EXACT_OR_PRIOR
3f41b6c5-35cb-41d3-a974-762ad0f1c7f3|TUITION|2026-05,3f41b6c5-35cb-41d3-a974-762ad0f1c7f3,25-26,TUITION,2026.0,5.0,1600.00,2026-05-05,LEGACY_MIGRATION,ACTIVE,MAY,a04fed85-ebde-499d-9e3e-db25ae088cf1,EXACT_OR_PRIOR
3f41b6c5-35cb-41d3-a974-762ad0f1c7f3|TUITION|2026-06,3f41b6c5-35cb-41d3-a974-762ad0f1c7f3,25-26,TUITION,2026.0,6.0,1600.00,2026-06-05,LEGACY_MIGRATION,ACTIVE,JUN,a04fed85-ebde-499d-9e3e-db25ae088cf1,EXACT_OR_PRIOR
3f6663d7-9b89-4ea2-9f06-5035caff6390|TUITION|2025-09,3f6663d7-9b89-4ea2-9f06-5035caff6390,25-26,TUITION,2025.0,9.0,900.00,2025-09-05,LEGACY_MIGRATION,ACTIVE,SEP,e6258133-ca76-4c6d-a0fc-2ef4c7b8a61c,EXACT_OR_PRIOR
3f6663d7-9b89-4ea2-9f06-5035caff6390|TUITION|2025-10,3f6663d7-9b89-4ea2-9f06-5035caff6390,25-26,TUITION,2025.0,10.0,900.00,2025-10-05,LEGACY_MIGRATION,ACTIVE,OCT,e6258133-ca76-4c6d-a0fc-2ef4c7b8a61c,EXACT_OR_PRIOR
3f6663d7-9b89-4ea2-9f06-5035caff6390|TUITION|2025-11,3f6663d7-9b89-4ea2-9f06-5035caff6390,25-26,TUITION,2025.0,11.0,900.00,2025-11-05,LEGACY_MIGRATION,ACTIVE,NOV,e6258133-ca76-4c6d-a0fc-2ef4c7b8a61c,EXACT_OR_PRIOR
3f6663d7-9b89-4ea2-9f06-5035caff6390|TUITION|2025-12,3f6663d7-9b89-4ea2-9f06-5035caff6390,25-26,TUITION,2025.0,12.0,900.00,2025-12-05,LEGACY_MIGRATION,ACTIVE,DIC/JUL,e6258133-ca76-4c6d-a0fc-2ef4c7b8a61c,EXACT_OR_PRIOR
3f6663d7-9b89-4ea2-9f06-5035caff6390|TUITION|2026-07,3f6663d7-9b89-4ea2-9f06-5035caff6390,25-26,TUITION,2026.0,7.0,900.00,2025-12-05,LEGACY_MIGRATION,ACTIVE,DIC/JUL,e6258133-ca76-4c6d-a0fc-2ef4c7b8a61c,EXACT_OR_PRIOR
3f6663d7-9b89-4ea2-9f06-5035caff6390|TUITION|2026-01,3f6663d7-9b89-4ea2-9f06-5035caff6390,25-26,TUITION,2026.0,1.0,900.00,2026-01-05,LEGACY_MIGRATION,ACTIVE,ENE,e6258133-ca76-4c6d-a0fc-2ef4c7b8a61c,EXACT_OR_PRIOR
3f6663d7-9b89-4ea2-9f06-5035caff6390|TUITION|2026-02,3f6663d7-9b89-4ea2-9f06-5035caff6390,25-26,TUITION,2026.0,2.0,900.00,2026-02-05,LEGACY_MIGRATION,ACTIVE,FEB,e6258133-ca76-4c6d-a0fc-2ef4c7b8a61c,EXACT_OR_PRIOR
3f6663d7-9b89-4ea2-9f06-5035caff6390|TUITION|2026-03,3f6663d7-9b89-4ea2-9f06-5035caff6390,25-26,TUITION,2026.0,3.0,900.00,2026-03-05,LEGACY_MIGRATION,ACTIVE,MAR/AGO,e6258133-ca76-4c6d-a0fc-2ef4c7b8a61c,EXACT_OR_PRIOR
3f6663d7-9b89-4ea2-9f06-5035caff6390|TUITION|2026-08,3f6663d7-9b89-4ea2-9f06-5035caff6390,25-26,TUITION,2026.0,8.0,900.00,2026-03-05,LEGACY_MIGRATION,ACTIVE,MAR/AGO,e6258133-ca76-4c6d-a0fc-2ef4c7b8a61c,EXACT_OR_PRIOR
3f6663d7-9b89-4ea2-9f06-5035caff6390|TUITION|2026-04,3f6663d7-9b89-4ea2-9f06-5035caff6390,25-26,TUITION,2026.0,4.0,900.00,2026-04-05,LEGACY_MIGRATION,ACTIVE,ABR,e6258133-ca76-4c6d-a0fc-2ef4c7b8a61c,EXACT_OR_PRIOR
3f6663d7-9b89-4ea2-9f06-5035caff6390|TUITION|2026-05,3f6663d7-9b89-4ea2-9f06-5035caff6390,25-26,TUITION,2026.0,5.0,900.00,2026-05-05,LEGACY_MIGRATION,ACTIVE,MAY,e6258133-ca76-4c6d-a0fc-2ef4c7b8a61c,EXACT_OR_PRIOR
3f6663d7-9b89-4ea2-9f06-5035caff6390|TUITION|2026-06,3f6663d7-9b89-4ea2-9f06-5035caff6390,25-26,TUITION,2026.0,6.0,900.00,2026-06-05,LEGACY_MIGRATION,ACTIVE,JUN,e6258133-ca76-4c6d-a0fc-2ef4c7b8a61c,EXACT_OR_PRIOR
40dc866f-fce4-4635-bf68-fa98f8b87c6e|TUITION|2025-09,40dc866f-fce4-4635-bf68-fa98f8b87c6e,25-26,TUITION,2025.0,9.0,1100.00,2025-09-05,LEGACY_MIGRATION,ACTIVE,SEP,c59e7297-0b77-4373-acbb-9717d02f49f3,EXACT_OR_PRIOR
40dc866f-fce4-4635-bf68-fa98f8b87c6e|TUITION|2025-10,40dc866f-fce4-4635-bf68-fa98f8b87c6e,25-26,TUITION,2025.0,10.0,1100.00,2025-10-05,LEGACY_MIGRATION,ACTIVE,OCT,c59e7297-0b77-4373-acbb-9717d02f49f3,EXACT_OR_PRIOR
40dc866f-fce4-4635-bf68-fa98f8b87c6e|TUITION|2025-11,40dc866f-fce4-4635-bf68-fa98f8b87c6e,25-26,TUITION,2025.0,11.0,1100.00,2025-11-05,LEGACY_MIGRATION,ACTIVE,NOV,c59e7297-0b77-4373-acbb-9717d02f49f3,EXACT_OR_PRIOR
40dc866f-fce4-4635-bf68-fa98f8b87c6e|TUITION|2025-12,40dc866f-fce4-4635-bf68-fa98f8b87c6e,25-26,TUITION,2025.0,12.0,1100.00,2025-12-05,LEGACY_MIGRATION,ACTIVE,DIC/JUL,c59e7297-0b77-4373-acbb-9717d02f49f3,EXACT_OR_PRIOR
40dc866f-fce4-4635-bf68-fa98f8b87c6e|TUITION|2026-07,40dc866f-fce4-4635-bf68-fa98f8b87c6e,25-26,TUITION,2026.0,7.0,1100.00,2025-12-05,LEGACY_MIGRATION,ACTIVE,DIC/JUL,c59e7297-0b77-4373-acbb-9717d02f49f3,EXACT_OR_PRIOR
4f28d56c-a1e3-4052-87a3-ecd1d9b0d5b6|TUITION|2025-09,4f28d56c-a1e3-4052-87a3-ecd1d9b0d5b6,25-26,TUITION,2025.0,9.0,1500.00,2025-09-05,LEGACY_MIGRATION,ACTIVE,SEP,f983f92a-0a6d-4256-8fd7-5456a95739f6,EXACT_OR_PRIOR
4f28d56c-a1e3-4052-87a3-ecd1d9b0d5b6|TUITION|2025-10,4f28d56c-a1e3-4052-87a3-ecd1d9b0d5b6,25-26,TUITION,2025.0,10.0,1500.00,2025-10-05,LEGACY_MIGRATION,ACTIVE,OCT,f983f92a-0a6d-4256-8fd7-5456a95739f6,EXACT_OR_PRIOR
4f28d56c-a1e3-4052-87a3-ecd1d9b0d5b6|TUITION|2025-11,4f28d56c-a1e3-4052-87a3-ecd1d9b0d5b6,25-26,TUITION,2025.0,11.0,1500.00,2025-11-05,LEGACY_MIGRATION,ACTIVE,NOV,f983f92a-0a6d-4256-8fd7-5456a95739f6,EXACT_OR_PRIOR
4f28d56c-a1e3-4052-87a3-ecd1d9b0d5b6|TUITION|2025-12,4f28d56c-a1e3-4052-87a3-ecd1d9b0d5b6,25-26,TUITION,2025.0,12.0,1500.00,2025-12-05,LEGACY_MIGRATION,ACTIVE,DIC/JUL,f983f92a-0a6d-4256-8fd7-5456a95739f6,EXACT_OR_PRIOR
4f28d56c-a1e3-4052-87a3-ecd1d9b0d5b6|TUITION|2026-07,4f28d56c-a1e3-4052-87a3-ecd1d9b0d5b6,25-26,TUITION,2026.0,7.0,1500.00,2025-12-05,LEGACY_MIGRATION,ACTIVE,DIC/JUL,f983f92a-0a6d-4256-8fd7-5456a95739f6,EXACT_OR_PRIOR
4f28d56c-a1e3-4052-87a3-ecd1d9b0d5b6|TUITION|2026-01,4f28d56c-a1e3-4052-87a3-ecd1d9b0d5b6,25-26,TUITION,2026.0,1.0,1500.00,2026-01-05,LEGACY_MIGRATION,ACTIVE,ENE,f983f92a-0a6d-4256-8fd7-5456a95739f6,EXACT_OR_PRIOR
4f28d56c-a1e3-4052-87a3-ecd1d9b0d5b6|TUITION|2026-02,4f28d56c-a1e3-4052-87a3-ecd1d9b0d5b6,25-26,TUITION,2026.0,2.0,1500.00,2026-02-05,LEGACY_MIGRATION,ACTIVE,FEB,f983f92a-0a6d-4256-8fd7-5456a95739f6,EXACT_OR_PRIOR
4f28d56c-a1e3-4052-87a3-ecd1d9b0d5b6|TUITION|2026-03,4f28d56c-a1e3-4052-87a3-ecd1d9b0d5b6,25-26,TUITION,2026.0,3.0,1500.00,2026-03-05,LEGACY_MIGRATION,ACTIVE,MAR/AGO,f983f92a-0a6d-4256-8fd7-5456a95739f6,EXACT_OR_PRIOR
4f28d56c-a1e3-4052-87a3-ecd1d9b0d5b6|TUITION|2026-08,4f28d56c-a1e3-4052-87a3-ecd1d9b0d5b6,25-26,TUITION,2026.0,8.0,1500.00,2026-03-05,LEGACY_MIGRATION,ACTIVE,MAR/AGO,f983f92a-0a6d-4256-8fd7-5456a95739f6,EXACT_OR_PRIOR
4f28d56c-a1e3-4052-87a3-ecd1d9b0d5b6|TUITION|2026-04,4f28d56c-a1e3-4052-87a3-ecd1d9b0d5b6,25-26,TUITION,2026.0,4.0,1500.00,2026-04-05,LEGACY_MIGRATION,ACTIVE,ABR,f983f92a-0a6d-4256-8fd7-5456a95739f6,EXACT_OR_PRIOR
4f28d56c-a1e3-4052-87a3-ecd1d9b0d5b6|TUITION|2026-05,4f28d56c-a1e3-4052-87a3-ecd1d9b0d5b6,25-26,TUITION,2026.0,5.0,1500.00,2026-05-05,LEGACY_MIGRATION,ACTIVE,MAY,f983f92a-0a6d-4256-8fd7-5456a95739f6,EXACT_OR_PRIOR
4f28d56c-a1e3-4052-87a3-ecd1d9b0d5b6|TUITION|2026-06,4f28d56c-a1e3-4052-87a3-ecd1d9b0d5b6,25-26,TUITION,2026.0,6.0,1500.00,2026-06-05,LEGACY_MIGRATION,ACTIVE,JUN,f983f92a-0a6d-4256-8fd7-5456a95739f6,EXACT_OR_PRIOR
533aa94a-8eb8-436d-82ac-cb0d104f816e|TUITION|2025-09,533aa94a-8eb8-436d-82ac-cb0d104f816e,25-26,TUITION,2025.0,9.0,900.00,2025-09-05,LEGACY_MIGRATION,ACTIVE,SEP,7f6e62c0-d5c0-45cc-b8ff-671c18fadde3,EXACT_OR_PRIOR
533aa94a-8eb8-436d-82ac-cb0d104f816e|TUITION|2025-10,533aa94a-8eb8-436d-82ac-cb0d104f816e,25-26,TUITION,2025.0,10.0,900.00,2025-10-05,LEGACY_MIGRATION,ACTIVE,OCT,7f6e62c0-d5c0-45cc-b8ff-671c18fadde3,EXACT_OR_PRIOR
533aa94a-8eb8-436d-82ac-cb0d104f816e|TUITION|2025-11,533aa94a-8eb8-436d-82ac-cb0d104f816e,25-26,TUITION,2025.0,11.0,900.00,2025-11-05,LEGACY_MIGRATION,ACTIVE,NOV,7f6e62c0-d5c0-45cc-b8ff-671c18fadde3,EXACT_OR_PRIOR
533aa94a-8eb8-436d-82ac-cb0d104f816e|TUITION|2025-12,533aa94a-8eb8-436d-82ac-cb0d104f816e,25-26,TUITION,2025.0,12.0,900.00,2025-12-05,LEGACY_MIGRATION,ACTIVE,DIC/JUL,7f6e62c0-d5c0-45cc-b8ff-671c18fadde3,EXACT_OR_PRIOR
533aa94a-8eb8-436d-82ac-cb0d104f816e|TUITION|2026-07,533aa94a-8eb8-436d-82ac-cb0d104f816e,25-26,TUITION,2026.0,7.0,900.00,2025-12-05,LEGACY_MIGRATION,ACTIVE,DIC/JUL,7f6e62c0-d5c0-45cc-b8ff-671c18fadde3,EXACT_OR_PRIOR
533aa94a-8eb8-436d-82ac-cb0d104f816e|TUITION|2026-01,533aa94a-8eb8-436d-82ac-cb0d104f816e,25-26,TUITION,2026.0,1.0,900.00,2026-01-05,LEGACY_MIGRATION,ACTIVE,ENE,7f6e62c0-d5c0-45cc-b8ff-671c18fadde3,EXACT_OR_PRIOR
533aa94a-8eb8-436d-82ac-cb0d104f816e|TUITION|2026-02,533aa94a-8eb8-436d-82ac-cb0d104f816e,25-26,TUITION,2026.0,2.0,900.00,2026-02-05,LEGACY_MIGRATION,ACTIVE,FEB,7f6e62c0-d5c0-45cc-b8ff-671c18fadde3,EXACT_OR_PRIOR
533aa94a-8eb8-436d-82ac-cb0d104f816e|TUITION|2026-03,533aa94a-8eb8-436d-82ac-cb0d104f816e,25-26,TUITION,2026.0,3.0,900.00,2026-03-05,LEGACY_MIGRATION,ACTIVE,MAR/AGO,7f6e62c0-d5c0-45cc-b8ff-671c18fadde3,EXACT_OR_PRIOR
533aa94a-8eb8-436d-82ac-cb0d104f816e|TUITION|2026-08,533aa94a-8eb8-436d-82ac-cb0d104f816e,25-26,TUITION,2026.0,8.0,900.00,2026-03-05,LEGACY_MIGRATION,ACTIVE,MAR/AGO,7f6e62c0-d5c0-45cc-b8ff-671c18fadde3,EXACT_OR_PRIOR
533aa94a-8eb8-436d-82ac-cb0d104f816e|TUITION|2026-04,533aa94a-8eb8-436d-82ac-cb0d104f816e,25-26,TUITION,2026.0,4.0,900.00,2026-04-05,LEGACY_MIGRATION,ACTIVE,ABR,7f6e62c0-d5c0-45cc-b8ff-671c18fadde3,EXACT_OR_PRIOR
533aa94a-8eb8-436d-82ac-cb0d104f816e|TUITION|2026-05,533aa94a-8eb8-436d-82ac-cb0d104f816e,25-26,TUITION,2026.0,5.0,900.00,2026-05-05,LEGACY_MIGRATION,ACTIVE,MAY,7f6e62c0-d5c0-45cc-b8ff-671c18fadde3,EXACT_OR_PRIOR
533aa94a-8eb8-436d-82ac-cb0d104f816e|TUITION|2026-06,533aa94a-8eb8-436d-82ac-cb0d104f816e,25-26,TUITION,2026.0,6.0,900.00,2026-06-05,LEGACY_MIGRATION,ACTIVE,JUN,7f6e62c0-d5c0-45cc-b8ff-671c18fadde3,EXACT_OR_PRIOR
54a3ac62-0b3d-4d6f-ae14-f7adec420285|TUITION|2025-09,54a3ac62-0b3d-4d6f-ae14-f7adec420285,25-26,TUITION,2025.0,9.0,1600.00,2025-09-05,LEGACY_MIGRATION,ACTIVE,SEP,94ee51dc-4c22-4368-91cb-378d5e941333,EXACT_OR_PRIOR
54a3ac62-0b3d-4d6f-ae14-f7adec420285|TUITION|2025-10,54a3ac62-0b3d-4d6f-ae14-f7adec420285,25-26,TUITION,2025.0,10.0,1600.00,2025-10-05,LEGACY_MIGRATION,ACTIVE,OCT,94ee51dc-4c22-4368-91cb-378d5e941333,EXACT_OR_PRIOR
54a3ac62-0b3d-4d6f-ae14-f7adec420285|TUITION|2025-11,54a3ac62-0b3d-4d6f-ae14-f7adec420285,25-26,TUITION,2025.0,11.0,1600.00,2025-11-05,LEGACY_MIGRATION,ACTIVE,NOV,94ee51dc-4c22-4368-91cb-378d5e941333,EXACT_OR_PRIOR
54a3ac62-0b3d-4d6f-ae14-f7adec420285|TUITION|2025-12,54a3ac62-0b3d-4d6f-ae14-f7adec420285,25-26,TUITION,2025.0,12.0,1600.00,2025-12-05,LEGACY_MIGRATION,ACTIVE,DIC/JUL,94ee51dc-4c22-4368-91cb-378d5e941333,EXACT_OR_PRIOR
54a3ac62-0b3d-4d6f-ae14-f7adec420285|TUITION|2026-07,54a3ac62-0b3d-4d6f-ae14-f7adec420285,25-26,TUITION,2026.0,7.0,1600.00,2025-12-05,LEGACY_MIGRATION,ACTIVE,DIC/JUL,94ee51dc-4c22-4368-91cb-378d5e941333,EXACT_OR_PRIOR
54a3ac62-0b3d-4d6f-ae14-f7adec420285|TUITION|2026-01,54a3ac62-0b3d-4d6f-ae14-f7adec420285,25-26,TUITION,2026.0,1.0,1600.00,2026-01-05,LEGACY_MIGRATION,ACTIVE,ENE,94ee51dc-4c22-4368-91cb-378d5e941333,EXACT_OR_PRIOR
54a3ac62-0b3d-4d6f-ae14-f7adec420285|TUITION|2026-02,54a3ac62-0b3d-4d6f-ae14-f7adec420285,25-26,TUITION,2026.0,2.0,1600.00,2026-02-05,LEGACY_MIGRATION,ACTIVE,FEB,94ee51dc-4c22-4368-91cb-378d5e941333,EXACT_OR_PRIOR
54a3ac62-0b3d-4d6f-ae14-f7adec420285|TUITION|2026-03,54a3ac62-0b3d-4d6f-ae14-f7adec420285,25-26,TUITION,2026.0,3.0,1600.00,2026-03-05,LEGACY_MIGRATION,ACTIVE,MAR/AGO,94ee51dc-4c22-4368-91cb-378d5e941333,EXACT_OR_PRIOR
54a3ac62-0b3d-4d6f-ae14-f7adec420285|TUITION|2026-08,54a3ac62-0b3d-4d6f-ae14-f7adec420285,25-26,TUITION,2026.0,8.0,1600.00,2026-03-05,LEGACY_MIGRATION,ACTIVE,MAR/AGO,94ee51dc-4c22-4368-91cb-378d5e941333,EXACT_OR_PRIOR
54a3ac62-0b3d-4d6f-ae14-f7adec420285|TUITION|2026-04,54a3ac62-0b3d-4d6f-ae14-f7adec420285,25-26,TUITION,2026.0,4.0,1600.00,2026-04-05,LEGACY_MIGRATION,ACTIVE,ABR,94ee51dc-4c22-4368-91cb-378d5e941333,EXACT_OR_PRIOR
54a3ac62-0b3d-4d6f-ae14-f7adec420285|TUITION|2026-05,54a3ac62-0b3d-4d6f-ae14-f7adec420285,25-26,TUITION,2026.0,5.0,1600.00,2026-05-05,LEGACY_MIGRATION,ACTIVE,MAY,94ee51dc-4c22-4368-91cb-378d5e941333,EXACT_OR_PRIOR
54a3ac62-0b3d-4d6f-ae14-f7adec420285|TUITION|2026-06,54a3ac62-0b3d-4d6f-ae14-f7adec420285,25-26,TUITION,2026.0,6.0,1600.00,2026-06-05,LEGACY_MIGRATION,ACTIVE,JUN,94ee51dc-4c22-4368-91cb-378d5e941333,EXACT_OR_PRIOR
562676d8-327a-4012-97e1-f0cfefc685b0|TUITION|2025-09,562676d8-327a-4012-97e1-f0cfefc685b0,25-26,TUITION,2025.0,9.0,1500.00,2025-09-05,LEGACY_MIGRATION,ACTIVE,SEP,24d2fd6d-4e96-4d28-a360-a9567979daef,EXACT_OR_PRIOR
562676d8-327a-4012-97e1-f0cfefc685b0|TUITION|2025-10,562676d8-327a-4012-97e1-f0cfefc685b0,25-26,TUITION,2025.0,10.0,1500.00,2025-10-05,LEGACY_MIGRATION,ACTIVE,OCT,24d2fd6d-4e96-4d28-a360-a9567979daef,EXACT_OR_PRIOR
562676d8-327a-4012-97e1-f0cfefc685b0|TUITION|2025-11,562676d8-327a-4012-97e1-f0cfefc685b0,25-26,TUITION,2025.0,11.0,1500.00,2025-11-05,LEGACY_MIGRATION,ACTIVE,NOV,24d2fd6d-4e96-4d28-a360-a9567979daef,EXACT_OR_PRIOR
562676d8-327a-4012-97e1-f0cfefc685b0|TUITION|2025-12,562676d8-327a-4012-97e1-f0cfefc685b0,25-26,TUITION,2025.0,12.0,1500.00,2025-12-05,LEGACY_MIGRATION,ACTIVE,DIC/JUL,24d2fd6d-4e96-4d28-a360-a9567979daef,EXACT_OR_PRIOR
562676d8-327a-4012-97e1-f0cfefc685b0|TUITION|2026-07,562676d8-327a-4012-97e1-f0cfefc685b0,25-26,TUITION,2026.0,7.0,1500.00,2025-12-05,LEGACY_MIGRATION,ACTIVE,DIC/JUL,24d2fd6d-4e96-4d28-a360-a9567979daef,EXACT_OR_PRIOR
562676d8-327a-4012-97e1-f0cfefc685b0|TUITION|2026-01,562676d8-327a-4012-97e1-f0cfefc685b0,25-26,TUITION,2026.0,1.0,1500.00,2026-01-05,LEGACY_MIGRATION,ACTIVE,ENE,24d2fd6d-4e96-4d28-a360-a9567979daef,EXACT_OR_PRIOR
562676d8-327a-4012-97e1-f0cfefc685b0|TUITION|2026-02,562676d8-327a-4012-97e1-f0cfefc685b0,25-26,TUITION,2026.0,2.0,1500.00,2026-02-05,LEGACY_MIGRATION,ACTIVE,FEB,24d2fd6d-4e96-4d28-a360-a9567979daef,EXACT_OR_PRIOR
562676d8-327a-4012-97e1-f0cfefc685b0|TUITION|2026-03,562676d8-327a-4012-97e1-f0cfefc685b0,25-26,TUITION,2026.0,3.0,1500.00,2026-03-05,LEGACY_MIGRATION,ACTIVE,MAR/AGO,24d2fd6d-4e96-4d28-a360-a9567979daef,EXACT_OR_PRIOR
562676d8-327a-4012-97e1-f0cfefc685b0|TUITION|2026-08,562676d8-327a-4012-97e1-f0cfefc685b0,25-26,TUITION,2026.0,8.0,1500.00,2026-03-05,LEGACY_MIGRATION,ACTIVE,MAR/AGO,24d2fd6d-4e96-4d28-a360-a9567979daef,EXACT_OR_PRIOR
562676d8-327a-4012-97e1-f0cfefc685b0|TUITION|2026-04,562676d8-327a-4012-97e1-f0cfefc685b0,25-26,TUITION,2026.0,4.0,1500.00,2026-04-05,LEGACY_MIGRATION,ACTIVE,ABR,24d2fd6d-4e96-4d28-a360-a9567979daef,EXACT_OR_PRIOR
562676d8-327a-4012-97e1-f0cfefc685b0|TUITION|2026-05,562676d8-327a-4012-97e1-f0cfefc685b0,25-26,TUITION,2026.0,5.0,1500.00,2026-05-05,LEGACY_MIGRATION,ACTIVE,MAY,24d2fd6d-4e96-4d28-a360-a9567979daef,EXACT_OR_PRIOR
562676d8-327a-4012-97e1-f0cfefc685b0|TUITION|2026-06,562676d8-327a-4012-97e1-f0cfefc685b0,25-26,TUITION,2026.0,6.0,1500.00,2026-06-05,LEGACY_MIGRATION,ACTIVE,JUN,24d2fd6d-4e96-4d28-a360-a9567979daef,EXACT_OR_PRIOR
58676041-fe76-4791-9f8b-7bc1dad83cb8|TUITION|2025-09,58676041-fe76-4791-9f8b-7bc1dad83cb8,25-26,TUITION,2025.0,9.0,1500.00,2025-09-05,LEGACY_MIGRATION,ACTIVE,SEP,2a83e07f-9c75-4792-8c0e-a33e027ab4d9,EXACT_OR_PRIOR
58676041-fe76-4791-9f8b-7bc1dad83cb8|TUITION|2025-10,58676041-fe76-4791-9f8b-7bc1dad83cb8,25-26,TUITION,2025.0,10.0,1500.00,2025-10-05,LEGACY_MIGRATION,ACTIVE,OCT,2a83e07f-9c75-4792-8c0e-a33e027ab4d9,EXACT_OR_PRIOR
58676041-fe76-4791-9f8b-7bc1dad83cb8|TUITION|2025-11,58676041-fe76-4791-9f8b-7bc1dad83cb8,25-26,TUITION,2025.0,11.0,1500.00,2025-11-05,LEGACY_MIGRATION,ACTIVE,NOV,2a83e07f-9c75-4792-8c0e-a33e027ab4d9,EXACT_OR_PRIOR
58676041-fe76-4791-9f8b-7bc1dad83cb8|TUITION|2025-12,58676041-fe76-4791-9f8b-7bc1dad83cb8,25-26,TUITION,2025.0,12.0,1500.00,2025-12-05,LEGACY_MIGRATION,ACTIVE,DIC/JUL,2a83e07f-9c75-4792-8c0e-a33e027ab4d9,EXACT_OR_PRIOR
58676041-fe76-4791-9f8b-7bc1dad83cb8|TUITION|2026-07,58676041-fe76-4791-9f8b-7bc1dad83cb8,25-26,TUITION,2026.0,7.0,1500.00,2025-12-05,LEGACY_MIGRATION,ACTIVE,DIC/JUL,2a83e07f-9c75-4792-8c0e-a33e027ab4d9,EXACT_OR_PRIOR
58676041-fe76-4791-9f8b-7bc1dad83cb8|TUITION|2026-01,58676041-fe76-4791-9f8b-7bc1dad83cb8,25-26,TUITION,2026.0,1.0,1500.00,2026-01-05,LEGACY_MIGRATION,ACTIVE,ENE,2a83e07f-9c75-4792-8c0e-a33e027ab4d9,EXACT_OR_PRIOR
58676041-fe76-4791-9f8b-7bc1dad83cb8|TUITION|2026-02,58676041-fe76-4791-9f8b-7bc1dad83cb8,25-26,TUITION,2026.0,2.0,1500.00,2026-02-05,LEGACY_MIGRATION,ACTIVE,FEB,2a83e07f-9c75-4792-8c0e-a33e027ab4d9,EXACT_OR_PRIOR
58676041-fe76-4791-9f8b-7bc1dad83cb8|TUITION|2026-03,58676041-fe76-4791-9f8b-7bc1dad83cb8,25-26,TUITION,2026.0,3.0,1500.00,2026-03-05,LEGACY_MIGRATION,ACTIVE,MAR/AGO,2a83e07f-9c75-4792-8c0e-a33e027ab4d9,EXACT_OR_PRIOR
58676041-fe76-4791-9f8b-7bc1dad83cb8|TUITION|2026-08,58676041-fe76-4791-9f8b-7bc1dad83cb8,25-26,TUITION,2026.0,8.0,1500.00,2026-03-05,LEGACY_MIGRATION,ACTIVE,MAR/AGO,2a83e07f-9c75-4792-8c0e-a33e027ab4d9,EXACT_OR_PRIOR
58676041-fe76-4791-9f8b-7bc1dad83cb8|TUITION|2026-04,58676041-fe76-4791-9f8b-7bc1dad83cb8,25-26,TUITION,2026.0,4.0,1500.00,2026-04-05,LEGACY_MIGRATION,ACTIVE,ABR,2a83e07f-9c75-4792-8c0e-a33e027ab4d9,EXACT_OR_PRIOR
58676041-fe76-4791-9f8b-7bc1dad83cb8|TUITION|2026-05,58676041-fe76-4791-9f8b-7bc1dad83cb8,25-26,TUITION,2026.0,5.0,1500.00,2026-05-05,LEGACY_MIGRATION,ACTIVE,MAY,2a83e07f-9c75-4792-8c0e-a33e027ab4d9,EXACT_OR_PRIOR
58676041-fe76-4791-9f8b-7bc1dad83cb8|TUITION|2026-06,58676041-fe76-4791-9f8b-7bc1dad83cb8,25-26,TUITION,2026.0,6.0,1500.00,2026-06-05,LEGACY_MIGRATION,ACTIVE,JUN,2a83e07f-9c75-4792-8c0e-a33e027ab4d9,EXACT_OR_PRIOR
58d1397f-6c2f-4806-874f-04e5ac218830|TUITION|2025-09,58d1397f-6c2f-4806-874f-04e5ac218830,25-26,TUITION,2025.0,9.0,900.00,2025-09-05,LEGACY_MIGRATION,ACTIVE,SEP,f895f4bb-afec-4033-93a1-0bba7f1429ad,EXACT_OR_PRIOR
58d1397f-6c2f-4806-874f-04e5ac218830|TUITION|2025-10,58d1397f-6c2f-4806-874f-04e5ac218830,25-26,TUITION,2025.0,10.0,900.00,2025-10-05,LEGACY_MIGRATION,ACTIVE,OCT,f895f4bb-afec-4033-93a1-0bba7f1429ad,EXACT_OR_PRIOR
58d1397f-6c2f-4806-874f-04e5ac218830|TUITION|2025-11,58d1397f-6c2f-4806-874f-04e5ac218830,25-26,TUITION,2025.0,11.0,900.00,2025-11-05,LEGACY_MIGRATION,ACTIVE,NOV,f895f4bb-afec-4033-93a1-0bba7f1429ad,EXACT_OR_PRIOR
58d1397f-6c2f-4806-874f-04e5ac218830|TUITION|2025-12,58d1397f-6c2f-4806-874f-04e5ac218830,25-26,TUITION,2025.0,12.0,900.00,2025-12-05,LEGACY_MIGRATION,ACTIVE,DIC/JUL,f895f4bb-afec-4033-93a1-0bba7f1429ad,EXACT_OR_PRIOR
58d1397f-6c2f-4806-874f-04e5ac218830|TUITION|2026-07,58d1397f-6c2f-4806-874f-04e5ac218830,25-26,TUITION,2026.0,7.0,900.00,2025-12-05,LEGACY_MIGRATION,ACTIVE,DIC/JUL,f895f4bb-afec-4033-93a1-0bba7f1429ad,EXACT_OR_PRIOR
58d1397f-6c2f-4806-874f-04e5ac218830|TUITION|2026-01,58d1397f-6c2f-4806-874f-04e5ac218830,25-26,TUITION,2026.0,1.0,900.00,2026-01-05,LEGACY_MIGRATION,ACTIVE,ENE,f895f4bb-afec-4033-93a1-0bba7f1429ad,EXACT_OR_PRIOR
58d1397f-6c2f-4806-874f-04e5ac218830|TUITION|2026-02,58d1397f-6c2f-4806-874f-04e5ac218830,25-26,TUITION,2026.0,2.0,900.00,2026-02-05,LEGACY_MIGRATION,ACTIVE,FEB,f895f4bb-afec-4033-93a1-0bba7f1429ad,EXACT_OR_PRIOR
58d1397f-6c2f-4806-874f-04e5ac218830|TUITION|2026-03,58d1397f-6c2f-4806-874f-04e5ac218830,25-26,TUITION,2026.0,3.0,900.00,2026-03-05,LEGACY_MIGRATION,ACTIVE,MAR/AGO,f895f4bb-afec-4033-93a1-0bba7f1429ad,EXACT_OR_PRIOR
58d1397f-6c2f-4806-874f-04e5ac218830|TUITION|2026-08,58d1397f-6c2f-4806-874f-04e5ac218830,25-26,TUITION,2026.0,8.0,900.00,2026-03-05,LEGACY_MIGRATION,ACTIVE,MAR/AGO,f895f4bb-afec-4033-93a1-0bba7f1429ad,EXACT_OR_PRIOR
58d1397f-6c2f-4806-874f-04e5ac218830|TUITION|2026-04,58d1397f-6c2f-4806-874f-04e5ac218830,25-26,TUITION,2026.0,4.0,900.00,2026-04-05,LEGACY_MIGRATION,ACTIVE,ABR,f895f4bb-afec-4033-93a1-0bba7f1429ad,EXACT_OR_PRIOR
58d1397f-6c2f-4806-874f-04e5ac218830|TUITION|2026-05,58d1397f-6c2f-4806-874f-04e5ac218830,25-26,TUITION,2026.0,5.0,900.00,2026-05-05,LEGACY_MIGRATION,ACTIVE,MAY,f895f4bb-afec-4033-93a1-0bba7f1429ad,EXACT_OR_PRIOR
58d1397f-6c2f-4806-874f-04e5ac218830|TUITION|2026-06,58d1397f-6c2f-4806-874f-04e5ac218830,25-26,TUITION,2026.0,6.0,900.00,2026-06-05,LEGACY_MIGRATION,ACTIVE,JUN,f895f4bb-afec-4033-93a1-0bba7f1429ad,EXACT_OR_PRIOR
58f5f801-a774-4b45-8960-aec7b7127187|TUITION|2025-09,58f5f801-a774-4b45-8960-aec7b7127187,25-26,TUITION,2025.0,9.0,1600.00,2025-09-05,LEGACY_MIGRATION,ACTIVE,SEP,18002a07-9008-44bf-a421-035c6f8a41ff,EXACT_OR_PRIOR
58f5f801-a774-4b45-8960-aec7b7127187|TUITION|2025-10,58f5f801-a774-4b45-8960-aec7b7127187,25-26,TUITION,2025.0,10.0,1600.00,2025-10-05,LEGACY_MIGRATION,ACTIVE,OCT,18002a07-9008-44bf-a421-035c6f8a41ff,EXACT_OR_PRIOR
58f5f801-a774-4b45-8960-aec7b7127187|TUITION|2025-11,58f5f801-a774-4b45-8960-aec7b7127187,25-26,TUITION,2025.0,11.0,1600.00,2025-11-05,LEGACY_MIGRATION,ACTIVE,NOV,18002a07-9008-44bf-a421-035c6f8a41ff,EXACT_OR_PRIOR
58f5f801-a774-4b45-8960-aec7b7127187|TUITION|2025-12,58f5f801-a774-4b45-8960-aec7b7127187,25-26,TUITION,2025.0,12.0,1600.00,2025-12-05,LEGACY_MIGRATION,ACTIVE,DIC/JUL,18002a07-9008-44bf-a421-035c6f8a41ff,EXACT_OR_PRIOR
58f5f801-a774-4b45-8960-aec7b7127187|TUITION|2026-07,58f5f801-a774-4b45-8960-aec7b7127187,25-26,TUITION,2026.0,7.0,1600.00,2025-12-05,LEGACY_MIGRATION,ACTIVE,DIC/JUL,18002a07-9008-44bf-a421-035c6f8a41ff,EXACT_OR_PRIOR
58f5f801-a774-4b45-8960-aec7b7127187|TUITION|2026-01,58f5f801-a774-4b45-8960-aec7b7127187,25-26,TUITION,2026.0,1.0,1600.00,2026-01-05,LEGACY_MIGRATION,ACTIVE,ENE,18002a07-9008-44bf-a421-035c6f8a41ff,EXACT_OR_PRIOR
58f5f801-a774-4b45-8960-aec7b7127187|TUITION|2026-02,58f5f801-a774-4b45-8960-aec7b7127187,25-26,TUITION,2026.0,2.0,1600.00,2026-02-05,LEGACY_MIGRATION,ACTIVE,FEB,18002a07-9008-44bf-a421-035c6f8a41ff,EXACT_OR_PRIOR
58f5f801-a774-4b45-8960-aec7b7127187|TUITION|2026-03,58f5f801-a774-4b45-8960-aec7b7127187,25-26,TUITION,2026.0,3.0,1600.00,2026-03-05,LEGACY_MIGRATION,ACTIVE,MAR/AGO,18002a07-9008-44bf-a421-035c6f8a41ff,EXACT_OR_PRIOR
58f5f801-a774-4b45-8960-aec7b7127187|TUITION|2026-08,58f5f801-a774-4b45-8960-aec7b7127187,25-26,TUITION,2026.0,8.0,1600.00,2026-03-05,LEGACY_MIGRATION,ACTIVE,MAR/AGO,18002a07-9008-44bf-a421-035c6f8a41ff,EXACT_OR_PRIOR
58f5f801-a774-4b45-8960-aec7b7127187|TUITION|2026-04,58f5f801-a774-4b45-8960-aec7b7127187,25-26,TUITION,2026.0,4.0,1600.00,2026-04-05,LEGACY_MIGRATION,ACTIVE,ABR,18002a07-9008-44bf-a421-035c6f8a41ff,EXACT_OR_PRIOR
58f5f801-a774-4b45-8960-aec7b7127187|TUITION|2026-05,58f5f801-a774-4b45-8960-aec7b7127187,25-26,TUITION,2026.0,5.0,1600.00,2026-05-05,LEGACY_MIGRATION,ACTIVE,MAY,18002a07-9008-44bf-a421-035c6f8a41ff,EXACT_OR_PRIOR
58f5f801-a774-4b45-8960-aec7b7127187|TUITION|2026-06,58f5f801-a774-4b45-8960-aec7b7127187,25-26,TUITION,2026.0,6.0,1600.00,2026-06-05,LEGACY_MIGRATION,ACTIVE,JUN,18002a07-9008-44bf-a421-035c6f8a41ff,EXACT_OR_PRIOR
5af22e45-f9f7-4577-b07b-7ce4a7940329|TUITION|2025-09,5af22e45-f9f7-4577-b07b-7ce4a7940329,25-26,TUITION,2025.0,9.0,1500.00,2025-09-05,LEGACY_MIGRATION,ACTIVE,SEP,ebe64ee8-8431-4fed-a2d6-f756f616dec0,EXACT_OR_PRIOR
5af22e45-f9f7-4577-b07b-7ce4a7940329|TUITION|2025-10,5af22e45-f9f7-4577-b07b-7ce4a7940329,25-26,TUITION,2025.0,10.0,1500.00,2025-10-05,LEGACY_MIGRATION,ACTIVE,OCT,ebe64ee8-8431-4fed-a2d6-f756f616dec0,EXACT_OR_PRIOR
5af22e45-f9f7-4577-b07b-7ce4a7940329|TUITION|2025-11,5af22e45-f9f7-4577-b07b-7ce4a7940329,25-26,TUITION,2025.0,11.0,1500.00,2025-11-05,LEGACY_MIGRATION,ACTIVE,NOV,ebe64ee8-8431-4fed-a2d6-f756f616dec0,EXACT_OR_PRIOR
5af22e45-f9f7-4577-b07b-7ce4a7940329|TUITION|2025-12,5af22e45-f9f7-4577-b07b-7ce4a7940329,25-26,TUITION,2025.0,12.0,1500.00,2025-12-05,LEGACY_MIGRATION,ACTIVE,DIC/JUL,ebe64ee8-8431-4fed-a2d6-f756f616dec0,EXACT_OR_PRIOR
5af22e45-f9f7-4577-b07b-7ce4a7940329|TUITION|2026-07,5af22e45-f9f7-4577-b07b-7ce4a7940329,25-26,TUITION,2026.0,7.0,1500.00,2025-12-05,LEGACY_MIGRATION,ACTIVE,DIC/JUL,ebe64ee8-8431-4fed-a2d6-f756f616dec0,EXACT_OR_PRIOR
5af22e45-f9f7-4577-b07b-7ce4a7940329|TUITION|2026-01,5af22e45-f9f7-4577-b07b-7ce4a7940329,25-26,TUITION,2026.0,1.0,1500.00,2026-01-05,LEGACY_MIGRATION,ACTIVE,ENE,ebe64ee8-8431-4fed-a2d6-f756f616dec0,EXACT_OR_PRIOR
5af22e45-f9f7-4577-b07b-7ce4a7940329|TUITION|2026-02,5af22e45-f9f7-4577-b07b-7ce4a7940329,25-26,TUITION,2026.0,2.0,1500.00,2026-02-05,LEGACY_MIGRATION,ACTIVE,FEB,ebe64ee8-8431-4fed-a2d6-f756f616dec0,EXACT_OR_PRIOR
5af22e45-f9f7-4577-b07b-7ce4a7940329|TUITION|2026-03,5af22e45-f9f7-4577-b07b-7ce4a7940329,25-26,TUITION,2026.0,3.0,1500.00,2026-03-05,LEGACY_MIGRATION,ACTIVE,MAR/AGO,ebe64ee8-8431-4fed-a2d6-f756f616dec0,EXACT_OR_PRIOR
5af22e45-f9f7-4577-b07b-7ce4a7940329|TUITION|2026-08,5af22e45-f9f7-4577-b07b-7ce4a7940329,25-26,TUITION,2026.0,8.0,1500.00,2026-03-05,LEGACY_MIGRATION,ACTIVE,MAR/AGO,ebe64ee8-8431-4fed-a2d6-f756f616dec0,EXACT_OR_PRIOR
5af22e45-f9f7-4577-b07b-7ce4a7940329|TUITION|2026-04,5af22e45-f9f7-4577-b07b-7ce4a7940329,25-26,TUITION,2026.0,4.0,1500.00,2026-04-05,LEGACY_MIGRATION,ACTIVE,ABR,ebe64ee8-8431-4fed-a2d6-f756f616dec0,EXACT_OR_PRIOR
5af22e45-f9f7-4577-b07b-7ce4a7940329|TUITION|2026-05,5af22e45-f9f7-4577-b07b-7ce4a7940329,25-26,TUITION,2026.0,5.0,1500.00,2026-05-05,LEGACY_MIGRATION,ACTIVE,MAY,ebe64ee8-8431-4fed-a2d6-f756f616dec0,EXACT_OR_PRIOR
5af22e45-f9f7-4577-b07b-7ce4a7940329|TUITION|2026-06,5af22e45-f9f7-4577-b07b-7ce4a7940329,25-26,TUITION,2026.0,6.0,1500.00,2026-06-05,LEGACY_MIGRATION,ACTIVE,JUN,ebe64ee8-8431-4fed-a2d6-f756f616dec0,EXACT_OR_PRIOR
5b6f10bf-24ec-4e49-8839-dbf02ee4cd75|TUITION|2025-09,5b6f10bf-24ec-4e49-8839-dbf02ee4cd75,25-26,TUITION,2025.0,9.0,1500.00,2025-09-05,LEGACY_MIGRATION,ACTIVE,SEP,10df1fe0-9364-4431-afb6-77ac4311cbee,EXACT_OR_PRIOR
5b6f10bf-24ec-4e49-8839-dbf02ee4cd75|TUITION|2025-10,5b6f10bf-24ec-4e49-8839-dbf02ee4cd75,25-26,TUITION,2025.0,10.0,1500.00,2025-10-05,LEGACY_MIGRATION,ACTIVE,OCT,10df1fe0-9364-4431-afb6-77ac4311cbee,EXACT_OR_PRIOR
5b6f10bf-24ec-4e49-8839-dbf02ee4cd75|TUITION|2025-11,5b6f10bf-24ec-4e49-8839-dbf02ee4cd75,25-26,TUITION,2025.0,11.0,1500.00,2025-11-05,LEGACY_MIGRATION,ACTIVE,NOV,10df1fe0-9364-4431-afb6-77ac4311cbee,EXACT_OR_PRIOR
5b6f10bf-24ec-4e49-8839-dbf02ee4cd75|TUITION|2025-12,5b6f10bf-24ec-4e49-8839-dbf02ee4cd75,25-26,TUITION,2025.0,12.0,1500.00,2025-12-05,LEGACY_MIGRATION,ACTIVE,DIC/JUL,10df1fe0-9364-4431-afb6-77ac4311cbee,EXACT_OR_PRIOR
5b6f10bf-24ec-4e49-8839-dbf02ee4cd75|TUITION|2026-07,5b6f10bf-24ec-4e49-8839-dbf02ee4cd75,25-26,TUITION,2026.0,7.0,1500.00,2025-12-05,LEGACY_MIGRATION,ACTIVE,DIC/JUL,10df1fe0-9364-4431-afb6-77ac4311cbee,EXACT_OR_PRIOR
5b6f10bf-24ec-4e49-8839-dbf02ee4cd75|TUITION|2026-01,5b6f10bf-24ec-4e49-8839-dbf02ee4cd75,25-26,TUITION,2026.0,1.0,1500.00,2026-01-05,LEGACY_MIGRATION,ACTIVE,ENE,10df1fe0-9364-4431-afb6-77ac4311cbee,EXACT_OR_PRIOR
5b6f10bf-24ec-4e49-8839-dbf02ee4cd75|TUITION|2026-02,5b6f10bf-24ec-4e49-8839-dbf02ee4cd75,25-26,TUITION,2026.0,2.0,1500.00,2026-02-05,LEGACY_MIGRATION,ACTIVE,FEB,10df1fe0-9364-4431-afb6-77ac4311cbee,EXACT_OR_PRIOR
5b6f10bf-24ec-4e49-8839-dbf02ee4cd75|TUITION|2026-03,5b6f10bf-24ec-4e49-8839-dbf02ee4cd75,25-26,TUITION,2026.0,3.0,1500.00,2026-03-05,LEGACY_MIGRATION,ACTIVE,MAR/AGO,10df1fe0-9364-4431-afb6-77ac4311cbee,EXACT_OR_PRIOR
5b6f10bf-24ec-4e49-8839-dbf02ee4cd75|TUITION|2026-08,5b6f10bf-24ec-4e49-8839-dbf02ee4cd75,25-26,TUITION,2026.0,8.0,1500.00,2026-03-05,LEGACY_MIGRATION,ACTIVE,MAR/AGO,10df1fe0-9364-4431-afb6-77ac4311cbee,EXACT_OR_PRIOR
5b6f10bf-24ec-4e49-8839-dbf02ee4cd75|TUITION|2026-04,5b6f10bf-24ec-4e49-8839-dbf02ee4cd75,25-26,TUITION,2026.0,4.0,1500.00,2026-04-05,LEGACY_MIGRATION,ACTIVE,ABR,10df1fe0-9364-4431-afb6-77ac4311cbee,EXACT_OR_PRIOR
5b6f10bf-24ec-4e49-8839-dbf02ee4cd75|TUITION|2026-05,5b6f10bf-24ec-4e49-8839-dbf02ee4cd75,25-26,TUITION,2026.0,5.0,1500.00,2026-05-05,LEGACY_MIGRATION,ACTIVE,MAY,10df1fe0-9364-4431-afb6-77ac4311cbee,EXACT_OR_PRIOR
5b6f10bf-24ec-4e49-8839-dbf02ee4cd75|TUITION|2026-06,5b6f10bf-24ec-4e49-8839-dbf02ee4cd75,25-26,TUITION,2026.0,6.0,1500.00,2026-06-05,LEGACY_MIGRATION,ACTIVE,JUN,10df1fe0-9364-4431-afb6-77ac4311cbee,EXACT_OR_PRIOR
5cb7777e-5664-4929-b875-cddff5a7c18c|TUITION|2025-09,5cb7777e-5664-4929-b875-cddff5a7c18c,25-26,TUITION,2025.0,9.0,1500.00,2025-09-05,LEGACY_MIGRATION,ACTIVE,SEP,7203519e-eefa-4140-9721-b245476bf155,EXACT_OR_PRIOR
5cb7777e-5664-4929-b875-cddff5a7c18c|TUITION|2025-10,5cb7777e-5664-4929-b875-cddff5a7c18c,25-26,TUITION,2025.0,10.0,1500.00,2025-10-05,LEGACY_MIGRATION,ACTIVE,OCT,7203519e-eefa-4140-9721-b245476bf155,EXACT_OR_PRIOR
5cb7777e-5664-4929-b875-cddff5a7c18c|TUITION|2025-11,5cb7777e-5664-4929-b875-cddff5a7c18c,25-26,TUITION,2025.0,11.0,1500.00,2025-11-05,LEGACY_MIGRATION,ACTIVE,NOV,7203519e-eefa-4140-9721-b245476bf155,EXACT_OR_PRIOR
5cb7777e-5664-4929-b875-cddff5a7c18c|TUITION|2025-12,5cb7777e-5664-4929-b875-cddff5a7c18c,25-26,TUITION,2025.0,12.0,1500.00,2025-12-05,LEGACY_MIGRATION,ACTIVE,DIC/JUL,7203519e-eefa-4140-9721-b245476bf155,EXACT_OR_PRIOR
5cb7777e-5664-4929-b875-cddff5a7c18c|TUITION|2026-07,5cb7777e-5664-4929-b875-cddff5a7c18c,25-26,TUITION,2026.0,7.0,1500.00,2025-12-05,LEGACY_MIGRATION,ACTIVE,DIC/JUL,7203519e-eefa-4140-9721-b245476bf155,EXACT_OR_PRIOR
5cb7777e-5664-4929-b875-cddff5a7c18c|TUITION|2026-01,5cb7777e-5664-4929-b875-cddff5a7c18c,25-26,TUITION,2026.0,1.0,1500.00,2026-01-05,LEGACY_MIGRATION,ACTIVE,ENE,7203519e-eefa-4140-9721-b245476bf155,EXACT_OR_PRIOR
5cb7777e-5664-4929-b875-cddff5a7c18c|TUITION|2026-02,5cb7777e-5664-4929-b875-cddff5a7c18c,25-26,TUITION,2026.0,2.0,1500.00,2026-02-05,LEGACY_MIGRATION,ACTIVE,FEB,7203519e-eefa-4140-9721-b245476bf155,EXACT_OR_PRIOR
5cb7777e-5664-4929-b875-cddff5a7c18c|TUITION|2026-03,5cb7777e-5664-4929-b875-cddff5a7c18c,25-26,TUITION,2026.0,3.0,1500.00,2026-03-05,LEGACY_MIGRATION,ACTIVE,MAR/AGO,7203519e-eefa-4140-9721-b245476bf155,EXACT_OR_PRIOR
5cb7777e-5664-4929-b875-cddff5a7c18c|TUITION|2026-08,5cb7777e-5664-4929-b875-cddff5a7c18c,25-26,TUITION,2026.0,8.0,1500.00,2026-03-05,LEGACY_MIGRATION,ACTIVE,MAR/AGO,7203519e-eefa-4140-9721-b245476bf155,EXACT_OR_PRIOR
5cb7777e-5664-4929-b875-cddff5a7c18c|TUITION|2026-04,5cb7777e-5664-4929-b875-cddff5a7c18c,25-26,TUITION,2026.0,4.0,1500.00,2026-04-05,LEGACY_MIGRATION,ACTIVE,ABR,7203519e-eefa-4140-9721-b245476bf155,EXACT_OR_PRIOR
5cb7777e-5664-4929-b875-cddff5a7c18c|TUITION|2026-05,5cb7777e-5664-4929-b875-cddff5a7c18c,25-26,TUITION,2026.0,5.0,1500.00,2026-05-05,LEGACY_MIGRATION,ACTIVE,MAY,7203519e-eefa-4140-9721-b245476bf155,EXACT_OR_PRIOR
5cb7777e-5664-4929-b875-cddff5a7c18c|TUITION|2026-06,5cb7777e-5664-4929-b875-cddff5a7c18c,25-26,TUITION,2026.0,6.0,1500.00,2026-06-05,LEGACY_MIGRATION,ACTIVE,JUN,7203519e-eefa-4140-9721-b245476bf155,EXACT_OR_PRIOR
61565b9f-a82a-49cf-aa9f-3e7df8d7889c|TUITION|2025-09,61565b9f-a82a-49cf-aa9f-3e7df8d7889c,25-26,TUITION,2025.0,9.0,1600.00,2025-09-05,LEGACY_MIGRATION,ACTIVE,SEP,6502e3af-74e4-4477-940b-5927b67b4857,EXACT_OR_PRIOR
61565b9f-a82a-49cf-aa9f-3e7df8d7889c|TUITION|2025-10,61565b9f-a82a-49cf-aa9f-3e7df8d7889c,25-26,TUITION,2025.0,10.0,1600.00,2025-10-05,LEGACY_MIGRATION,ACTIVE,OCT,6502e3af-74e4-4477-940b-5927b67b4857,EXACT_OR_PRIOR
61565b9f-a82a-49cf-aa9f-3e7df8d7889c|TUITION|2025-11,61565b9f-a82a-49cf-aa9f-3e7df8d7889c,25-26,TUITION,2025.0,11.0,1600.00,2025-11-05,LEGACY_MIGRATION,ACTIVE,NOV,6502e3af-74e4-4477-940b-5927b67b4857,EXACT_OR_PRIOR
61565b9f-a82a-49cf-aa9f-3e7df8d7889c|TUITION|2025-12,61565b9f-a82a-49cf-aa9f-3e7df8d7889c,25-26,TUITION,2025.0,12.0,1600.00,2025-12-05,LEGACY_MIGRATION,ACTIVE,DIC/JUL,6502e3af-74e4-4477-940b-5927b67b4857,EXACT_OR_PRIOR
61565b9f-a82a-49cf-aa9f-3e7df8d7889c|TUITION|2026-07,61565b9f-a82a-49cf-aa9f-3e7df8d7889c,25-26,TUITION,2026.0,7.0,1600.00,2025-12-05,LEGACY_MIGRATION,ACTIVE,DIC/JUL,6502e3af-74e4-4477-940b-5927b67b4857,EXACT_OR_PRIOR
61565b9f-a82a-49cf-aa9f-3e7df8d7889c|TUITION|2026-01,61565b9f-a82a-49cf-aa9f-3e7df8d7889c,25-26,TUITION,2026.0,1.0,1600.00,2026-01-05,LEGACY_MIGRATION,ACTIVE,ENE,6502e3af-74e4-4477-940b-5927b67b4857,EXACT_OR_PRIOR
61565b9f-a82a-49cf-aa9f-3e7df8d7889c|TUITION|2026-02,61565b9f-a82a-49cf-aa9f-3e7df8d7889c,25-26,TUITION,2026.0,2.0,1600.00,2026-02-05,LEGACY_MIGRATION,ACTIVE,FEB,6502e3af-74e4-4477-940b-5927b67b4857,EXACT_OR_PRIOR
61565b9f-a82a-49cf-aa9f-3e7df8d7889c|TUITION|2026-03,61565b9f-a82a-49cf-aa9f-3e7df8d7889c,25-26,TUITION,2026.0,3.0,1600.00,2026-03-05,LEGACY_MIGRATION,ACTIVE,MAR/AGO,6502e3af-74e4-4477-940b-5927b67b4857,EXACT_OR_PRIOR
61565b9f-a82a-49cf-aa9f-3e7df8d7889c|TUITION|2026-08,61565b9f-a82a-49cf-aa9f-3e7df8d7889c,25-26,TUITION,2026.0,8.0,1600.00,2026-03-05,LEGACY_MIGRATION,ACTIVE,MAR/AGO,6502e3af-74e4-4477-940b-5927b67b4857,EXACT_OR_PRIOR
61565b9f-a82a-49cf-aa9f-3e7df8d7889c|TUITION|2026-04,61565b9f-a82a-49cf-aa9f-3e7df8d7889c,25-26,TUITION,2026.0,4.0,1600.00,2026-04-05,LEGACY_MIGRATION,ACTIVE,ABR,6502e3af-74e4-4477-940b-5927b67b4857,EXACT_OR_PRIOR
61565b9f-a82a-49cf-aa9f-3e7df8d7889c|TUITION|2026-05,61565b9f-a82a-49cf-aa9f-3e7df8d7889c,25-26,TUITION,2026.0,5.0,1600.00,2026-05-05,LEGACY_MIGRATION,ACTIVE,MAY,6502e3af-74e4-4477-940b-5927b67b4857,EXACT_OR_PRIOR
61565b9f-a82a-49cf-aa9f-3e7df8d7889c|TUITION|2026-06,61565b9f-a82a-49cf-aa9f-3e7df8d7889c,25-26,TUITION,2026.0,6.0,1600.00,2026-06-05,LEGACY_MIGRATION,ACTIVE,JUN,6502e3af-74e4-4477-940b-5927b67b4857,EXACT_OR_PRIOR
61ed3b0d-3542-46bc-a02d-4f73b36cffd3|TUITION|2025-09,61ed3b0d-3542-46bc-a02d-4f73b36cffd3,25-26,TUITION,2025.0,9.0,1100.00,2025-09-05,LEGACY_MIGRATION,ACTIVE,SEP,0921d120-e30d-47e3-8f4d-384a085bd3d7,EXACT_OR_PRIOR
61ed3b0d-3542-46bc-a02d-4f73b36cffd3|TUITION|2025-10,61ed3b0d-3542-46bc-a02d-4f73b36cffd3,25-26,TUITION,2025.0,10.0,1100.00,2025-10-05,LEGACY_MIGRATION,ACTIVE,OCT,0921d120-e30d-47e3-8f4d-384a085bd3d7,EXACT_OR_PRIOR
61ed3b0d-3542-46bc-a02d-4f73b36cffd3|TUITION|2025-11,61ed3b0d-3542-46bc-a02d-4f73b36cffd3,25-26,TUITION,2025.0,11.0,1100.00,2025-11-05,LEGACY_MIGRATION,ACTIVE,NOV,0921d120-e30d-47e3-8f4d-384a085bd3d7,EXACT_OR_PRIOR
61ed3b0d-3542-46bc-a02d-4f73b36cffd3|TUITION|2025-12,61ed3b0d-3542-46bc-a02d-4f73b36cffd3,25-26,TUITION,2025.0,12.0,1100.00,2025-12-05,LEGACY_MIGRATION,ACTIVE,DIC/JUL,0921d120-e30d-47e3-8f4d-384a085bd3d7,EXACT_OR_PRIOR
61ed3b0d-3542-46bc-a02d-4f73b36cffd3|TUITION|2026-07,61ed3b0d-3542-46bc-a02d-4f73b36cffd3,25-26,TUITION,2026.0,7.0,1100.00,2025-12-05,LEGACY_MIGRATION,ACTIVE,DIC/JUL,0921d120-e30d-47e3-8f4d-384a085bd3d7,EXACT_OR_PRIOR
61ed3b0d-3542-46bc-a02d-4f73b36cffd3|TUITION|2026-01,61ed3b0d-3542-46bc-a02d-4f73b36cffd3,25-26,TUITION,2026.0,1.0,1100.00,2026-01-05,LEGACY_MIGRATION,ACTIVE,ENE,0921d120-e30d-47e3-8f4d-384a085bd3d7,EXACT_OR_PRIOR
61ed3b0d-3542-46bc-a02d-4f73b36cffd3|TUITION|2026-02,61ed3b0d-3542-46bc-a02d-4f73b36cffd3,25-26,TUITION,2026.0,2.0,1100.00,2026-02-05,LEGACY_MIGRATION,ACTIVE,FEB,0921d120-e30d-47e3-8f4d-384a085bd3d7,EXACT_OR_PRIOR
61ed3b0d-3542-46bc-a02d-4f73b36cffd3|TUITION|2026-03,61ed3b0d-3542-46bc-a02d-4f73b36cffd3,25-26,TUITION,2026.0,3.0,1100.00,2026-03-05,LEGACY_MIGRATION,ACTIVE,MAR/AGO,0921d120-e30d-47e3-8f4d-384a085bd3d7,EXACT_OR_PRIOR
61ed3b0d-3542-46bc-a02d-4f73b36cffd3|TUITION|2026-08,61ed3b0d-3542-46bc-a02d-4f73b36cffd3,25-26,TUITION,2026.0,8.0,1100.00,2026-03-05,LEGACY_MIGRATION,ACTIVE,MAR/AGO,0921d120-e30d-47e3-8f4d-384a085bd3d7,EXACT_OR_PRIOR
61ed3b0d-3542-46bc-a02d-4f73b36cffd3|TUITION|2026-04,61ed3b0d-3542-46bc-a02d-4f73b36cffd3,25-26,TUITION,2026.0,4.0,1100.00,2026-04-05,LEGACY_MIGRATION,ACTIVE,ABR,0921d120-e30d-47e3-8f4d-384a085bd3d7,EXACT_OR_PRIOR
61ed3b0d-3542-46bc-a02d-4f73b36cffd3|TUITION|2026-05,61ed3b0d-3542-46bc-a02d-4f73b36cffd3,25-26,TUITION,2026.0,5.0,1100.00,2026-05-05,LEGACY_MIGRATION,ACTIVE,MAY,0921d120-e30d-47e3-8f4d-384a085bd3d7,EXACT_OR_PRIOR
61ed3b0d-3542-46bc-a02d-4f73b36cffd3|TUITION|2026-06,61ed3b0d-3542-46bc-a02d-4f73b36cffd3,25-26,TUITION,2026.0,6.0,1100.00,2026-06-05,LEGACY_MIGRATION,ACTIVE,JUN,0921d120-e30d-47e3-8f4d-384a085bd3d7,EXACT_OR_PRIOR
64b7b8c4-c418-4b27-8aa7-31c44d2850f4|TUITION|2025-09,64b7b8c4-c418-4b27-8aa7-31c44d2850f4,25-26,TUITION,2025.0,9.0,1200.00,2025-09-05,LEGACY_MIGRATION,ACTIVE,SEP,e24b2bb5-0b60-473c-a9e2-a9b01a73fdbd,EXACT_OR_PRIOR
64b7b8c4-c418-4b27-8aa7-31c44d2850f4|TUITION|2025-10,64b7b8c4-c418-4b27-8aa7-31c44d2850f4,25-26,TUITION,2025.0,10.0,1200.00,2025-10-05,LEGACY_MIGRATION,ACTIVE,OCT,e24b2bb5-0b60-473c-a9e2-a9b01a73fdbd,EXACT_OR_PRIOR
64b7b8c4-c418-4b27-8aa7-31c44d2850f4|TUITION|2025-11,64b7b8c4-c418-4b27-8aa7-31c44d2850f4,25-26,TUITION,2025.0,11.0,1200.00,2025-11-05,LEGACY_MIGRATION,ACTIVE,NOV,e24b2bb5-0b60-473c-a9e2-a9b01a73fdbd,EXACT_OR_PRIOR
64b7b8c4-c418-4b27-8aa7-31c44d2850f4|TUITION|2025-12,64b7b8c4-c418-4b27-8aa7-31c44d2850f4,25-26,TUITION,2025.0,12.0,1200.00,2025-12-05,LEGACY_MIGRATION,ACTIVE,DIC/JUL,e24b2bb5-0b60-473c-a9e2-a9b01a73fdbd,EXACT_OR_PRIOR
64b7b8c4-c418-4b27-8aa7-31c44d2850f4|TUITION|2026-07,64b7b8c4-c418-4b27-8aa7-31c44d2850f4,25-26,TUITION,2026.0,7.0,1200.00,2025-12-05,LEGACY_MIGRATION,ACTIVE,DIC/JUL,e24b2bb5-0b60-473c-a9e2-a9b01a73fdbd,EXACT_OR_PRIOR
64b7b8c4-c418-4b27-8aa7-31c44d2850f4|TUITION|2026-01,64b7b8c4-c418-4b27-8aa7-31c44d2850f4,25-26,TUITION,2026.0,1.0,1200.00,2026-01-05,LEGACY_MIGRATION,ACTIVE,ENE,e24b2bb5-0b60-473c-a9e2-a9b01a73fdbd,EXACT_OR_PRIOR
64b7b8c4-c418-4b27-8aa7-31c44d2850f4|TUITION|2026-02,64b7b8c4-c418-4b27-8aa7-31c44d2850f4,25-26,TUITION,2026.0,2.0,1200.00,2026-02-05,LEGACY_MIGRATION,ACTIVE,FEB,e24b2bb5-0b60-473c-a9e2-a9b01a73fdbd,EXACT_OR_PRIOR
64b7b8c4-c418-4b27-8aa7-31c44d2850f4|TUITION|2026-03,64b7b8c4-c418-4b27-8aa7-31c44d2850f4,25-26,TUITION,2026.0,3.0,1200.00,2026-03-05,LEGACY_MIGRATION,ACTIVE,MAR/AGO,e24b2bb5-0b60-473c-a9e2-a9b01a73fdbd,EXACT_OR_PRIOR
64b7b8c4-c418-4b27-8aa7-31c44d2850f4|TUITION|2026-08,64b7b8c4-c418-4b27-8aa7-31c44d2850f4,25-26,TUITION,2026.0,8.0,1200.00,2026-03-05,LEGACY_MIGRATION,ACTIVE,MAR/AGO,e24b2bb5-0b60-473c-a9e2-a9b01a73fdbd,EXACT_OR_PRIOR
64b7b8c4-c418-4b27-8aa7-31c44d2850f4|TUITION|2026-04,64b7b8c4-c418-4b27-8aa7-31c44d2850f4,25-26,TUITION,2026.0,4.0,1200.00,2026-04-05,LEGACY_MIGRATION,ACTIVE,ABR,e24b2bb5-0b60-473c-a9e2-a9b01a73fdbd,EXACT_OR_PRIOR
64b7b8c4-c418-4b27-8aa7-31c44d2850f4|TUITION|2026-05,64b7b8c4-c418-4b27-8aa7-31c44d2850f4,25-26,TUITION,2026.0,5.0,1200.00,2026-05-05,LEGACY_MIGRATION,ACTIVE,MAY,e24b2bb5-0b60-473c-a9e2-a9b01a73fdbd,EXACT_OR_PRIOR
64b7b8c4-c418-4b27-8aa7-31c44d2850f4|TUITION|2026-06,64b7b8c4-c418-4b27-8aa7-31c44d2850f4,25-26,TUITION,2026.0,6.0,1200.00,2026-06-05,LEGACY_MIGRATION,ACTIVE,JUN,e24b2bb5-0b60-473c-a9e2-a9b01a73fdbd,EXACT_OR_PRIOR
6539fe6a-8f3f-4a06-aa20-dbb71a0a4ccb|TUITION|2025-09,6539fe6a-8f3f-4a06-aa20-dbb71a0a4ccb,25-26,TUITION,2025.0,9.0,1600.00,2025-09-05,LEGACY_MIGRATION,ACTIVE,SEP,26c4633a-e251-41b7-8cc9-13937710f2bd,EXACT_OR_PRIOR
6539fe6a-8f3f-4a06-aa20-dbb71a0a4ccb|TUITION|2025-10,6539fe6a-8f3f-4a06-aa20-dbb71a0a4ccb,25-26,TUITION,2025.0,10.0,1600.00,2025-10-05,LEGACY_MIGRATION,ACTIVE,OCT,26c4633a-e251-41b7-8cc9-13937710f2bd,EXACT_OR_PRIOR
6539fe6a-8f3f-4a06-aa20-dbb71a0a4ccb|TUITION|2025-11,6539fe6a-8f3f-4a06-aa20-dbb71a0a4ccb,25-26,TUITION,2025.0,11.0,1600.00,2025-11-05,LEGACY_MIGRATION,ACTIVE,NOV,26c4633a-e251-41b7-8cc9-13937710f2bd,EXACT_OR_PRIOR
6539fe6a-8f3f-4a06-aa20-dbb71a0a4ccb|TUITION|2025-12,6539fe6a-8f3f-4a06-aa20-dbb71a0a4ccb,25-26,TUITION,2025.0,12.0,1600.00,2025-12-05,LEGACY_MIGRATION,ACTIVE,DIC/JUL,26c4633a-e251-41b7-8cc9-13937710f2bd,EXACT_OR_PRIOR
6539fe6a-8f3f-4a06-aa20-dbb71a0a4ccb|TUITION|2026-07,6539fe6a-8f3f-4a06-aa20-dbb71a0a4ccb,25-26,TUITION,2026.0,7.0,1600.00,2025-12-05,LEGACY_MIGRATION,ACTIVE,DIC/JUL,26c4633a-e251-41b7-8cc9-13937710f2bd,EXACT_OR_PRIOR
6539fe6a-8f3f-4a06-aa20-dbb71a0a4ccb|TUITION|2026-01,6539fe6a-8f3f-4a06-aa20-dbb71a0a4ccb,25-26,TUITION,2026.0,1.0,1600.00,2026-01-05,LEGACY_MIGRATION,ACTIVE,ENE,26c4633a-e251-41b7-8cc9-13937710f2bd,EXACT_OR_PRIOR
6539fe6a-8f3f-4a06-aa20-dbb71a0a4ccb|TUITION|2026-02,6539fe6a-8f3f-4a06-aa20-dbb71a0a4ccb,25-26,TUITION,2026.0,2.0,1600.00,2026-02-05,LEGACY_MIGRATION,ACTIVE,FEB,26c4633a-e251-41b7-8cc9-13937710f2bd,EXACT_OR_PRIOR
6539fe6a-8f3f-4a06-aa20-dbb71a0a4ccb|TUITION|2026-03,6539fe6a-8f3f-4a06-aa20-dbb71a0a4ccb,25-26,TUITION,2026.0,3.0,1600.00,2026-03-05,LEGACY_MIGRATION,ACTIVE,MAR/AGO,26c4633a-e251-41b7-8cc9-13937710f2bd,EXACT_OR_PRIOR
6539fe6a-8f3f-4a06-aa20-dbb71a0a4ccb|TUITION|2026-08,6539fe6a-8f3f-4a06-aa20-dbb71a0a4ccb,25-26,TUITION,2026.0,8.0,1600.00,2026-03-05,LEGACY_MIGRATION,ACTIVE,MAR/AGO,26c4633a-e251-41b7-8cc9-13937710f2bd,EXACT_OR_PRIOR
6539fe6a-8f3f-4a06-aa20-dbb71a0a4ccb|TUITION|2026-04,6539fe6a-8f3f-4a06-aa20-dbb71a0a4ccb,25-26,TUITION,2026.0,4.0,1600.00,2026-04-05,LEGACY_MIGRATION,ACTIVE,ABR,26c4633a-e251-41b7-8cc9-13937710f2bd,EXACT_OR_PRIOR
6539fe6a-8f3f-4a06-aa20-dbb71a0a4ccb|TUITION|2026-05,6539fe6a-8f3f-4a06-aa20-dbb71a0a4ccb,25-26,TUITION,2026.0,5.0,1600.00,2026-05-05,LEGACY_MIGRATION,ACTIVE,MAY,26c4633a-e251-41b7-8cc9-13937710f2bd,EXACT_OR_PRIOR
6539fe6a-8f3f-4a06-aa20-dbb71a0a4ccb|TUITION|2026-06,6539fe6a-8f3f-4a06-aa20-dbb71a0a4ccb,25-26,TUITION,2026.0,6.0,1600.00,2026-06-05,LEGACY_MIGRATION,ACTIVE,JUN,26c4633a-e251-41b7-8cc9-13937710f2bd,EXACT_OR_PRIOR
69450844-df68-4eb9-a465-967c31417074|TUITION|2025-09,69450844-df68-4eb9-a465-967c31417074,25-26,TUITION,2025.0,9.0,1600.00,2025-09-05,LEGACY_MIGRATION,ACTIVE,SEP,462d8bd8-af76-4074-ad89-7a7df766dfd3,EXACT_OR_PRIOR
69450844-df68-4eb9-a465-967c31417074|TUITION|2025-10,69450844-df68-4eb9-a465-967c31417074,25-26,TUITION,2025.0,10.0,1600.00,2025-10-05,LEGACY_MIGRATION,ACTIVE,OCT,462d8bd8-af76-4074-ad89-7a7df766dfd3,EXACT_OR_PRIOR
69450844-df68-4eb9-a465-967c31417074|TUITION|2025-11,69450844-df68-4eb9-a465-967c31417074,25-26,TUITION,2025.0,11.0,1600.00,2025-11-05,LEGACY_MIGRATION,ACTIVE,NOV,462d8bd8-af76-4074-ad89-7a7df766dfd3,EXACT_OR_PRIOR
69450844-df68-4eb9-a465-967c31417074|TUITION|2025-12,69450844-df68-4eb9-a465-967c31417074,25-26,TUITION,2025.0,12.0,1600.00,2025-12-05,LEGACY_MIGRATION,ACTIVE,DIC/JUL,462d8bd8-af76-4074-ad89-7a7df766dfd3,EXACT_OR_PRIOR
69450844-df68-4eb9-a465-967c31417074|TUITION|2026-07,69450844-df68-4eb9-a465-967c31417074,25-26,TUITION,2026.0,7.0,1600.00,2025-12-05,LEGACY_MIGRATION,ACTIVE,DIC/JUL,462d8bd8-af76-4074-ad89-7a7df766dfd3,EXACT_OR_PRIOR
69450844-df68-4eb9-a465-967c31417074|TUITION|2026-01,69450844-df68-4eb9-a465-967c31417074,25-26,TUITION,2026.0,1.0,1600.00,2026-01-05,LEGACY_MIGRATION,ACTIVE,ENE,462d8bd8-af76-4074-ad89-7a7df766dfd3,EXACT_OR_PRIOR
69450844-df68-4eb9-a465-967c31417074|TUITION|2026-02,69450844-df68-4eb9-a465-967c31417074,25-26,TUITION,2026.0,2.0,1600.00,2026-02-05,LEGACY_MIGRATION,ACTIVE,FEB,462d8bd8-af76-4074-ad89-7a7df766dfd3,EXACT_OR_PRIOR
69450844-df68-4eb9-a465-967c31417074|TUITION|2026-03,69450844-df68-4eb9-a465-967c31417074,25-26,TUITION,2026.0,3.0,1600.00,2026-03-05,LEGACY_MIGRATION,ACTIVE,MAR/AGO,462d8bd8-af76-4074-ad89-7a7df766dfd3,EXACT_OR_PRIOR
69450844-df68-4eb9-a465-967c31417074|TUITION|2026-08,69450844-df68-4eb9-a465-967c31417074,25-26,TUITION,2026.0,8.0,1600.00,2026-03-05,LEGACY_MIGRATION,ACTIVE,MAR/AGO,462d8bd8-af76-4074-ad89-7a7df766dfd3,EXACT_OR_PRIOR
69450844-df68-4eb9-a465-967c31417074|TUITION|2026-04,69450844-df68-4eb9-a465-967c31417074,25-26,TUITION,2026.0,4.0,1600.00,2026-04-05,LEGACY_MIGRATION,ACTIVE,ABR,462d8bd8-af76-4074-ad89-7a7df766dfd3,EXACT_OR_PRIOR
69450844-df68-4eb9-a465-967c31417074|TUITION|2026-05,69450844-df68-4eb9-a465-967c31417074,25-26,TUITION,2026.0,5.0,1600.00,2026-05-05,LEGACY_MIGRATION,ACTIVE,MAY,462d8bd8-af76-4074-ad89-7a7df766dfd3,EXACT_OR_PRIOR
69450844-df68-4eb9-a465-967c31417074|TUITION|2026-06,69450844-df68-4eb9-a465-967c31417074,25-26,TUITION,2026.0,6.0,1600.00,2026-06-05,LEGACY_MIGRATION,ACTIVE,JUN,462d8bd8-af76-4074-ad89-7a7df766dfd3,EXACT_OR_PRIOR
6a9b25d0-e6e4-4cf2-94ef-4ba0a59c5b2d|TUITION|2025-09,6a9b25d0-e6e4-4cf2-94ef-4ba0a59c5b2d,25-26,TUITION,2025.0,9.0,1000.00,2025-09-05,LEGACY_MIGRATION,ACTIVE,SEP,69d49507-4c04-4ddc-80f3-00f92e91fb21,EXACT_OR_PRIOR
6a9b25d0-e6e4-4cf2-94ef-4ba0a59c5b2d|TUITION|2025-10,6a9b25d0-e6e4-4cf2-94ef-4ba0a59c5b2d,25-26,TUITION,2025.0,10.0,1000.00,2025-10-05,LEGACY_MIGRATION,ACTIVE,OCT,69d49507-4c04-4ddc-80f3-00f92e91fb21,EXACT_OR_PRIOR
6a9b25d0-e6e4-4cf2-94ef-4ba0a59c5b2d|TUITION|2025-11,6a9b25d0-e6e4-4cf2-94ef-4ba0a59c5b2d,25-26,TUITION,2025.0,11.0,1000.00,2025-11-05,LEGACY_MIGRATION,ACTIVE,NOV,69d49507-4c04-4ddc-80f3-00f92e91fb21,EXACT_OR_PRIOR
6a9b25d0-e6e4-4cf2-94ef-4ba0a59c5b2d|TUITION|2025-12,6a9b25d0-e6e4-4cf2-94ef-4ba0a59c5b2d,25-26,TUITION,2025.0,12.0,1000.00,2025-12-05,LEGACY_MIGRATION,ACTIVE,DIC/JUL,69d49507-4c04-4ddc-80f3-00f92e91fb21,EXACT_OR_PRIOR
6a9b25d0-e6e4-4cf2-94ef-4ba0a59c5b2d|TUITION|2026-07,6a9b25d0-e6e4-4cf2-94ef-4ba0a59c5b2d,25-26,TUITION,2026.0,7.0,1000.00,2025-12-05,LEGACY_MIGRATION,ACTIVE,DIC/JUL,69d49507-4c04-4ddc-80f3-00f92e91fb21,EXACT_OR_PRIOR
6a9b25d0-e6e4-4cf2-94ef-4ba0a59c5b2d|TUITION|2026-01,6a9b25d0-e6e4-4cf2-94ef-4ba0a59c5b2d,25-26,TUITION,2026.0,1.0,1000.00,2026-01-05,LEGACY_MIGRATION,ACTIVE,ENE,69d49507-4c04-4ddc-80f3-00f92e91fb21,EXACT_OR_PRIOR
6a9b25d0-e6e4-4cf2-94ef-4ba0a59c5b2d|TUITION|2026-02,6a9b25d0-e6e4-4cf2-94ef-4ba0a59c5b2d,25-26,TUITION,2026.0,2.0,1000.00,2026-02-05,LEGACY_MIGRATION,ACTIVE,FEB,69d49507-4c04-4ddc-80f3-00f92e91fb21,EXACT_OR_PRIOR
6a9b25d0-e6e4-4cf2-94ef-4ba0a59c5b2d|TUITION|2026-03,6a9b25d0-e6e4-4cf2-94ef-4ba0a59c5b2d,25-26,TUITION,2026.0,3.0,1000.00,2026-03-05,LEGACY_MIGRATION,ACTIVE,MAR/AGO,69d49507-4c04-4ddc-80f3-00f92e91fb21,EXACT_OR_PRIOR
6a9b25d0-e6e4-4cf2-94ef-4ba0a59c5b2d|TUITION|2026-08,6a9b25d0-e6e4-4cf2-94ef-4ba0a59c5b2d,25-26,TUITION,2026.0,8.0,1000.00,2026-03-05,LEGACY_MIGRATION,ACTIVE,MAR/AGO,69d49507-4c04-4ddc-80f3-00f92e91fb21,EXACT_OR_PRIOR
6a9b25d0-e6e4-4cf2-94ef-4ba0a59c5b2d|TUITION|2026-04,6a9b25d0-e6e4-4cf2-94ef-4ba0a59c5b2d,25-26,TUITION,2026.0,4.0,1000.00,2026-04-05,LEGACY_MIGRATION,ACTIVE,ABR,69d49507-4c04-4ddc-80f3-00f92e91fb21,EXACT_OR_PRIOR
6a9b25d0-e6e4-4cf2-94ef-4ba0a59c5b2d|TUITION|2026-05,6a9b25d0-e6e4-4cf2-94ef-4ba0a59c5b2d,25-26,TUITION,2026.0,5.0,1000.00,2026-05-05,LEGACY_MIGRATION,ACTIVE,MAY,69d49507-4c04-4ddc-80f3-00f92e91fb21,EXACT_OR_PRIOR
6a9b25d0-e6e4-4cf2-94ef-4ba0a59c5b2d|TUITION|2026-06,6a9b25d0-e6e4-4cf2-94ef-4ba0a59c5b2d,25-26,TUITION,2026.0,6.0,1000.00,2026-06-05,LEGACY_MIGRATION,ACTIVE,JUN,69d49507-4c04-4ddc-80f3-00f92e91fb21,EXACT_OR_PRIOR
6d484f92-07ed-4ef5-acde-ed43c7314527|TUITION|2025-09,6d484f92-07ed-4ef5-acde-ed43c7314527,25-26,TUITION,2025.0,9.0,1500.00,2025-09-05,LEGACY_MIGRATION,ACTIVE,SEP,5fe5813a-3cbb-40c4-b3ff-f1b3ed3fd057,EXACT_OR_PRIOR
6d484f92-07ed-4ef5-acde-ed43c7314527|TUITION|2025-10,6d484f92-07ed-4ef5-acde-ed43c7314527,25-26,TUITION,2025.0,10.0,1500.00,2025-10-05,LEGACY_MIGRATION,ACTIVE,OCT,5fe5813a-3cbb-40c4-b3ff-f1b3ed3fd057,EXACT_OR_PRIOR
6d484f92-07ed-4ef5-acde-ed43c7314527|TUITION|2025-11,6d484f92-07ed-4ef5-acde-ed43c7314527,25-26,TUITION,2025.0,11.0,1500.00,2025-11-05,LEGACY_MIGRATION,ACTIVE,NOV,5fe5813a-3cbb-40c4-b3ff-f1b3ed3fd057,EXACT_OR_PRIOR
6d484f92-07ed-4ef5-acde-ed43c7314527|TUITION|2025-12,6d484f92-07ed-4ef5-acde-ed43c7314527,25-26,TUITION,2025.0,12.0,1500.00,2025-12-05,LEGACY_MIGRATION,ACTIVE,DIC/JUL,5fe5813a-3cbb-40c4-b3ff-f1b3ed3fd057,EXACT_OR_PRIOR
6d484f92-07ed-4ef5-acde-ed43c7314527|TUITION|2026-07,6d484f92-07ed-4ef5-acde-ed43c7314527,25-26,TUITION,2026.0,7.0,1500.00,2025-12-05,LEGACY_MIGRATION,ACTIVE,DIC/JUL,5fe5813a-3cbb-40c4-b3ff-f1b3ed3fd057,EXACT_OR_PRIOR
6d484f92-07ed-4ef5-acde-ed43c7314527|TUITION|2026-01,6d484f92-07ed-4ef5-acde-ed43c7314527,25-26,TUITION,2026.0,1.0,1500.00,2026-01-05,LEGACY_MIGRATION,ACTIVE,ENE,5fe5813a-3cbb-40c4-b3ff-f1b3ed3fd057,EXACT_OR_PRIOR
6d484f92-07ed-4ef5-acde-ed43c7314527|TUITION|2026-02,6d484f92-07ed-4ef5-acde-ed43c7314527,25-26,TUITION,2026.0,2.0,1500.00,2026-02-05,LEGACY_MIGRATION,ACTIVE,FEB,5fe5813a-3cbb-40c4-b3ff-f1b3ed3fd057,EXACT_OR_PRIOR
6d484f92-07ed-4ef5-acde-ed43c7314527|TUITION|2026-03,6d484f92-07ed-4ef5-acde-ed43c7314527,25-26,TUITION,2026.0,3.0,1500.00,2026-03-05,LEGACY_MIGRATION,ACTIVE,MAR/AGO,5fe5813a-3cbb-40c4-b3ff-f1b3ed3fd057,EXACT_OR_PRIOR
6d484f92-07ed-4ef5-acde-ed43c7314527|TUITION|2026-08,6d484f92-07ed-4ef5-acde-ed43c7314527,25-26,TUITION,2026.0,8.0,1500.00,2026-03-05,LEGACY_MIGRATION,ACTIVE,MAR/AGO,5fe5813a-3cbb-40c4-b3ff-f1b3ed3fd057,EXACT_OR_PRIOR
6d484f92-07ed-4ef5-acde-ed43c7314527|TUITION|2026-04,6d484f92-07ed-4ef5-acde-ed43c7314527,25-26,TUITION,2026.0,4.0,1500.00,2026-04-05,LEGACY_MIGRATION,ACTIVE,ABR,5fe5813a-3cbb-40c4-b3ff-f1b3ed3fd057,EXACT_OR_PRIOR
6d484f92-07ed-4ef5-acde-ed43c7314527|TUITION|2026-05,6d484f92-07ed-4ef5-acde-ed43c7314527,25-26,TUITION,2026.0,5.0,1500.00,2026-05-05,LEGACY_MIGRATION,ACTIVE,MAY,5fe5813a-3cbb-40c4-b3ff-f1b3ed3fd057,EXACT_OR_PRIOR
6d484f92-07ed-4ef5-acde-ed43c7314527|TUITION|2026-06,6d484f92-07ed-4ef5-acde-ed43c7314527,25-26,TUITION,2026.0,6.0,1500.00,2026-06-05,LEGACY_MIGRATION,ACTIVE,JUN,5fe5813a-3cbb-40c4-b3ff-f1b3ed3fd057,EXACT_OR_PRIOR
6f2f8410-2704-4938-8538-21edb5b8221a|TUITION|2025-09,6f2f8410-2704-4938-8538-21edb5b8221a,25-26,TUITION,2025.0,9.0,1000.00,2025-09-05,LEGACY_MIGRATION,ACTIVE,SEP,a7e9bd40-c637-4cb1-9513-e07afc3dd67f,EXACT_OR_PRIOR
6f2f8410-2704-4938-8538-21edb5b8221a|TUITION|2025-10,6f2f8410-2704-4938-8538-21edb5b8221a,25-26,TUITION,2025.0,10.0,1000.00,2025-10-05,LEGACY_MIGRATION,ACTIVE,OCT,a7e9bd40-c637-4cb1-9513-e07afc3dd67f,EXACT_OR_PRIOR
6f2f8410-2704-4938-8538-21edb5b8221a|TUITION|2025-11,6f2f8410-2704-4938-8538-21edb5b8221a,25-26,TUITION,2025.0,11.0,1000.00,2025-11-05,LEGACY_MIGRATION,ACTIVE,NOV,a7e9bd40-c637-4cb1-9513-e07afc3dd67f,EXACT_OR_PRIOR
6f2f8410-2704-4938-8538-21edb5b8221a|TUITION|2025-12,6f2f8410-2704-4938-8538-21edb5b8221a,25-26,TUITION,2025.0,12.0,1000.00,2025-12-05,LEGACY_MIGRATION,ACTIVE,DIC/JUL,a7e9bd40-c637-4cb1-9513-e07afc3dd67f,EXACT_OR_PRIOR
6f2f8410-2704-4938-8538-21edb5b8221a|TUITION|2026-07,6f2f8410-2704-4938-8538-21edb5b8221a,25-26,TUITION,2026.0,7.0,1000.00,2025-12-05,LEGACY_MIGRATION,ACTIVE,DIC/JUL,a7e9bd40-c637-4cb1-9513-e07afc3dd67f,EXACT_OR_PRIOR
6f2f8410-2704-4938-8538-21edb5b8221a|TUITION|2026-01,6f2f8410-2704-4938-8538-21edb5b8221a,25-26,TUITION,2026.0,1.0,1000.00,2026-01-05,LEGACY_MIGRATION,ACTIVE,ENE,a7e9bd40-c637-4cb1-9513-e07afc3dd67f,EXACT_OR_PRIOR
6f2f8410-2704-4938-8538-21edb5b8221a|TUITION|2026-02,6f2f8410-2704-4938-8538-21edb5b8221a,25-26,TUITION,2026.0,2.0,1000.00,2026-02-05,LEGACY_MIGRATION,ACTIVE,FEB,a7e9bd40-c637-4cb1-9513-e07afc3dd67f,EXACT_OR_PRIOR
6f2f8410-2704-4938-8538-21edb5b8221a|TUITION|2026-03,6f2f8410-2704-4938-8538-21edb5b8221a,25-26,TUITION,2026.0,3.0,1000.00,2026-03-05,LEGACY_MIGRATION,ACTIVE,MAR/AGO,a7e9bd40-c637-4cb1-9513-e07afc3dd67f,EXACT_OR_PRIOR
6f2f8410-2704-4938-8538-21edb5b8221a|TUITION|2026-08,6f2f8410-2704-4938-8538-21edb5b8221a,25-26,TUITION,2026.0,8.0,1000.00,2026-03-05,LEGACY_MIGRATION,ACTIVE,MAR/AGO,a7e9bd40-c637-4cb1-9513-e07afc3dd67f,EXACT_OR_PRIOR
6f2f8410-2704-4938-8538-21edb5b8221a|TUITION|2026-04,6f2f8410-2704-4938-8538-21edb5b8221a,25-26,TUITION,2026.0,4.0,1000.00,2026-04-05,LEGACY_MIGRATION,ACTIVE,ABR,a7e9bd40-c637-4cb1-9513-e07afc3dd67f,EXACT_OR_PRIOR
6f2f8410-2704-4938-8538-21edb5b8221a|TUITION|2026-05,6f2f8410-2704-4938-8538-21edb5b8221a,25-26,TUITION,2026.0,5.0,1000.00,2026-05-05,LEGACY_MIGRATION,ACTIVE,MAY,a7e9bd40-c637-4cb1-9513-e07afc3dd67f,EXACT_OR_PRIOR
6f2f8410-2704-4938-8538-21edb5b8221a|TUITION|2026-06,6f2f8410-2704-4938-8538-21edb5b8221a,25-26,TUITION,2026.0,6.0,1000.00,2026-06-05,LEGACY_MIGRATION,ACTIVE,JUN,a7e9bd40-c637-4cb1-9513-e07afc3dd67f,EXACT_OR_PRIOR
7392fe19-c6bd-489a-9cf5-3f6861139603|TUITION|2026-07,7392fe19-c6bd-489a-9cf5-3f6861139603,25-26,TUITION,2026.0,7.0,1300.00,2025-12-05,LEGACY_MIGRATION,ACTIVE,DIC/JUL,d3591b31-256a-43a9-a317-c80b71cff397,FUTURE_FALLBACK
7392fe19-c6bd-489a-9cf5-3f6861139603|TUITION|2026-02,7392fe19-c6bd-489a-9cf5-3f6861139603,25-26,TUITION,2026.0,2.0,1300.00,2026-02-05,LEGACY_MIGRATION,ACTIVE,FEB,d3591b31-256a-43a9-a317-c80b71cff397,EXACT_OR_PRIOR
7392fe19-c6bd-489a-9cf5-3f6861139603|TUITION|2026-03,7392fe19-c6bd-489a-9cf5-3f6861139603,25-26,TUITION,2026.0,3.0,1300.00,2026-03-05,LEGACY_MIGRATION,ACTIVE,MAR/AGO,d3591b31-256a-43a9-a317-c80b71cff397,EXACT_OR_PRIOR
7392fe19-c6bd-489a-9cf5-3f6861139603|TUITION|2026-08,7392fe19-c6bd-489a-9cf5-3f6861139603,25-26,TUITION,2026.0,8.0,1300.00,2026-03-05,LEGACY_MIGRATION,ACTIVE,MAR/AGO,d3591b31-256a-43a9-a317-c80b71cff397,EXACT_OR_PRIOR
7392fe19-c6bd-489a-9cf5-3f6861139603|TUITION|2026-04,7392fe19-c6bd-489a-9cf5-3f6861139603,25-26,TUITION,2026.0,4.0,1300.00,2026-04-05,LEGACY_MIGRATION,ACTIVE,ABR,d3591b31-256a-43a9-a317-c80b71cff397,EXACT_OR_PRIOR
7392fe19-c6bd-489a-9cf5-3f6861139603|TUITION|2026-05,7392fe19-c6bd-489a-9cf5-3f6861139603,25-26,TUITION,2026.0,5.0,1300.00,2026-05-05,LEGACY_MIGRATION,ACTIVE,MAY,d3591b31-256a-43a9-a317-c80b71cff397,EXACT_OR_PRIOR
7392fe19-c6bd-489a-9cf5-3f6861139603|TUITION|2026-06,7392fe19-c6bd-489a-9cf5-3f6861139603,25-26,TUITION,2026.0,6.0,1300.00,2026-06-05,LEGACY_MIGRATION,ACTIVE,JUN,d3591b31-256a-43a9-a317-c80b71cff397,EXACT_OR_PRIOR
79810b5e-1376-4f47-8619-11c72b08a14e|TUITION|2025-09,79810b5e-1376-4f47-8619-11c72b08a14e,25-26,TUITION,2025.0,9.0,0.00,2025-09-05,LEGACY_MIGRATION,ACTIVE,SEP,4c62c58e-1776-49a1-b67b-58e3a71637d2,EXACT_OR_PRIOR
79810b5e-1376-4f47-8619-11c72b08a14e|TUITION|2025-10,79810b5e-1376-4f47-8619-11c72b08a14e,25-26,TUITION,2025.0,10.0,0.00,2025-10-05,LEGACY_MIGRATION,ACTIVE,OCT,4c62c58e-1776-49a1-b67b-58e3a71637d2,EXACT_OR_PRIOR
79810b5e-1376-4f47-8619-11c72b08a14e|TUITION|2025-11,79810b5e-1376-4f47-8619-11c72b08a14e,25-26,TUITION,2025.0,11.0,0.00,2025-11-05,LEGACY_MIGRATION,ACTIVE,NOV,4c62c58e-1776-49a1-b67b-58e3a71637d2,EXACT_OR_PRIOR
79810b5e-1376-4f47-8619-11c72b08a14e|TUITION|2025-12,79810b5e-1376-4f47-8619-11c72b08a14e,25-26,TUITION,2025.0,12.0,0.00,2025-12-05,LEGACY_MIGRATION,ACTIVE,DIC/JUL,4c62c58e-1776-49a1-b67b-58e3a71637d2,EXACT_OR_PRIOR
79810b5e-1376-4f47-8619-11c72b08a14e|TUITION|2026-07,79810b5e-1376-4f47-8619-11c72b08a14e,25-26,TUITION,2026.0,7.0,0.00,2025-12-05,LEGACY_MIGRATION,ACTIVE,DIC/JUL,4c62c58e-1776-49a1-b67b-58e3a71637d2,EXACT_OR_PRIOR
79810b5e-1376-4f47-8619-11c72b08a14e|TUITION|2026-01,79810b5e-1376-4f47-8619-11c72b08a14e,25-26,TUITION,2026.0,1.0,0.00,2026-01-05,LEGACY_MIGRATION,ACTIVE,ENE,4c62c58e-1776-49a1-b67b-58e3a71637d2,EXACT_OR_PRIOR
79810b5e-1376-4f47-8619-11c72b08a14e|TUITION|2026-02,79810b5e-1376-4f47-8619-11c72b08a14e,25-26,TUITION,2026.0,2.0,0.00,2026-02-05,LEGACY_MIGRATION,ACTIVE,FEB,4c62c58e-1776-49a1-b67b-58e3a71637d2,EXACT_OR_PRIOR
79810b5e-1376-4f47-8619-11c72b08a14e|TUITION|2026-03,79810b5e-1376-4f47-8619-11c72b08a14e,25-26,TUITION,2026.0,3.0,0.00,2026-03-05,LEGACY_MIGRATION,ACTIVE,MAR/AGO,4c62c58e-1776-49a1-b67b-58e3a71637d2,EXACT_OR_PRIOR
79810b5e-1376-4f47-8619-11c72b08a14e|TUITION|2026-08,79810b5e-1376-4f47-8619-11c72b08a14e,25-26,TUITION,2026.0,8.0,0.00,2026-03-05,LEGACY_MIGRATION,ACTIVE,MAR/AGO,4c62c58e-1776-49a1-b67b-58e3a71637d2,EXACT_OR_PRIOR
79810b5e-1376-4f47-8619-11c72b08a14e|TUITION|2026-04,79810b5e-1376-4f47-8619-11c72b08a14e,25-26,TUITION,2026.0,4.0,0.00,2026-04-05,LEGACY_MIGRATION,ACTIVE,ABR,4c62c58e-1776-49a1-b67b-58e3a71637d2,EXACT_OR_PRIOR
79810b5e-1376-4f47-8619-11c72b08a14e|TUITION|2026-05,79810b5e-1376-4f47-8619-11c72b08a14e,25-26,TUITION,2026.0,5.0,0.00,2026-05-05,LEGACY_MIGRATION,ACTIVE,MAY,4c62c58e-1776-49a1-b67b-58e3a71637d2,EXACT_OR_PRIOR
79810b5e-1376-4f47-8619-11c72b08a14e|TUITION|2026-06,79810b5e-1376-4f47-8619-11c72b08a14e,25-26,TUITION,2026.0,6.0,0.00,2026-06-05,LEGACY_MIGRATION,ACTIVE,JUN,4c62c58e-1776-49a1-b67b-58e3a71637d2,EXACT_OR_PRIOR
7babc8a8-10d3-41e2-bb40-868a18dc2300|TUITION|2025-09,7babc8a8-10d3-41e2-bb40-868a18dc2300,25-26,TUITION,2025.0,9.0,1600.00,2025-09-05,LEGACY_MIGRATION,ACTIVE,SEP,d3204010-40bf-42e9-932c-1b670b36c0f5,EXACT_OR_PRIOR
7babc8a8-10d3-41e2-bb40-868a18dc2300|TUITION|2025-10,7babc8a8-10d3-41e2-bb40-868a18dc2300,25-26,TUITION,2025.0,10.0,1600.00,2025-10-05,LEGACY_MIGRATION,ACTIVE,OCT,d3204010-40bf-42e9-932c-1b670b36c0f5,EXACT_OR_PRIOR
7babc8a8-10d3-41e2-bb40-868a18dc2300|TUITION|2025-11,7babc8a8-10d3-41e2-bb40-868a18dc2300,25-26,TUITION,2025.0,11.0,1600.00,2025-11-05,LEGACY_MIGRATION,ACTIVE,NOV,d3204010-40bf-42e9-932c-1b670b36c0f5,EXACT_OR_PRIOR
7babc8a8-10d3-41e2-bb40-868a18dc2300|TUITION|2025-12,7babc8a8-10d3-41e2-bb40-868a18dc2300,25-26,TUITION,2025.0,12.0,1600.00,2025-12-05,LEGACY_MIGRATION,ACTIVE,DIC/JUL,d3204010-40bf-42e9-932c-1b670b36c0f5,EXACT_OR_PRIOR
7babc8a8-10d3-41e2-bb40-868a18dc2300|TUITION|2026-07,7babc8a8-10d3-41e2-bb40-868a18dc2300,25-26,TUITION,2026.0,7.0,1600.00,2025-12-05,LEGACY_MIGRATION,ACTIVE,DIC/JUL,d3204010-40bf-42e9-932c-1b670b36c0f5,EXACT_OR_PRIOR
7babc8a8-10d3-41e2-bb40-868a18dc2300|TUITION|2026-01,7babc8a8-10d3-41e2-bb40-868a18dc2300,25-26,TUITION,2026.0,1.0,1600.00,2026-01-05,LEGACY_MIGRATION,ACTIVE,ENE,d3204010-40bf-42e9-932c-1b670b36c0f5,EXACT_OR_PRIOR
7babc8a8-10d3-41e2-bb40-868a18dc2300|TUITION|2026-02,7babc8a8-10d3-41e2-bb40-868a18dc2300,25-26,TUITION,2026.0,2.0,1600.00,2026-02-05,LEGACY_MIGRATION,ACTIVE,FEB,d3204010-40bf-42e9-932c-1b670b36c0f5,EXACT_OR_PRIOR
7babc8a8-10d3-41e2-bb40-868a18dc2300|TUITION|2026-03,7babc8a8-10d3-41e2-bb40-868a18dc2300,25-26,TUITION,2026.0,3.0,1600.00,2026-03-05,LEGACY_MIGRATION,ACTIVE,MAR/AGO,d3204010-40bf-42e9-932c-1b670b36c0f5,EXACT_OR_PRIOR
7babc8a8-10d3-41e2-bb40-868a18dc2300|TUITION|2026-08,7babc8a8-10d3-41e2-bb40-868a18dc2300,25-26,TUITION,2026.0,8.0,1600.00,2026-03-05,LEGACY_MIGRATION,ACTIVE,MAR/AGO,d3204010-40bf-42e9-932c-1b670b36c0f5,EXACT_OR_PRIOR
7babc8a8-10d3-41e2-bb40-868a18dc2300|TUITION|2026-04,7babc8a8-10d3-41e2-bb40-868a18dc2300,25-26,TUITION,2026.0,4.0,1600.00,2026-04-05,LEGACY_MIGRATION,ACTIVE,ABR,d3204010-40bf-42e9-932c-1b670b36c0f5,EXACT_OR_PRIOR
7babc8a8-10d3-41e2-bb40-868a18dc2300|TUITION|2026-05,7babc8a8-10d3-41e2-bb40-868a18dc2300,25-26,TUITION,2026.0,5.0,1600.00,2026-05-05,LEGACY_MIGRATION,ACTIVE,MAY,d3204010-40bf-42e9-932c-1b670b36c0f5,EXACT_OR_PRIOR
7babc8a8-10d3-41e2-bb40-868a18dc2300|TUITION|2026-06,7babc8a8-10d3-41e2-bb40-868a18dc2300,25-26,TUITION,2026.0,6.0,1600.00,2026-06-05,LEGACY_MIGRATION,ACTIVE,JUN,d3204010-40bf-42e9-932c-1b670b36c0f5,EXACT_OR_PRIOR
7c1e9bdc-6090-4313-a14b-1a94d13eeec8|TUITION|2025-09,7c1e9bdc-6090-4313-a14b-1a94d13eeec8,25-26,TUITION,2025.0,9.0,0.00,2025-09-05,LEGACY_MIGRATION,ACTIVE,SEP,488fd021-97bb-423d-ac59-ff17fba86c0e,EXACT_OR_PRIOR
7c1e9bdc-6090-4313-a14b-1a94d13eeec8|TUITION|2025-10,7c1e9bdc-6090-4313-a14b-1a94d13eeec8,25-26,TUITION,2025.0,10.0,0.00,2025-10-05,LEGACY_MIGRATION,ACTIVE,OCT,488fd021-97bb-423d-ac59-ff17fba86c0e,EXACT_OR_PRIOR
7c1e9bdc-6090-4313-a14b-1a94d13eeec8|TUITION|2025-11,7c1e9bdc-6090-4313-a14b-1a94d13eeec8,25-26,TUITION,2025.0,11.0,0.00,2025-11-05,LEGACY_MIGRATION,ACTIVE,NOV,488fd021-97bb-423d-ac59-ff17fba86c0e,EXACT_OR_PRIOR
7c1e9bdc-6090-4313-a14b-1a94d13eeec8|TUITION|2025-12,7c1e9bdc-6090-4313-a14b-1a94d13eeec8,25-26,TUITION,2025.0,12.0,0.00,2025-12-05,LEGACY_MIGRATION,ACTIVE,DIC/JUL,488fd021-97bb-423d-ac59-ff17fba86c0e,EXACT_OR_PRIOR
7c1e9bdc-6090-4313-a14b-1a94d13eeec8|TUITION|2026-07,7c1e9bdc-6090-4313-a14b-1a94d13eeec8,25-26,TUITION,2026.0,7.0,0.00,2025-12-05,LEGACY_MIGRATION,ACTIVE,DIC/JUL,488fd021-97bb-423d-ac59-ff17fba86c0e,EXACT_OR_PRIOR
7c1e9bdc-6090-4313-a14b-1a94d13eeec8|TUITION|2026-01,7c1e9bdc-6090-4313-a14b-1a94d13eeec8,25-26,TUITION,2026.0,1.0,0.00,2026-01-05,LEGACY_MIGRATION,ACTIVE,ENE,488fd021-97bb-423d-ac59-ff17fba86c0e,EXACT_OR_PRIOR
7c1e9bdc-6090-4313-a14b-1a94d13eeec8|TUITION|2026-02,7c1e9bdc-6090-4313-a14b-1a94d13eeec8,25-26,TUITION,2026.0,2.0,0.00,2026-02-05,LEGACY_MIGRATION,ACTIVE,FEB,488fd021-97bb-423d-ac59-ff17fba86c0e,EXACT_OR_PRIOR
7c1e9bdc-6090-4313-a14b-1a94d13eeec8|TUITION|2026-03,7c1e9bdc-6090-4313-a14b-1a94d13eeec8,25-26,TUITION,2026.0,3.0,0.00,2026-03-05,LEGACY_MIGRATION,ACTIVE,MAR/AGO,488fd021-97bb-423d-ac59-ff17fba86c0e,EXACT_OR_PRIOR
7c1e9bdc-6090-4313-a14b-1a94d13eeec8|TUITION|2026-08,7c1e9bdc-6090-4313-a14b-1a94d13eeec8,25-26,TUITION,2026.0,8.0,0.00,2026-03-05,LEGACY_MIGRATION,ACTIVE,MAR/AGO,488fd021-97bb-423d-ac59-ff17fba86c0e,EXACT_OR_PRIOR
7c1e9bdc-6090-4313-a14b-1a94d13eeec8|TUITION|2026-04,7c1e9bdc-6090-4313-a14b-1a94d13eeec8,25-26,TUITION,2026.0,4.0,0.00,2026-04-05,LEGACY_MIGRATION,ACTIVE,ABR,488fd021-97bb-423d-ac59-ff17fba86c0e,EXACT_OR_PRIOR
7c1e9bdc-6090-4313-a14b-1a94d13eeec8|TUITION|2026-05,7c1e9bdc-6090-4313-a14b-1a94d13eeec8,25-26,TUITION,2026.0,5.0,0.00,2026-05-05,LEGACY_MIGRATION,ACTIVE,MAY,488fd021-97bb-423d-ac59-ff17fba86c0e,EXACT_OR_PRIOR
7c1e9bdc-6090-4313-a14b-1a94d13eeec8|TUITION|2026-06,7c1e9bdc-6090-4313-a14b-1a94d13eeec8,25-26,TUITION,2026.0,6.0,0.00,2026-06-05,LEGACY_MIGRATION,ACTIVE,JUN,488fd021-97bb-423d-ac59-ff17fba86c0e,EXACT_OR_PRIOR
7dbf3c47-1f14-4b4a-b594-ec98e68218b0|TUITION|2025-09,7dbf3c47-1f14-4b4a-b594-ec98e68218b0,25-26,TUITION,2025.0,9.0,0.00,2025-09-05,LEGACY_MIGRATION,ACTIVE,SEP,e3751887-d207-4186-8dde-3fa0342c7ae2,EXACT_OR_PRIOR
7dbf3c47-1f14-4b4a-b594-ec98e68218b0|TUITION|2025-10,7dbf3c47-1f14-4b4a-b594-ec98e68218b0,25-26,TUITION,2025.0,10.0,0.00,2025-10-05,LEGACY_MIGRATION,ACTIVE,OCT,e3751887-d207-4186-8dde-3fa0342c7ae2,EXACT_OR_PRIOR
7dbf3c47-1f14-4b4a-b594-ec98e68218b0|TUITION|2025-11,7dbf3c47-1f14-4b4a-b594-ec98e68218b0,25-26,TUITION,2025.0,11.0,0.00,2025-11-05,LEGACY_MIGRATION,ACTIVE,NOV,e3751887-d207-4186-8dde-3fa0342c7ae2,EXACT_OR_PRIOR
7dbf3c47-1f14-4b4a-b594-ec98e68218b0|TUITION|2025-12,7dbf3c47-1f14-4b4a-b594-ec98e68218b0,25-26,TUITION,2025.0,12.0,0.00,2025-12-05,LEGACY_MIGRATION,ACTIVE,DIC/JUL,e3751887-d207-4186-8dde-3fa0342c7ae2,EXACT_OR_PRIOR
7dbf3c47-1f14-4b4a-b594-ec98e68218b0|TUITION|2026-07,7dbf3c47-1f14-4b4a-b594-ec98e68218b0,25-26,TUITION,2026.0,7.0,0.00,2025-12-05,LEGACY_MIGRATION,ACTIVE,DIC/JUL,e3751887-d207-4186-8dde-3fa0342c7ae2,EXACT_OR_PRIOR
7dbf3c47-1f14-4b4a-b594-ec98e68218b0|TUITION|2026-01,7dbf3c47-1f14-4b4a-b594-ec98e68218b0,25-26,TUITION,2026.0,1.0,0.00,2026-01-05,LEGACY_MIGRATION,ACTIVE,ENE,e3751887-d207-4186-8dde-3fa0342c7ae2,EXACT_OR_PRIOR
7dbf3c47-1f14-4b4a-b594-ec98e68218b0|TUITION|2026-02,7dbf3c47-1f14-4b4a-b594-ec98e68218b0,25-26,TUITION,2026.0,2.0,0.00,2026-02-05,LEGACY_MIGRATION,ACTIVE,FEB,e3751887-d207-4186-8dde-3fa0342c7ae2,EXACT_OR_PRIOR
7dbf3c47-1f14-4b4a-b594-ec98e68218b0|TUITION|2026-03,7dbf3c47-1f14-4b4a-b594-ec98e68218b0,25-26,TUITION,2026.0,3.0,0.00,2026-03-05,LEGACY_MIGRATION,ACTIVE,MAR/AGO,e3751887-d207-4186-8dde-3fa0342c7ae2,EXACT_OR_PRIOR
7dbf3c47-1f14-4b4a-b594-ec98e68218b0|TUITION|2026-08,7dbf3c47-1f14-4b4a-b594-ec98e68218b0,25-26,TUITION,2026.0,8.0,0.00,2026-03-05,LEGACY_MIGRATION,ACTIVE,MAR/AGO,e3751887-d207-4186-8dde-3fa0342c7ae2,EXACT_OR_PRIOR
7dbf3c47-1f14-4b4a-b594-ec98e68218b0|TUITION|2026-04,7dbf3c47-1f14-4b4a-b594-ec98e68218b0,25-26,TUITION,2026.0,4.0,0.00,2026-04-05,LEGACY_MIGRATION,ACTIVE,ABR,e3751887-d207-4186-8dde-3fa0342c7ae2,EXACT_OR_PRIOR
7dbf3c47-1f14-4b4a-b594-ec98e68218b0|TUITION|2026-05,7dbf3c47-1f14-4b4a-b594-ec98e68218b0,25-26,TUITION,2026.0,5.0,0.00,2026-05-05,LEGACY_MIGRATION,ACTIVE,MAY,e3751887-d207-4186-8dde-3fa0342c7ae2,EXACT_OR_PRIOR
7dbf3c47-1f14-4b4a-b594-ec98e68218b0|TUITION|2026-06,7dbf3c47-1f14-4b4a-b594-ec98e68218b0,25-26,TUITION,2026.0,6.0,0.00,2026-06-05,LEGACY_MIGRATION,ACTIVE,JUN,e3751887-d207-4186-8dde-3fa0342c7ae2,EXACT_OR_PRIOR
81db6f65-f0d0-45e2-93d7-8d0e5c3dc56a|TUITION|2025-09,81db6f65-f0d0-45e2-93d7-8d0e5c3dc56a,25-26,TUITION,2025.0,9.0,1000.00,2025-09-05,LEGACY_MIGRATION,ACTIVE,SEP,1659e568-ea89-49a4-9499-3080f67ae56b,EXACT_OR_PRIOR
81db6f65-f0d0-45e2-93d7-8d0e5c3dc56a|TUITION|2025-10,81db6f65-f0d0-45e2-93d7-8d0e5c3dc56a,25-26,TUITION,2025.0,10.0,1000.00,2025-10-05,LEGACY_MIGRATION,ACTIVE,OCT,1659e568-ea89-49a4-9499-3080f67ae56b,EXACT_OR_PRIOR
81db6f65-f0d0-45e2-93d7-8d0e5c3dc56a|TUITION|2025-11,81db6f65-f0d0-45e2-93d7-8d0e5c3dc56a,25-26,TUITION,2025.0,11.0,1000.00,2025-11-05,LEGACY_MIGRATION,ACTIVE,NOV,1659e568-ea89-49a4-9499-3080f67ae56b,EXACT_OR_PRIOR
81db6f65-f0d0-45e2-93d7-8d0e5c3dc56a|TUITION|2025-12,81db6f65-f0d0-45e2-93d7-8d0e5c3dc56a,25-26,TUITION,2025.0,12.0,1000.00,2025-12-05,LEGACY_MIGRATION,ACTIVE,DIC/JUL,1659e568-ea89-49a4-9499-3080f67ae56b,EXACT_OR_PRIOR
81db6f65-f0d0-45e2-93d7-8d0e5c3dc56a|TUITION|2026-07,81db6f65-f0d0-45e2-93d7-8d0e5c3dc56a,25-26,TUITION,2026.0,7.0,1000.00,2025-12-05,LEGACY_MIGRATION,ACTIVE,DIC/JUL,1659e568-ea89-49a4-9499-3080f67ae56b,EXACT_OR_PRIOR
81db6f65-f0d0-45e2-93d7-8d0e5c3dc56a|TUITION|2026-01,81db6f65-f0d0-45e2-93d7-8d0e5c3dc56a,25-26,TUITION,2026.0,1.0,1000.00,2026-01-05,LEGACY_MIGRATION,ACTIVE,ENE,1659e568-ea89-49a4-9499-3080f67ae56b,EXACT_OR_PRIOR
81db6f65-f0d0-45e2-93d7-8d0e5c3dc56a|TUITION|2026-02,81db6f65-f0d0-45e2-93d7-8d0e5c3dc56a,25-26,TUITION,2026.0,2.0,1000.00,2026-02-05,LEGACY_MIGRATION,ACTIVE,FEB,1659e568-ea89-49a4-9499-3080f67ae56b,EXACT_OR_PRIOR
81db6f65-f0d0-45e2-93d7-8d0e5c3dc56a|TUITION|2026-03,81db6f65-f0d0-45e2-93d7-8d0e5c3dc56a,25-26,TUITION,2026.0,3.0,1000.00,2026-03-05,LEGACY_MIGRATION,ACTIVE,MAR/AGO,1659e568-ea89-49a4-9499-3080f67ae56b,EXACT_OR_PRIOR
81db6f65-f0d0-45e2-93d7-8d0e5c3dc56a|TUITION|2026-08,81db6f65-f0d0-45e2-93d7-8d0e5c3dc56a,25-26,TUITION,2026.0,8.0,1000.00,2026-03-05,LEGACY_MIGRATION,ACTIVE,MAR/AGO,1659e568-ea89-49a4-9499-3080f67ae56b,EXACT_OR_PRIOR
81db6f65-f0d0-45e2-93d7-8d0e5c3dc56a|TUITION|2026-04,81db6f65-f0d0-45e2-93d7-8d0e5c3dc56a,25-26,TUITION,2026.0,4.0,1000.00,2026-04-05,LEGACY_MIGRATION,ACTIVE,ABR,1659e568-ea89-49a4-9499-3080f67ae56b,EXACT_OR_PRIOR
81db6f65-f0d0-45e2-93d7-8d0e5c3dc56a|TUITION|2026-05,81db6f65-f0d0-45e2-93d7-8d0e5c3dc56a,25-26,TUITION,2026.0,5.0,1000.00,2026-05-05,LEGACY_MIGRATION,ACTIVE,MAY,1659e568-ea89-49a4-9499-3080f67ae56b,EXACT_OR_PRIOR
81db6f65-f0d0-45e2-93d7-8d0e5c3dc56a|TUITION|2026-06,81db6f65-f0d0-45e2-93d7-8d0e5c3dc56a,25-26,TUITION,2026.0,6.0,1000.00,2026-06-05,LEGACY_MIGRATION,ACTIVE,JUN,1659e568-ea89-49a4-9499-3080f67ae56b,EXACT_OR_PRIOR
83744ef9-a5f4-4c6a-9c81-a6ea4f9507cf|TUITION|2025-09,83744ef9-a5f4-4c6a-9c81-a6ea4f9507cf,25-26,TUITION,2025.0,9.0,1300.00,2025-09-05,LEGACY_MIGRATION,ACTIVE,SEP,819c4547-36a2-4bc3-8443-ce06eec23cf9,EXACT_OR_PRIOR
83744ef9-a5f4-4c6a-9c81-a6ea4f9507cf|TUITION|2025-10,83744ef9-a5f4-4c6a-9c81-a6ea4f9507cf,25-26,TUITION,2025.0,10.0,1300.00,2025-10-05,LEGACY_MIGRATION,ACTIVE,OCT,819c4547-36a2-4bc3-8443-ce06eec23cf9,EXACT_OR_PRIOR
83744ef9-a5f4-4c6a-9c81-a6ea4f9507cf|TUITION|2025-11,83744ef9-a5f4-4c6a-9c81-a6ea4f9507cf,25-26,TUITION,2025.0,11.0,1300.00,2025-11-05,LEGACY_MIGRATION,ACTIVE,NOV,819c4547-36a2-4bc3-8443-ce06eec23cf9,EXACT_OR_PRIOR
83744ef9-a5f4-4c6a-9c81-a6ea4f9507cf|TUITION|2025-12,83744ef9-a5f4-4c6a-9c81-a6ea4f9507cf,25-26,TUITION,2025.0,12.0,1300.00,2025-12-05,LEGACY_MIGRATION,ACTIVE,DIC/JUL,819c4547-36a2-4bc3-8443-ce06eec23cf9,EXACT_OR_PRIOR
83744ef9-a5f4-4c6a-9c81-a6ea4f9507cf|TUITION|2026-07,83744ef9-a5f4-4c6a-9c81-a6ea4f9507cf,25-26,TUITION,2026.0,7.0,1300.00,2025-12-05,LEGACY_MIGRATION,ACTIVE,DIC/JUL,819c4547-36a2-4bc3-8443-ce06eec23cf9,EXACT_OR_PRIOR
83744ef9-a5f4-4c6a-9c81-a6ea4f9507cf|TUITION|2026-01,83744ef9-a5f4-4c6a-9c81-a6ea4f9507cf,25-26,TUITION,2026.0,1.0,1300.00,2026-01-05,LEGACY_MIGRATION,ACTIVE,ENE,819c4547-36a2-4bc3-8443-ce06eec23cf9,EXACT_OR_PRIOR
83744ef9-a5f4-4c6a-9c81-a6ea4f9507cf|TUITION|2026-02,83744ef9-a5f4-4c6a-9c81-a6ea4f9507cf,25-26,TUITION,2026.0,2.0,1300.00,2026-02-05,LEGACY_MIGRATION,ACTIVE,FEB,819c4547-36a2-4bc3-8443-ce06eec23cf9,EXACT_OR_PRIOR
83744ef9-a5f4-4c6a-9c81-a6ea4f9507cf|TUITION|2026-03,83744ef9-a5f4-4c6a-9c81-a6ea4f9507cf,25-26,TUITION,2026.0,3.0,1300.00,2026-03-05,LEGACY_MIGRATION,ACTIVE,MAR/AGO,819c4547-36a2-4bc3-8443-ce06eec23cf9,EXACT_OR_PRIOR
83744ef9-a5f4-4c6a-9c81-a6ea4f9507cf|TUITION|2026-08,83744ef9-a5f4-4c6a-9c81-a6ea4f9507cf,25-26,TUITION,2026.0,8.0,1300.00,2026-03-05,LEGACY_MIGRATION,ACTIVE,MAR/AGO,819c4547-36a2-4bc3-8443-ce06eec23cf9,EXACT_OR_PRIOR
83744ef9-a5f4-4c6a-9c81-a6ea4f9507cf|TUITION|2026-04,83744ef9-a5f4-4c6a-9c81-a6ea4f9507cf,25-26,TUITION,2026.0,4.0,1300.00,2026-04-05,LEGACY_MIGRATION,ACTIVE,ABR,819c4547-36a2-4bc3-8443-ce06eec23cf9,EXACT_OR_PRIOR
83744ef9-a5f4-4c6a-9c81-a6ea4f9507cf|TUITION|2026-05,83744ef9-a5f4-4c6a-9c81-a6ea4f9507cf,25-26,TUITION,2026.0,5.0,1300.00,2026-05-05,LEGACY_MIGRATION,ACTIVE,MAY,819c4547-36a2-4bc3-8443-ce06eec23cf9,EXACT_OR_PRIOR
83744ef9-a5f4-4c6a-9c81-a6ea4f9507cf|TUITION|2026-06,83744ef9-a5f4-4c6a-9c81-a6ea4f9507cf,25-26,TUITION,2026.0,6.0,1300.00,2026-06-05,LEGACY_MIGRATION,ACTIVE,JUN,819c4547-36a2-4bc3-8443-ce06eec23cf9,EXACT_OR_PRIOR
845acc82-5357-4263-a24c-e03f7ea60a49|TUITION|2025-09,845acc82-5357-4263-a24c-e03f7ea60a49,25-26,TUITION,2025.0,9.0,900.00,2025-09-05,LEGACY_MIGRATION,ACTIVE,SEP,f772e0c5-37b8-472f-b1f7-50b2ba0c41d5,EXACT_OR_PRIOR
845acc82-5357-4263-a24c-e03f7ea60a49|TUITION|2025-10,845acc82-5357-4263-a24c-e03f7ea60a49,25-26,TUITION,2025.0,10.0,900.00,2025-10-05,LEGACY_MIGRATION,ACTIVE,OCT,f772e0c5-37b8-472f-b1f7-50b2ba0c41d5,EXACT_OR_PRIOR
845acc82-5357-4263-a24c-e03f7ea60a49|TUITION|2025-11,845acc82-5357-4263-a24c-e03f7ea60a49,25-26,TUITION,2025.0,11.0,900.00,2025-11-05,LEGACY_MIGRATION,ACTIVE,NOV,f772e0c5-37b8-472f-b1f7-50b2ba0c41d5,EXACT_OR_PRIOR
845acc82-5357-4263-a24c-e03f7ea60a49|TUITION|2025-12,845acc82-5357-4263-a24c-e03f7ea60a49,25-26,TUITION,2025.0,12.0,900.00,2025-12-05,LEGACY_MIGRATION,ACTIVE,DIC/JUL,f772e0c5-37b8-472f-b1f7-50b2ba0c41d5,EXACT_OR_PRIOR
845acc82-5357-4263-a24c-e03f7ea60a49|TUITION|2026-07,845acc82-5357-4263-a24c-e03f7ea60a49,25-26,TUITION,2026.0,7.0,900.00,2025-12-05,LEGACY_MIGRATION,ACTIVE,DIC/JUL,f772e0c5-37b8-472f-b1f7-50b2ba0c41d5,EXACT_OR_PRIOR
845acc82-5357-4263-a24c-e03f7ea60a49|TUITION|2026-01,845acc82-5357-4263-a24c-e03f7ea60a49,25-26,TUITION,2026.0,1.0,900.00,2026-01-05,LEGACY_MIGRATION,ACTIVE,ENE,f772e0c5-37b8-472f-b1f7-50b2ba0c41d5,EXACT_OR_PRIOR
845acc82-5357-4263-a24c-e03f7ea60a49|TUITION|2026-02,845acc82-5357-4263-a24c-e03f7ea60a49,25-26,TUITION,2026.0,2.0,900.00,2026-02-05,LEGACY_MIGRATION,ACTIVE,FEB,f772e0c5-37b8-472f-b1f7-50b2ba0c41d5,EXACT_OR_PRIOR
845acc82-5357-4263-a24c-e03f7ea60a49|TUITION|2026-03,845acc82-5357-4263-a24c-e03f7ea60a49,25-26,TUITION,2026.0,3.0,900.00,2026-03-05,LEGACY_MIGRATION,ACTIVE,MAR/AGO,f772e0c5-37b8-472f-b1f7-50b2ba0c41d5,EXACT_OR_PRIOR
845acc82-5357-4263-a24c-e03f7ea60a49|TUITION|2026-08,845acc82-5357-4263-a24c-e03f7ea60a49,25-26,TUITION,2026.0,8.0,900.00,2026-03-05,LEGACY_MIGRATION,ACTIVE,MAR/AGO,f772e0c5-37b8-472f-b1f7-50b2ba0c41d5,EXACT_OR_PRIOR
845acc82-5357-4263-a24c-e03f7ea60a49|TUITION|2026-04,845acc82-5357-4263-a24c-e03f7ea60a49,25-26,TUITION,2026.0,4.0,900.00,2026-04-05,LEGACY_MIGRATION,ACTIVE,ABR,f772e0c5-37b8-472f-b1f7-50b2ba0c41d5,EXACT_OR_PRIOR
845acc82-5357-4263-a24c-e03f7ea60a49|TUITION|2026-05,845acc82-5357-4263-a24c-e03f7ea60a49,25-26,TUITION,2026.0,5.0,900.00,2026-05-05,LEGACY_MIGRATION,ACTIVE,MAY,f772e0c5-37b8-472f-b1f7-50b2ba0c41d5,EXACT_OR_PRIOR
845acc82-5357-4263-a24c-e03f7ea60a49|TUITION|2026-06,845acc82-5357-4263-a24c-e03f7ea60a49,25-26,TUITION,2026.0,6.0,900.00,2026-06-05,LEGACY_MIGRATION,ACTIVE,JUN,f772e0c5-37b8-472f-b1f7-50b2ba0c41d5,EXACT_OR_PRIOR
84e478c3-33cf-44e4-a8d3-2fa0be7ff15d|TUITION|2025-09,84e478c3-33cf-44e4-a8d3-2fa0be7ff15d,25-26,TUITION,2025.0,9.0,0.00,2025-09-05,LEGACY_MIGRATION,ACTIVE,SEP,51407976-bc8f-4dd9-b95a-7873dceda760,EXACT_OR_PRIOR
84e478c3-33cf-44e4-a8d3-2fa0be7ff15d|TUITION|2025-10,84e478c3-33cf-44e4-a8d3-2fa0be7ff15d,25-26,TUITION,2025.0,10.0,0.00,2025-10-05,LEGACY_MIGRATION,ACTIVE,OCT,51407976-bc8f-4dd9-b95a-7873dceda760,EXACT_OR_PRIOR
84e478c3-33cf-44e4-a8d3-2fa0be7ff15d|TUITION|2025-11,84e478c3-33cf-44e4-a8d3-2fa0be7ff15d,25-26,TUITION,2025.0,11.0,0.00,2025-11-05,LEGACY_MIGRATION,ACTIVE,NOV,51407976-bc8f-4dd9-b95a-7873dceda760,EXACT_OR_PRIOR
84e478c3-33cf-44e4-a8d3-2fa0be7ff15d|TUITION|2025-12,84e478c3-33cf-44e4-a8d3-2fa0be7ff15d,25-26,TUITION,2025.0,12.0,0.00,2025-12-05,LEGACY_MIGRATION,ACTIVE,DIC/JUL,51407976-bc8f-4dd9-b95a-7873dceda760,EXACT_OR_PRIOR
84e478c3-33cf-44e4-a8d3-2fa0be7ff15d|TUITION|2026-07,84e478c3-33cf-44e4-a8d3-2fa0be7ff15d,25-26,TUITION,2026.0,7.0,0.00,2025-12-05,LEGACY_MIGRATION,ACTIVE,DIC/JUL,51407976-bc8f-4dd9-b95a-7873dceda760,EXACT_OR_PRIOR
84e478c3-33cf-44e4-a8d3-2fa0be7ff15d|TUITION|2026-01,84e478c3-33cf-44e4-a8d3-2fa0be7ff15d,25-26,TUITION,2026.0,1.0,0.00,2026-01-05,LEGACY_MIGRATION,ACTIVE,ENE,51407976-bc8f-4dd9-b95a-7873dceda760,EXACT_OR_PRIOR
84e478c3-33cf-44e4-a8d3-2fa0be7ff15d|TUITION|2026-02,84e478c3-33cf-44e4-a8d3-2fa0be7ff15d,25-26,TUITION,2026.0,2.0,0.00,2026-02-05,LEGACY_MIGRATION,ACTIVE,FEB,51407976-bc8f-4dd9-b95a-7873dceda760,EXACT_OR_PRIOR
84e478c3-33cf-44e4-a8d3-2fa0be7ff15d|TUITION|2026-03,84e478c3-33cf-44e4-a8d3-2fa0be7ff15d,25-26,TUITION,2026.0,3.0,0.00,2026-03-05,LEGACY_MIGRATION,ACTIVE,MAR/AGO,51407976-bc8f-4dd9-b95a-7873dceda760,EXACT_OR_PRIOR
84e478c3-33cf-44e4-a8d3-2fa0be7ff15d|TUITION|2026-08,84e478c3-33cf-44e4-a8d3-2fa0be7ff15d,25-26,TUITION,2026.0,8.0,0.00,2026-03-05,LEGACY_MIGRATION,ACTIVE,MAR/AGO,51407976-bc8f-4dd9-b95a-7873dceda760,EXACT_OR_PRIOR
84e478c3-33cf-44e4-a8d3-2fa0be7ff15d|TUITION|2026-04,84e478c3-33cf-44e4-a8d3-2fa0be7ff15d,25-26,TUITION,2026.0,4.0,0.00,2026-04-05,LEGACY_MIGRATION,ACTIVE,ABR,51407976-bc8f-4dd9-b95a-7873dceda760,EXACT_OR_PRIOR
84e478c3-33cf-44e4-a8d3-2fa0be7ff15d|TUITION|2026-05,84e478c3-33cf-44e4-a8d3-2fa0be7ff15d,25-26,TUITION,2026.0,5.0,0.00,2026-05-05,LEGACY_MIGRATION,ACTIVE,MAY,51407976-bc8f-4dd9-b95a-7873dceda760,EXACT_OR_PRIOR
84e478c3-33cf-44e4-a8d3-2fa0be7ff15d|TUITION|2026-06,84e478c3-33cf-44e4-a8d3-2fa0be7ff15d,25-26,TUITION,2026.0,6.0,0.00,2026-06-05,LEGACY_MIGRATION,ACTIVE,JUN,51407976-bc8f-4dd9-b95a-7873dceda760,EXACT_OR_PRIOR
8526d610-1516-448b-80fe-67bed0d43c11|TUITION|2025-09,8526d610-1516-448b-80fe-67bed0d43c11,25-26,TUITION,2025.0,9.0,0.00,2025-09-05,LEGACY_MIGRATION,ACTIVE,SEP,2d019072-41f8-4bb0-8657-0924f116b9b7,EXACT_OR_PRIOR
8526d610-1516-448b-80fe-67bed0d43c11|TUITION|2025-10,8526d610-1516-448b-80fe-67bed0d43c11,25-26,TUITION,2025.0,10.0,0.00,2025-10-05,LEGACY_MIGRATION,ACTIVE,OCT,2d019072-41f8-4bb0-8657-0924f116b9b7,EXACT_OR_PRIOR
8526d610-1516-448b-80fe-67bed0d43c11|TUITION|2025-11,8526d610-1516-448b-80fe-67bed0d43c11,25-26,TUITION,2025.0,11.0,0.00,2025-11-05,LEGACY_MIGRATION,ACTIVE,NOV,2d019072-41f8-4bb0-8657-0924f116b9b7,EXACT_OR_PRIOR
8526d610-1516-448b-80fe-67bed0d43c11|TUITION|2025-12,8526d610-1516-448b-80fe-67bed0d43c11,25-26,TUITION,2025.0,12.0,0.00,2025-12-05,LEGACY_MIGRATION,ACTIVE,DIC/JUL,2d019072-41f8-4bb0-8657-0924f116b9b7,EXACT_OR_PRIOR
8526d610-1516-448b-80fe-67bed0d43c11|TUITION|2026-07,8526d610-1516-448b-80fe-67bed0d43c11,25-26,TUITION,2026.0,7.0,0.00,2025-12-05,LEGACY_MIGRATION,ACTIVE,DIC/JUL,2d019072-41f8-4bb0-8657-0924f116b9b7,EXACT_OR_PRIOR
8526d610-1516-448b-80fe-67bed0d43c11|TUITION|2026-01,8526d610-1516-448b-80fe-67bed0d43c11,25-26,TUITION,2026.0,1.0,0.00,2026-01-05,LEGACY_MIGRATION,ACTIVE,ENE,2d019072-41f8-4bb0-8657-0924f116b9b7,EXACT_OR_PRIOR
8526d610-1516-448b-80fe-67bed0d43c11|TUITION|2026-02,8526d610-1516-448b-80fe-67bed0d43c11,25-26,TUITION,2026.0,2.0,0.00,2026-02-05,LEGACY_MIGRATION,ACTIVE,FEB,2d019072-41f8-4bb0-8657-0924f116b9b7,EXACT_OR_PRIOR
8526d610-1516-448b-80fe-67bed0d43c11|TUITION|2026-03,8526d610-1516-448b-80fe-67bed0d43c11,25-26,TUITION,2026.0,3.0,0.00,2026-03-05,LEGACY_MIGRATION,ACTIVE,MAR/AGO,2d019072-41f8-4bb0-8657-0924f116b9b7,EXACT_OR_PRIOR
8526d610-1516-448b-80fe-67bed0d43c11|TUITION|2026-08,8526d610-1516-448b-80fe-67bed0d43c11,25-26,TUITION,2026.0,8.0,0.00,2026-03-05,LEGACY_MIGRATION,ACTIVE,MAR/AGO,2d019072-41f8-4bb0-8657-0924f116b9b7,EXACT_OR_PRIOR
8526d610-1516-448b-80fe-67bed0d43c11|TUITION|2026-04,8526d610-1516-448b-80fe-67bed0d43c11,25-26,TUITION,2026.0,4.0,0.00,2026-04-05,LEGACY_MIGRATION,ACTIVE,ABR,2d019072-41f8-4bb0-8657-0924f116b9b7,EXACT_OR_PRIOR
8526d610-1516-448b-80fe-67bed0d43c11|TUITION|2026-05,8526d610-1516-448b-80fe-67bed0d43c11,25-26,TUITION,2026.0,5.0,0.00,2026-05-05,LEGACY_MIGRATION,ACTIVE,MAY,2d019072-41f8-4bb0-8657-0924f116b9b7,EXACT_OR_PRIOR
8526d610-1516-448b-80fe-67bed0d43c11|TUITION|2026-06,8526d610-1516-448b-80fe-67bed0d43c11,25-26,TUITION,2026.0,6.0,0.00,2026-06-05,LEGACY_MIGRATION,ACTIVE,JUN,2d019072-41f8-4bb0-8657-0924f116b9b7,EXACT_OR_PRIOR
8568473f-3a83-4adb-8aed-358e4481b99c|TUITION|2025-09,8568473f-3a83-4adb-8aed-358e4481b99c,25-26,TUITION,2025.0,9.0,0.00,2025-09-05,LEGACY_MIGRATION,ACTIVE,SEP,21bc96b3-44b0-422e-8d6c-792b54c6026d,EXACT_OR_PRIOR
8568473f-3a83-4adb-8aed-358e4481b99c|TUITION|2025-10,8568473f-3a83-4adb-8aed-358e4481b99c,25-26,TUITION,2025.0,10.0,0.00,2025-10-05,LEGACY_MIGRATION,ACTIVE,OCT,21bc96b3-44b0-422e-8d6c-792b54c6026d,EXACT_OR_PRIOR
8568473f-3a83-4adb-8aed-358e4481b99c|TUITION|2025-11,8568473f-3a83-4adb-8aed-358e4481b99c,25-26,TUITION,2025.0,11.0,0.00,2025-11-05,LEGACY_MIGRATION,ACTIVE,NOV,21bc96b3-44b0-422e-8d6c-792b54c6026d,EXACT_OR_PRIOR
8568473f-3a83-4adb-8aed-358e4481b99c|TUITION|2025-12,8568473f-3a83-4adb-8aed-358e4481b99c,25-26,TUITION,2025.0,12.0,0.00,2025-12-05,LEGACY_MIGRATION,ACTIVE,DIC/JUL,21bc96b3-44b0-422e-8d6c-792b54c6026d,EXACT_OR_PRIOR
8568473f-3a83-4adb-8aed-358e4481b99c|TUITION|2026-07,8568473f-3a83-4adb-8aed-358e4481b99c,25-26,TUITION,2026.0,7.0,0.00,2025-12-05,LEGACY_MIGRATION,ACTIVE,DIC/JUL,21bc96b3-44b0-422e-8d6c-792b54c6026d,EXACT_OR_PRIOR
8568473f-3a83-4adb-8aed-358e4481b99c|TUITION|2026-01,8568473f-3a83-4adb-8aed-358e4481b99c,25-26,TUITION,2026.0,1.0,0.00,2026-01-05,LEGACY_MIGRATION,ACTIVE,ENE,21bc96b3-44b0-422e-8d6c-792b54c6026d,EXACT_OR_PRIOR
8568473f-3a83-4adb-8aed-358e4481b99c|TUITION|2026-02,8568473f-3a83-4adb-8aed-358e4481b99c,25-26,TUITION,2026.0,2.0,0.00,2026-02-05,LEGACY_MIGRATION,ACTIVE,FEB,21bc96b3-44b0-422e-8d6c-792b54c6026d,EXACT_OR_PRIOR
8568473f-3a83-4adb-8aed-358e4481b99c|TUITION|2026-03,8568473f-3a83-4adb-8aed-358e4481b99c,25-26,TUITION,2026.0,3.0,0.00,2026-03-05,LEGACY_MIGRATION,ACTIVE,MAR/AGO,21bc96b3-44b0-422e-8d6c-792b54c6026d,EXACT_OR_PRIOR
8568473f-3a83-4adb-8aed-358e4481b99c|TUITION|2026-08,8568473f-3a83-4adb-8aed-358e4481b99c,25-26,TUITION,2026.0,8.0,0.00,2026-03-05,LEGACY_MIGRATION,ACTIVE,MAR/AGO,21bc96b3-44b0-422e-8d6c-792b54c6026d,EXACT_OR_PRIOR
8568473f-3a83-4adb-8aed-358e4481b99c|TUITION|2026-04,8568473f-3a83-4adb-8aed-358e4481b99c,25-26,TUITION,2026.0,4.0,0.00,2026-04-05,LEGACY_MIGRATION,ACTIVE,ABR,21bc96b3-44b0-422e-8d6c-792b54c6026d,EXACT_OR_PRIOR
8568473f-3a83-4adb-8aed-358e4481b99c|TUITION|2026-05,8568473f-3a83-4adb-8aed-358e4481b99c,25-26,TUITION,2026.0,5.0,0.00,2026-05-05,LEGACY_MIGRATION,ACTIVE,MAY,21bc96b3-44b0-422e-8d6c-792b54c6026d,EXACT_OR_PRIOR
8568473f-3a83-4adb-8aed-358e4481b99c|TUITION|2026-06,8568473f-3a83-4adb-8aed-358e4481b99c,25-26,TUITION,2026.0,6.0,0.00,2026-06-05,LEGACY_MIGRATION,ACTIVE,JUN,21bc96b3-44b0-422e-8d6c-792b54c6026d,EXACT_OR_PRIOR
8d1da005-457e-4b91-b44a-605b0ca3c47a|TUITION|2025-09,8d1da005-457e-4b91-b44a-605b0ca3c47a,25-26,TUITION,2025.0,9.0,1600.00,2025-09-05,LEGACY_MIGRATION,ACTIVE,SEP,5b027b56-2795-462b-a3d9-981878f69f40,EXACT_OR_PRIOR
8d1da005-457e-4b91-b44a-605b0ca3c47a|TUITION|2025-10,8d1da005-457e-4b91-b44a-605b0ca3c47a,25-26,TUITION,2025.0,10.0,1600.00,2025-10-05,LEGACY_MIGRATION,ACTIVE,OCT,5b027b56-2795-462b-a3d9-981878f69f40,EXACT_OR_PRIOR
8d1da005-457e-4b91-b44a-605b0ca3c47a|TUITION|2025-11,8d1da005-457e-4b91-b44a-605b0ca3c47a,25-26,TUITION,2025.0,11.0,1600.00,2025-11-05,LEGACY_MIGRATION,ACTIVE,NOV,5b027b56-2795-462b-a3d9-981878f69f40,EXACT_OR_PRIOR
8d1da005-457e-4b91-b44a-605b0ca3c47a|TUITION|2025-12,8d1da005-457e-4b91-b44a-605b0ca3c47a,25-26,TUITION,2025.0,12.0,1600.00,2025-12-05,LEGACY_MIGRATION,ACTIVE,DIC/JUL,5b027b56-2795-462b-a3d9-981878f69f40,EXACT_OR_PRIOR
8d1da005-457e-4b91-b44a-605b0ca3c47a|TUITION|2026-07,8d1da005-457e-4b91-b44a-605b0ca3c47a,25-26,TUITION,2026.0,7.0,1600.00,2025-12-05,LEGACY_MIGRATION,ACTIVE,DIC/JUL,5b027b56-2795-462b-a3d9-981878f69f40,EXACT_OR_PRIOR
8d1da005-457e-4b91-b44a-605b0ca3c47a|TUITION|2026-01,8d1da005-457e-4b91-b44a-605b0ca3c47a,25-26,TUITION,2026.0,1.0,1600.00,2026-01-05,LEGACY_MIGRATION,ACTIVE,ENE,5b027b56-2795-462b-a3d9-981878f69f40,EXACT_OR_PRIOR
8d1da005-457e-4b91-b44a-605b0ca3c47a|TUITION|2026-02,8d1da005-457e-4b91-b44a-605b0ca3c47a,25-26,TUITION,2026.0,2.0,1600.00,2026-02-05,LEGACY_MIGRATION,ACTIVE,FEB,5b027b56-2795-462b-a3d9-981878f69f40,EXACT_OR_PRIOR
8d1da005-457e-4b91-b44a-605b0ca3c47a|TUITION|2026-03,8d1da005-457e-4b91-b44a-605b0ca3c47a,25-26,TUITION,2026.0,3.0,1600.00,2026-03-05,LEGACY_MIGRATION,ACTIVE,MAR/AGO,5b027b56-2795-462b-a3d9-981878f69f40,EXACT_OR_PRIOR
8d1da005-457e-4b91-b44a-605b0ca3c47a|TUITION|2026-08,8d1da005-457e-4b91-b44a-605b0ca3c47a,25-26,TUITION,2026.0,8.0,1600.00,2026-03-05,LEGACY_MIGRATION,ACTIVE,MAR/AGO,5b027b56-2795-462b-a3d9-981878f69f40,EXACT_OR_PRIOR
8d1da005-457e-4b91-b44a-605b0ca3c47a|TUITION|2026-04,8d1da005-457e-4b91-b44a-605b0ca3c47a,25-26,TUITION,2026.0,4.0,1600.00,2026-04-05,LEGACY_MIGRATION,ACTIVE,ABR,5b027b56-2795-462b-a3d9-981878f69f40,EXACT_OR_PRIOR
8d1da005-457e-4b91-b44a-605b0ca3c47a|TUITION|2026-05,8d1da005-457e-4b91-b44a-605b0ca3c47a,25-26,TUITION,2026.0,5.0,1600.00,2026-05-05,LEGACY_MIGRATION,ACTIVE,MAY,5b027b56-2795-462b-a3d9-981878f69f40,EXACT_OR_PRIOR
8d1da005-457e-4b91-b44a-605b0ca3c47a|TUITION|2026-06,8d1da005-457e-4b91-b44a-605b0ca3c47a,25-26,TUITION,2026.0,6.0,1600.00,2026-06-05,LEGACY_MIGRATION,ACTIVE,JUN,5b027b56-2795-462b-a3d9-981878f69f40,EXACT_OR_PRIOR
8f7b36f8-3e15-40c5-bdda-da05aead70c2|TUITION|2025-09,8f7b36f8-3e15-40c5-bdda-da05aead70c2,25-26,TUITION,2025.0,9.0,0.00,2025-09-05,LEGACY_MIGRATION,ACTIVE,SEP,65ea54de-2ddb-417a-a09f-c2dc8632c96b,EXACT_OR_PRIOR
8f7b36f8-3e15-40c5-bdda-da05aead70c2|TUITION|2025-10,8f7b36f8-3e15-40c5-bdda-da05aead70c2,25-26,TUITION,2025.0,10.0,0.00,2025-10-05,LEGACY_MIGRATION,ACTIVE,OCT,65ea54de-2ddb-417a-a09f-c2dc8632c96b,EXACT_OR_PRIOR
8f7b36f8-3e15-40c5-bdda-da05aead70c2|TUITION|2025-11,8f7b36f8-3e15-40c5-bdda-da05aead70c2,25-26,TUITION,2025.0,11.0,0.00,2025-11-05,LEGACY_MIGRATION,ACTIVE,NOV,65ea54de-2ddb-417a-a09f-c2dc8632c96b,EXACT_OR_PRIOR
8f7b36f8-3e15-40c5-bdda-da05aead70c2|TUITION|2025-12,8f7b36f8-3e15-40c5-bdda-da05aead70c2,25-26,TUITION,2025.0,12.0,0.00,2025-12-05,LEGACY_MIGRATION,ACTIVE,DIC/JUL,65ea54de-2ddb-417a-a09f-c2dc8632c96b,EXACT_OR_PRIOR
8f7b36f8-3e15-40c5-bdda-da05aead70c2|TUITION|2026-07,8f7b36f8-3e15-40c5-bdda-da05aead70c2,25-26,TUITION,2026.0,7.0,0.00,2025-12-05,LEGACY_MIGRATION,ACTIVE,DIC/JUL,65ea54de-2ddb-417a-a09f-c2dc8632c96b,EXACT_OR_PRIOR
8f7b36f8-3e15-40c5-bdda-da05aead70c2|TUITION|2026-01,8f7b36f8-3e15-40c5-bdda-da05aead70c2,25-26,TUITION,2026.0,1.0,0.00,2026-01-05,LEGACY_MIGRATION,ACTIVE,ENE,65ea54de-2ddb-417a-a09f-c2dc8632c96b,EXACT_OR_PRIOR
8f7b36f8-3e15-40c5-bdda-da05aead70c2|TUITION|2026-02,8f7b36f8-3e15-40c5-bdda-da05aead70c2,25-26,TUITION,2026.0,2.0,0.00,2026-02-05,LEGACY_MIGRATION,ACTIVE,FEB,65ea54de-2ddb-417a-a09f-c2dc8632c96b,EXACT_OR_PRIOR
8f7b36f8-3e15-40c5-bdda-da05aead70c2|TUITION|2026-03,8f7b36f8-3e15-40c5-bdda-da05aead70c2,25-26,TUITION,2026.0,3.0,0.00,2026-03-05,LEGACY_MIGRATION,ACTIVE,MAR/AGO,65ea54de-2ddb-417a-a09f-c2dc8632c96b,EXACT_OR_PRIOR
8f7b36f8-3e15-40c5-bdda-da05aead70c2|TUITION|2026-08,8f7b36f8-3e15-40c5-bdda-da05aead70c2,25-26,TUITION,2026.0,8.0,0.00,2026-03-05,LEGACY_MIGRATION,ACTIVE,MAR/AGO,65ea54de-2ddb-417a-a09f-c2dc8632c96b,EXACT_OR_PRIOR
8f7b36f8-3e15-40c5-bdda-da05aead70c2|TUITION|2026-04,8f7b36f8-3e15-40c5-bdda-da05aead70c2,25-26,TUITION,2026.0,4.0,0.00,2026-04-05,LEGACY_MIGRATION,ACTIVE,ABR,65ea54de-2ddb-417a-a09f-c2dc8632c96b,EXACT_OR_PRIOR
8f7b36f8-3e15-40c5-bdda-da05aead70c2|TUITION|2026-05,8f7b36f8-3e15-40c5-bdda-da05aead70c2,25-26,TUITION,2026.0,5.0,0.00,2026-05-05,LEGACY_MIGRATION,ACTIVE,MAY,65ea54de-2ddb-417a-a09f-c2dc8632c96b,EXACT_OR_PRIOR
8f7b36f8-3e15-40c5-bdda-da05aead70c2|TUITION|2026-06,8f7b36f8-3e15-40c5-bdda-da05aead70c2,25-26,TUITION,2026.0,6.0,0.00,2026-06-05,LEGACY_MIGRATION,ACTIVE,JUN,65ea54de-2ddb-417a-a09f-c2dc8632c96b,EXACT_OR_PRIOR
95149f3e-bf90-4279-8471-a562bd517960|TUITION|2025-09,95149f3e-bf90-4279-8471-a562bd517960,25-26,TUITION,2025.0,9.0,1600.00,2025-09-05,LEGACY_MIGRATION,ACTIVE,SEP,dc164e87-9127-400a-8536-fcdab4b40892,EXACT_OR_PRIOR
95149f3e-bf90-4279-8471-a562bd517960|TUITION|2025-10,95149f3e-bf90-4279-8471-a562bd517960,25-26,TUITION,2025.0,10.0,1600.00,2025-10-05,LEGACY_MIGRATION,ACTIVE,OCT,dc164e87-9127-400a-8536-fcdab4b40892,EXACT_OR_PRIOR
95149f3e-bf90-4279-8471-a562bd517960|TUITION|2025-11,95149f3e-bf90-4279-8471-a562bd517960,25-26,TUITION,2025.0,11.0,1600.00,2025-11-05,LEGACY_MIGRATION,ACTIVE,NOV,dc164e87-9127-400a-8536-fcdab4b40892,EXACT_OR_PRIOR
95149f3e-bf90-4279-8471-a562bd517960|TUITION|2025-12,95149f3e-bf90-4279-8471-a562bd517960,25-26,TUITION,2025.0,12.0,1600.00,2025-12-05,LEGACY_MIGRATION,ACTIVE,DIC/JUL,dc164e87-9127-400a-8536-fcdab4b40892,EXACT_OR_PRIOR
95149f3e-bf90-4279-8471-a562bd517960|TUITION|2026-07,95149f3e-bf90-4279-8471-a562bd517960,25-26,TUITION,2026.0,7.0,1600.00,2025-12-05,LEGACY_MIGRATION,ACTIVE,DIC/JUL,dc164e87-9127-400a-8536-fcdab4b40892,EXACT_OR_PRIOR
95149f3e-bf90-4279-8471-a562bd517960|TUITION|2026-01,95149f3e-bf90-4279-8471-a562bd517960,25-26,TUITION,2026.0,1.0,1600.00,2026-01-05,LEGACY_MIGRATION,ACTIVE,ENE,dc164e87-9127-400a-8536-fcdab4b40892,EXACT_OR_PRIOR
95149f3e-bf90-4279-8471-a562bd517960|TUITION|2026-02,95149f3e-bf90-4279-8471-a562bd517960,25-26,TUITION,2026.0,2.0,1600.00,2026-02-05,LEGACY_MIGRATION,ACTIVE,FEB,dc164e87-9127-400a-8536-fcdab4b40892,EXACT_OR_PRIOR
95149f3e-bf90-4279-8471-a562bd517960|TUITION|2026-03,95149f3e-bf90-4279-8471-a562bd517960,25-26,TUITION,2026.0,3.0,1600.00,2026-03-05,LEGACY_MIGRATION,ACTIVE,MAR/AGO,dc164e87-9127-400a-8536-fcdab4b40892,EXACT_OR_PRIOR
95149f3e-bf90-4279-8471-a562bd517960|TUITION|2026-08,95149f3e-bf90-4279-8471-a562bd517960,25-26,TUITION,2026.0,8.0,1600.00,2026-03-05,LEGACY_MIGRATION,ACTIVE,MAR/AGO,dc164e87-9127-400a-8536-fcdab4b40892,EXACT_OR_PRIOR
95149f3e-bf90-4279-8471-a562bd517960|TUITION|2026-04,95149f3e-bf90-4279-8471-a562bd517960,25-26,TUITION,2026.0,4.0,1600.00,2026-04-05,LEGACY_MIGRATION,ACTIVE,ABR,dc164e87-9127-400a-8536-fcdab4b40892,EXACT_OR_PRIOR
95149f3e-bf90-4279-8471-a562bd517960|TUITION|2026-05,95149f3e-bf90-4279-8471-a562bd517960,25-26,TUITION,2026.0,5.0,1600.00,2026-05-05,LEGACY_MIGRATION,ACTIVE,MAY,dc164e87-9127-400a-8536-fcdab4b40892,EXACT_OR_PRIOR
95149f3e-bf90-4279-8471-a562bd517960|TUITION|2026-06,95149f3e-bf90-4279-8471-a562bd517960,25-26,TUITION,2026.0,6.0,1600.00,2026-06-05,LEGACY_MIGRATION,ACTIVE,JUN,dc164e87-9127-400a-8536-fcdab4b40892,EXACT_OR_PRIOR
9722dc2c-e45a-49f8-84e5-b1591c35e7c2|TUITION|2025-09,9722dc2c-e45a-49f8-84e5-b1591c35e7c2,25-26,TUITION,2025.0,9.0,0.00,2025-09-05,LEGACY_MIGRATION,ACTIVE,SEP,d54f4577-c52a-461f-a9f9-f6edc32d9d6c,EXACT_OR_PRIOR
9722dc2c-e45a-49f8-84e5-b1591c35e7c2|TUITION|2025-10,9722dc2c-e45a-49f8-84e5-b1591c35e7c2,25-26,TUITION,2025.0,10.0,0.00,2025-10-05,LEGACY_MIGRATION,ACTIVE,OCT,d54f4577-c52a-461f-a9f9-f6edc32d9d6c,EXACT_OR_PRIOR
9722dc2c-e45a-49f8-84e5-b1591c35e7c2|TUITION|2025-11,9722dc2c-e45a-49f8-84e5-b1591c35e7c2,25-26,TUITION,2025.0,11.0,0.00,2025-11-05,LEGACY_MIGRATION,ACTIVE,NOV,d54f4577-c52a-461f-a9f9-f6edc32d9d6c,EXACT_OR_PRIOR
9722dc2c-e45a-49f8-84e5-b1591c35e7c2|TUITION|2025-12,9722dc2c-e45a-49f8-84e5-b1591c35e7c2,25-26,TUITION,2025.0,12.0,0.00,2025-12-05,LEGACY_MIGRATION,ACTIVE,DIC/JUL,d54f4577-c52a-461f-a9f9-f6edc32d9d6c,EXACT_OR_PRIOR
9722dc2c-e45a-49f8-84e5-b1591c35e7c2|TUITION|2026-07,9722dc2c-e45a-49f8-84e5-b1591c35e7c2,25-26,TUITION,2026.0,7.0,0.00,2025-12-05,LEGACY_MIGRATION,ACTIVE,DIC/JUL,d54f4577-c52a-461f-a9f9-f6edc32d9d6c,EXACT_OR_PRIOR
9722dc2c-e45a-49f8-84e5-b1591c35e7c2|TUITION|2026-01,9722dc2c-e45a-49f8-84e5-b1591c35e7c2,25-26,TUITION,2026.0,1.0,0.00,2026-01-05,LEGACY_MIGRATION,ACTIVE,ENE,d54f4577-c52a-461f-a9f9-f6edc32d9d6c,EXACT_OR_PRIOR
9722dc2c-e45a-49f8-84e5-b1591c35e7c2|TUITION|2026-02,9722dc2c-e45a-49f8-84e5-b1591c35e7c2,25-26,TUITION,2026.0,2.0,0.00,2026-02-05,LEGACY_MIGRATION,ACTIVE,FEB,d54f4577-c52a-461f-a9f9-f6edc32d9d6c,EXACT_OR_PRIOR
9722dc2c-e45a-49f8-84e5-b1591c35e7c2|TUITION|2026-03,9722dc2c-e45a-49f8-84e5-b1591c35e7c2,25-26,TUITION,2026.0,3.0,0.00,2026-03-05,LEGACY_MIGRATION,ACTIVE,MAR/AGO,d54f4577-c52a-461f-a9f9-f6edc32d9d6c,EXACT_OR_PRIOR
9722dc2c-e45a-49f8-84e5-b1591c35e7c2|TUITION|2026-08,9722dc2c-e45a-49f8-84e5-b1591c35e7c2,25-26,TUITION,2026.0,8.0,0.00,2026-03-05,LEGACY_MIGRATION,ACTIVE,MAR/AGO,d54f4577-c52a-461f-a9f9-f6edc32d9d6c,EXACT_OR_PRIOR
9722dc2c-e45a-49f8-84e5-b1591c35e7c2|TUITION|2026-04,9722dc2c-e45a-49f8-84e5-b1591c35e7c2,25-26,TUITION,2026.0,4.0,0.00,2026-04-05,LEGACY_MIGRATION,ACTIVE,ABR,d54f4577-c52a-461f-a9f9-f6edc32d9d6c,EXACT_OR_PRIOR
9722dc2c-e45a-49f8-84e5-b1591c35e7c2|TUITION|2026-05,9722dc2c-e45a-49f8-84e5-b1591c35e7c2,25-26,TUITION,2026.0,5.0,0.00,2026-05-05,LEGACY_MIGRATION,ACTIVE,MAY,d54f4577-c52a-461f-a9f9-f6edc32d9d6c,EXACT_OR_PRIOR
9722dc2c-e45a-49f8-84e5-b1591c35e7c2|TUITION|2026-06,9722dc2c-e45a-49f8-84e5-b1591c35e7c2,25-26,TUITION,2026.0,6.0,0.00,2026-06-05,LEGACY_MIGRATION,ACTIVE,JUN,d54f4577-c52a-461f-a9f9-f6edc32d9d6c,EXACT_OR_PRIOR
99237104-4f6b-415e-88b1-7241d4cbfda3|TUITION|2025-09,99237104-4f6b-415e-88b1-7241d4cbfda3,25-26,TUITION,2025.0,9.0,0.00,2025-09-05,LEGACY_MIGRATION,ACTIVE,SEP,8478a489-79b7-40eb-a21b-6764f4256e6f,EXACT_OR_PRIOR
99237104-4f6b-415e-88b1-7241d4cbfda3|TUITION|2025-10,99237104-4f6b-415e-88b1-7241d4cbfda3,25-26,TUITION,2025.0,10.0,0.00,2025-10-05,LEGACY_MIGRATION,ACTIVE,OCT,8478a489-79b7-40eb-a21b-6764f4256e6f,EXACT_OR_PRIOR
99237104-4f6b-415e-88b1-7241d4cbfda3|TUITION|2025-11,99237104-4f6b-415e-88b1-7241d4cbfda3,25-26,TUITION,2025.0,11.0,0.00,2025-11-05,LEGACY_MIGRATION,ACTIVE,NOV,8478a489-79b7-40eb-a21b-6764f4256e6f,EXACT_OR_PRIOR
99237104-4f6b-415e-88b1-7241d4cbfda3|TUITION|2025-12,99237104-4f6b-415e-88b1-7241d4cbfda3,25-26,TUITION,2025.0,12.0,0.00,2025-12-05,LEGACY_MIGRATION,ACTIVE,DIC/JUL,8478a489-79b7-40eb-a21b-6764f4256e6f,EXACT_OR_PRIOR
99237104-4f6b-415e-88b1-7241d4cbfda3|TUITION|2026-07,99237104-4f6b-415e-88b1-7241d4cbfda3,25-26,TUITION,2026.0,7.0,0.00,2025-12-05,LEGACY_MIGRATION,ACTIVE,DIC/JUL,8478a489-79b7-40eb-a21b-6764f4256e6f,EXACT_OR_PRIOR
99237104-4f6b-415e-88b1-7241d4cbfda3|TUITION|2026-01,99237104-4f6b-415e-88b1-7241d4cbfda3,25-26,TUITION,2026.0,1.0,0.00,2026-01-05,LEGACY_MIGRATION,ACTIVE,ENE,8478a489-79b7-40eb-a21b-6764f4256e6f,EXACT_OR_PRIOR
99237104-4f6b-415e-88b1-7241d4cbfda3|TUITION|2026-02,99237104-4f6b-415e-88b1-7241d4cbfda3,25-26,TUITION,2026.0,2.0,0.00,2026-02-05,LEGACY_MIGRATION,ACTIVE,FEB,8478a489-79b7-40eb-a21b-6764f4256e6f,EXACT_OR_PRIOR
99237104-4f6b-415e-88b1-7241d4cbfda3|TUITION|2026-03,99237104-4f6b-415e-88b1-7241d4cbfda3,25-26,TUITION,2026.0,3.0,0.00,2026-03-05,LEGACY_MIGRATION,ACTIVE,MAR/AGO,8478a489-79b7-40eb-a21b-6764f4256e6f,EXACT_OR_PRIOR
99237104-4f6b-415e-88b1-7241d4cbfda3|TUITION|2026-08,99237104-4f6b-415e-88b1-7241d4cbfda3,25-26,TUITION,2026.0,8.0,0.00,2026-03-05,LEGACY_MIGRATION,ACTIVE,MAR/AGO,8478a489-79b7-40eb-a21b-6764f4256e6f,EXACT_OR_PRIOR
99237104-4f6b-415e-88b1-7241d4cbfda3|TUITION|2026-04,99237104-4f6b-415e-88b1-7241d4cbfda3,25-26,TUITION,2026.0,4.0,0.00,2026-04-05,LEGACY_MIGRATION,ACTIVE,ABR,8478a489-79b7-40eb-a21b-6764f4256e6f,EXACT_OR_PRIOR
99237104-4f6b-415e-88b1-7241d4cbfda3|TUITION|2026-05,99237104-4f6b-415e-88b1-7241d4cbfda3,25-26,TUITION,2026.0,5.0,0.00,2026-05-05,LEGACY_MIGRATION,ACTIVE,MAY,8478a489-79b7-40eb-a21b-6764f4256e6f,EXACT_OR_PRIOR
99237104-4f6b-415e-88b1-7241d4cbfda3|TUITION|2026-06,99237104-4f6b-415e-88b1-7241d4cbfda3,25-26,TUITION,2026.0,6.0,0.00,2026-06-05,LEGACY_MIGRATION,ACTIVE,JUN,8478a489-79b7-40eb-a21b-6764f4256e6f,EXACT_OR_PRIOR
9ace76f4-cf42-4715-ba18-951ec5af9103|TUITION|2026-07,9ace76f4-cf42-4715-ba18-951ec5af9103,25-26,TUITION,2026.0,7.0,1000.00,2025-12-05,LEGACY_MIGRATION,ACTIVE,DIC/JUL,dd080507-7132-4356-bfa5-374a4e25f0aa,FUTURE_FALLBACK
9ace76f4-cf42-4715-ba18-951ec5af9103|TUITION|2026-02,9ace76f4-cf42-4715-ba18-951ec5af9103,25-26,TUITION,2026.0,2.0,1000.00,2026-02-05,LEGACY_MIGRATION,ACTIVE,FEB,dd080507-7132-4356-bfa5-374a4e25f0aa,EXACT_OR_PRIOR
9ace76f4-cf42-4715-ba18-951ec5af9103|TUITION|2026-03,9ace76f4-cf42-4715-ba18-951ec5af9103,25-26,TUITION,2026.0,3.0,1000.00,2026-03-05,LEGACY_MIGRATION,ACTIVE,MAR/AGO,dd080507-7132-4356-bfa5-374a4e25f0aa,EXACT_OR_PRIOR
9ace76f4-cf42-4715-ba18-951ec5af9103|TUITION|2026-08,9ace76f4-cf42-4715-ba18-951ec5af9103,25-26,TUITION,2026.0,8.0,1000.00,2026-03-05,LEGACY_MIGRATION,ACTIVE,MAR/AGO,dd080507-7132-4356-bfa5-374a4e25f0aa,EXACT_OR_PRIOR
9ace76f4-cf42-4715-ba18-951ec5af9103|TUITION|2026-04,9ace76f4-cf42-4715-ba18-951ec5af9103,25-26,TUITION,2026.0,4.0,1000.00,2026-04-05,LEGACY_MIGRATION,ACTIVE,ABR,dd080507-7132-4356-bfa5-374a4e25f0aa,EXACT_OR_PRIOR
9ace76f4-cf42-4715-ba18-951ec5af9103|TUITION|2026-05,9ace76f4-cf42-4715-ba18-951ec5af9103,25-26,TUITION,2026.0,5.0,1000.00,2026-05-05,LEGACY_MIGRATION,ACTIVE,MAY,dd080507-7132-4356-bfa5-374a4e25f0aa,EXACT_OR_PRIOR
9ace76f4-cf42-4715-ba18-951ec5af9103|TUITION|2026-06,9ace76f4-cf42-4715-ba18-951ec5af9103,25-26,TUITION,2026.0,6.0,1000.00,2026-06-05,LEGACY_MIGRATION,ACTIVE,JUN,dd080507-7132-4356-bfa5-374a4e25f0aa,EXACT_OR_PRIOR
a289cbad-dbdb-4e9c-8afd-aeef6bbd7fcb|TUITION|2025-09,a289cbad-dbdb-4e9c-8afd-aeef6bbd7fcb,25-26,TUITION,2025.0,9.0,1400.00,2025-09-05,LEGACY_MIGRATION,ACTIVE,SEP,d026dbc2-04bd-4dcb-8fc1-418e4c3d19d9,EXACT_OR_PRIOR
a289cbad-dbdb-4e9c-8afd-aeef6bbd7fcb|TUITION|2025-10,a289cbad-dbdb-4e9c-8afd-aeef6bbd7fcb,25-26,TUITION,2025.0,10.0,1400.00,2025-10-05,LEGACY_MIGRATION,ACTIVE,OCT,d026dbc2-04bd-4dcb-8fc1-418e4c3d19d9,EXACT_OR_PRIOR
a289cbad-dbdb-4e9c-8afd-aeef6bbd7fcb|TUITION|2025-11,a289cbad-dbdb-4e9c-8afd-aeef6bbd7fcb,25-26,TUITION,2025.0,11.0,1400.00,2025-11-05,LEGACY_MIGRATION,ACTIVE,NOV,d026dbc2-04bd-4dcb-8fc1-418e4c3d19d9,EXACT_OR_PRIOR
a289cbad-dbdb-4e9c-8afd-aeef6bbd7fcb|TUITION|2025-12,a289cbad-dbdb-4e9c-8afd-aeef6bbd7fcb,25-26,TUITION,2025.0,12.0,1400.00,2025-12-05,LEGACY_MIGRATION,ACTIVE,DIC/JUL,d026dbc2-04bd-4dcb-8fc1-418e4c3d19d9,EXACT_OR_PRIOR
a289cbad-dbdb-4e9c-8afd-aeef6bbd7fcb|TUITION|2026-07,a289cbad-dbdb-4e9c-8afd-aeef6bbd7fcb,25-26,TUITION,2026.0,7.0,1400.00,2025-12-05,LEGACY_MIGRATION,ACTIVE,DIC/JUL,d026dbc2-04bd-4dcb-8fc1-418e4c3d19d9,EXACT_OR_PRIOR
a289cbad-dbdb-4e9c-8afd-aeef6bbd7fcb|TUITION|2026-01,a289cbad-dbdb-4e9c-8afd-aeef6bbd7fcb,25-26,TUITION,2026.0,1.0,1400.00,2026-01-05,LEGACY_MIGRATION,ACTIVE,ENE,d026dbc2-04bd-4dcb-8fc1-418e4c3d19d9,EXACT_OR_PRIOR
a289cbad-dbdb-4e9c-8afd-aeef6bbd7fcb|TUITION|2026-02,a289cbad-dbdb-4e9c-8afd-aeef6bbd7fcb,25-26,TUITION,2026.0,2.0,1400.00,2026-02-05,LEGACY_MIGRATION,ACTIVE,FEB,d026dbc2-04bd-4dcb-8fc1-418e4c3d19d9,EXACT_OR_PRIOR
a289cbad-dbdb-4e9c-8afd-aeef6bbd7fcb|TUITION|2026-03,a289cbad-dbdb-4e9c-8afd-aeef6bbd7fcb,25-26,TUITION,2026.0,3.0,1400.00,2026-03-05,LEGACY_MIGRATION,ACTIVE,MAR/AGO,d026dbc2-04bd-4dcb-8fc1-418e4c3d19d9,EXACT_OR_PRIOR
a289cbad-dbdb-4e9c-8afd-aeef6bbd7fcb|TUITION|2026-08,a289cbad-dbdb-4e9c-8afd-aeef6bbd7fcb,25-26,TUITION,2026.0,8.0,1400.00,2026-03-05,LEGACY_MIGRATION,ACTIVE,MAR/AGO,d026dbc2-04bd-4dcb-8fc1-418e4c3d19d9,EXACT_OR_PRIOR
a289cbad-dbdb-4e9c-8afd-aeef6bbd7fcb|TUITION|2026-04,a289cbad-dbdb-4e9c-8afd-aeef6bbd7fcb,25-26,TUITION,2026.0,4.0,1400.00,2026-04-05,LEGACY_MIGRATION,ACTIVE,ABR,d026dbc2-04bd-4dcb-8fc1-418e4c3d19d9,EXACT_OR_PRIOR
a289cbad-dbdb-4e9c-8afd-aeef6bbd7fcb|TUITION|2026-05,a289cbad-dbdb-4e9c-8afd-aeef6bbd7fcb,25-26,TUITION,2026.0,5.0,1400.00,2026-05-05,LEGACY_MIGRATION,ACTIVE,MAY,d026dbc2-04bd-4dcb-8fc1-418e4c3d19d9,EXACT_OR_PRIOR
a289cbad-dbdb-4e9c-8afd-aeef6bbd7fcb|TUITION|2026-06,a289cbad-dbdb-4e9c-8afd-aeef6bbd7fcb,25-26,TUITION,2026.0,6.0,1400.00,2026-06-05,LEGACY_MIGRATION,ACTIVE,JUN,d026dbc2-04bd-4dcb-8fc1-418e4c3d19d9,EXACT_OR_PRIOR
a4c9cada-bb7c-4116-8091-8b3e944aba30|TUITION|2025-09,a4c9cada-bb7c-4116-8091-8b3e944aba30,25-26,TUITION,2025.0,9.0,1000.00,2025-09-05,LEGACY_MIGRATION,ACTIVE,SEP,d906bcc2-fd83-4368-b3f8-f786444a65b7,EXACT_OR_PRIOR
a4c9cada-bb7c-4116-8091-8b3e944aba30|TUITION|2025-10,a4c9cada-bb7c-4116-8091-8b3e944aba30,25-26,TUITION,2025.0,10.0,1000.00,2025-10-05,LEGACY_MIGRATION,ACTIVE,OCT,d906bcc2-fd83-4368-b3f8-f786444a65b7,EXACT_OR_PRIOR
a4c9cada-bb7c-4116-8091-8b3e944aba30|TUITION|2025-11,a4c9cada-bb7c-4116-8091-8b3e944aba30,25-26,TUITION,2025.0,11.0,1000.00,2025-11-05,LEGACY_MIGRATION,ACTIVE,NOV,d906bcc2-fd83-4368-b3f8-f786444a65b7,EXACT_OR_PRIOR
a4c9cada-bb7c-4116-8091-8b3e944aba30|TUITION|2025-12,a4c9cada-bb7c-4116-8091-8b3e944aba30,25-26,TUITION,2025.0,12.0,1000.00,2025-12-05,LEGACY_MIGRATION,ACTIVE,DIC/JUL,d906bcc2-fd83-4368-b3f8-f786444a65b7,EXACT_OR_PRIOR
a4c9cada-bb7c-4116-8091-8b3e944aba30|TUITION|2026-07,a4c9cada-bb7c-4116-8091-8b3e944aba30,25-26,TUITION,2026.0,7.0,1000.00,2025-12-05,LEGACY_MIGRATION,ACTIVE,DIC/JUL,d906bcc2-fd83-4368-b3f8-f786444a65b7,EXACT_OR_PRIOR
a4c9cada-bb7c-4116-8091-8b3e944aba30|TUITION|2026-01,a4c9cada-bb7c-4116-8091-8b3e944aba30,25-26,TUITION,2026.0,1.0,1000.00,2026-01-05,LEGACY_MIGRATION,ACTIVE,ENE,d906bcc2-fd83-4368-b3f8-f786444a65b7,EXACT_OR_PRIOR
a4c9cada-bb7c-4116-8091-8b3e944aba30|TUITION|2026-02,a4c9cada-bb7c-4116-8091-8b3e944aba30,25-26,TUITION,2026.0,2.0,1000.00,2026-02-05,LEGACY_MIGRATION,ACTIVE,FEB,d906bcc2-fd83-4368-b3f8-f786444a65b7,EXACT_OR_PRIOR
a4c9cada-bb7c-4116-8091-8b3e944aba30|TUITION|2026-03,a4c9cada-bb7c-4116-8091-8b3e944aba30,25-26,TUITION,2026.0,3.0,1000.00,2026-03-05,LEGACY_MIGRATION,ACTIVE,MAR/AGO,d906bcc2-fd83-4368-b3f8-f786444a65b7,EXACT_OR_PRIOR
a4c9cada-bb7c-4116-8091-8b3e944aba30|TUITION|2026-08,a4c9cada-bb7c-4116-8091-8b3e944aba30,25-26,TUITION,2026.0,8.0,1000.00,2026-03-05,LEGACY_MIGRATION,ACTIVE,MAR/AGO,d906bcc2-fd83-4368-b3f8-f786444a65b7,EXACT_OR_PRIOR
a4c9cada-bb7c-4116-8091-8b3e944aba30|TUITION|2026-04,a4c9cada-bb7c-4116-8091-8b3e944aba30,25-26,TUITION,2026.0,4.0,1000.00,2026-04-05,LEGACY_MIGRATION,ACTIVE,ABR,d906bcc2-fd83-4368-b3f8-f786444a65b7,EXACT_OR_PRIOR
a4c9cada-bb7c-4116-8091-8b3e944aba30|TUITION|2026-05,a4c9cada-bb7c-4116-8091-8b3e944aba30,25-26,TUITION,2026.0,5.0,1000.00,2026-05-05,LEGACY_MIGRATION,ACTIVE,MAY,d906bcc2-fd83-4368-b3f8-f786444a65b7,EXACT_OR_PRIOR
a4c9cada-bb7c-4116-8091-8b3e944aba30|TUITION|2026-06,a4c9cada-bb7c-4116-8091-8b3e944aba30,25-26,TUITION,2026.0,6.0,1000.00,2026-06-05,LEGACY_MIGRATION,ACTIVE,JUN,d906bcc2-fd83-4368-b3f8-f786444a65b7,EXACT_OR_PRIOR
a6b37970-a2fa-4a7b-8b11-d3e5151b40b3|TUITION|2025-09,a6b37970-a2fa-4a7b-8b11-d3e5151b40b3,25-26,TUITION,2025.0,9.0,1600.00,2025-09-05,LEGACY_MIGRATION,ACTIVE,SEP,e743b9fb-8d87-42d7-b0d9-3a13a7b353cc,EXACT_OR_PRIOR
a6b37970-a2fa-4a7b-8b11-d3e5151b40b3|TUITION|2025-10,a6b37970-a2fa-4a7b-8b11-d3e5151b40b3,25-26,TUITION,2025.0,10.0,1600.00,2025-10-05,LEGACY_MIGRATION,ACTIVE,OCT,e743b9fb-8d87-42d7-b0d9-3a13a7b353cc,EXACT_OR_PRIOR
a6b37970-a2fa-4a7b-8b11-d3e5151b40b3|TUITION|2025-11,a6b37970-a2fa-4a7b-8b11-d3e5151b40b3,25-26,TUITION,2025.0,11.0,1600.00,2025-11-05,LEGACY_MIGRATION,ACTIVE,NOV,e743b9fb-8d87-42d7-b0d9-3a13a7b353cc,EXACT_OR_PRIOR
a6b37970-a2fa-4a7b-8b11-d3e5151b40b3|TUITION|2025-12,a6b37970-a2fa-4a7b-8b11-d3e5151b40b3,25-26,TUITION,2025.0,12.0,1600.00,2025-12-05,LEGACY_MIGRATION,ACTIVE,DIC/JUL,e743b9fb-8d87-42d7-b0d9-3a13a7b353cc,EXACT_OR_PRIOR
a6b37970-a2fa-4a7b-8b11-d3e5151b40b3|TUITION|2026-07,a6b37970-a2fa-4a7b-8b11-d3e5151b40b3,25-26,TUITION,2026.0,7.0,1600.00,2025-12-05,LEGACY_MIGRATION,ACTIVE,DIC/JUL,e743b9fb-8d87-42d7-b0d9-3a13a7b353cc,EXACT_OR_PRIOR
a6b37970-a2fa-4a7b-8b11-d3e5151b40b3|TUITION|2026-01,a6b37970-a2fa-4a7b-8b11-d3e5151b40b3,25-26,TUITION,2026.0,1.0,1600.00,2026-01-05,LEGACY_MIGRATION,ACTIVE,ENE,e743b9fb-8d87-42d7-b0d9-3a13a7b353cc,EXACT_OR_PRIOR
a6b37970-a2fa-4a7b-8b11-d3e5151b40b3|TUITION|2026-02,a6b37970-a2fa-4a7b-8b11-d3e5151b40b3,25-26,TUITION,2026.0,2.0,1600.00,2026-02-05,LEGACY_MIGRATION,ACTIVE,FEB,e743b9fb-8d87-42d7-b0d9-3a13a7b353cc,EXACT_OR_PRIOR
a6b37970-a2fa-4a7b-8b11-d3e5151b40b3|TUITION|2026-03,a6b37970-a2fa-4a7b-8b11-d3e5151b40b3,25-26,TUITION,2026.0,3.0,1600.00,2026-03-05,LEGACY_MIGRATION,ACTIVE,MAR/AGO,e743b9fb-8d87-42d7-b0d9-3a13a7b353cc,EXACT_OR_PRIOR
a6b37970-a2fa-4a7b-8b11-d3e5151b40b3|TUITION|2026-08,a6b37970-a2fa-4a7b-8b11-d3e5151b40b3,25-26,TUITION,2026.0,8.0,1600.00,2026-03-05,LEGACY_MIGRATION,ACTIVE,MAR/AGO,e743b9fb-8d87-42d7-b0d9-3a13a7b353cc,EXACT_OR_PRIOR
a6b37970-a2fa-4a7b-8b11-d3e5151b40b3|TUITION|2026-04,a6b37970-a2fa-4a7b-8b11-d3e5151b40b3,25-26,TUITION,2026.0,4.0,1600.00,2026-04-05,LEGACY_MIGRATION,ACTIVE,ABR,e743b9fb-8d87-42d7-b0d9-3a13a7b353cc,EXACT_OR_PRIOR
a6b37970-a2fa-4a7b-8b11-d3e5151b40b3|TUITION|2026-05,a6b37970-a2fa-4a7b-8b11-d3e5151b40b3,25-26,TUITION,2026.0,5.0,1600.00,2026-05-05,LEGACY_MIGRATION,ACTIVE,MAY,e743b9fb-8d87-42d7-b0d9-3a13a7b353cc,EXACT_OR_PRIOR
a6b37970-a2fa-4a7b-8b11-d3e5151b40b3|TUITION|2026-06,a6b37970-a2fa-4a7b-8b11-d3e5151b40b3,25-26,TUITION,2026.0,6.0,1600.00,2026-06-05,LEGACY_MIGRATION,ACTIVE,JUN,e743b9fb-8d87-42d7-b0d9-3a13a7b353cc,EXACT_OR_PRIOR
a71be5b5-f484-434a-912c-d679234166b5|TUITION|2025-09,a71be5b5-f484-434a-912c-d679234166b5,25-26,TUITION,2025.0,9.0,1600.00,2025-09-05,LEGACY_MIGRATION,ACTIVE,SEP,51306c2b-e8a9-4dbb-957c-9de7c10e6b11,EXACT_OR_PRIOR
a71be5b5-f484-434a-912c-d679234166b5|TUITION|2025-10,a71be5b5-f484-434a-912c-d679234166b5,25-26,TUITION,2025.0,10.0,1600.00,2025-10-05,LEGACY_MIGRATION,ACTIVE,OCT,51306c2b-e8a9-4dbb-957c-9de7c10e6b11,EXACT_OR_PRIOR
a71be5b5-f484-434a-912c-d679234166b5|TUITION|2025-11,a71be5b5-f484-434a-912c-d679234166b5,25-26,TUITION,2025.0,11.0,1600.00,2025-11-05,LEGACY_MIGRATION,ACTIVE,NOV,51306c2b-e8a9-4dbb-957c-9de7c10e6b11,EXACT_OR_PRIOR
a71be5b5-f484-434a-912c-d679234166b5|TUITION|2025-12,a71be5b5-f484-434a-912c-d679234166b5,25-26,TUITION,2025.0,12.0,1600.00,2025-12-05,LEGACY_MIGRATION,ACTIVE,DIC/JUL,51306c2b-e8a9-4dbb-957c-9de7c10e6b11,EXACT_OR_PRIOR
a71be5b5-f484-434a-912c-d679234166b5|TUITION|2026-07,a71be5b5-f484-434a-912c-d679234166b5,25-26,TUITION,2026.0,7.0,1600.00,2025-12-05,LEGACY_MIGRATION,ACTIVE,DIC/JUL,51306c2b-e8a9-4dbb-957c-9de7c10e6b11,EXACT_OR_PRIOR
a71be5b5-f484-434a-912c-d679234166b5|TUITION|2026-01,a71be5b5-f484-434a-912c-d679234166b5,25-26,TUITION,2026.0,1.0,1600.00,2026-01-05,LEGACY_MIGRATION,ACTIVE,ENE,51306c2b-e8a9-4dbb-957c-9de7c10e6b11,EXACT_OR_PRIOR
a71be5b5-f484-434a-912c-d679234166b5|TUITION|2026-02,a71be5b5-f484-434a-912c-d679234166b5,25-26,TUITION,2026.0,2.0,1600.00,2026-02-05,LEGACY_MIGRATION,ACTIVE,FEB,51306c2b-e8a9-4dbb-957c-9de7c10e6b11,EXACT_OR_PRIOR
a71be5b5-f484-434a-912c-d679234166b5|TUITION|2026-03,a71be5b5-f484-434a-912c-d679234166b5,25-26,TUITION,2026.0,3.0,1600.00,2026-03-05,LEGACY_MIGRATION,ACTIVE,MAR/AGO,51306c2b-e8a9-4dbb-957c-9de7c10e6b11,EXACT_OR_PRIOR
a71be5b5-f484-434a-912c-d679234166b5|TUITION|2026-08,a71be5b5-f484-434a-912c-d679234166b5,25-26,TUITION,2026.0,8.0,1600.00,2026-03-05,LEGACY_MIGRATION,ACTIVE,MAR/AGO,51306c2b-e8a9-4dbb-957c-9de7c10e6b11,EXACT_OR_PRIOR
a71be5b5-f484-434a-912c-d679234166b5|TUITION|2026-04,a71be5b5-f484-434a-912c-d679234166b5,25-26,TUITION,2026.0,4.0,1600.00,2026-04-05,LEGACY_MIGRATION,ACTIVE,ABR,51306c2b-e8a9-4dbb-957c-9de7c10e6b11,EXACT_OR_PRIOR
a71be5b5-f484-434a-912c-d679234166b5|TUITION|2026-05,a71be5b5-f484-434a-912c-d679234166b5,25-26,TUITION,2026.0,5.0,1600.00,2026-05-05,LEGACY_MIGRATION,ACTIVE,MAY,51306c2b-e8a9-4dbb-957c-9de7c10e6b11,EXACT_OR_PRIOR
a71be5b5-f484-434a-912c-d679234166b5|TUITION|2026-06,a71be5b5-f484-434a-912c-d679234166b5,25-26,TUITION,2026.0,6.0,1600.00,2026-06-05,LEGACY_MIGRATION,ACTIVE,JUN,51306c2b-e8a9-4dbb-957c-9de7c10e6b11,EXACT_OR_PRIOR
a8144361-4bce-487c-bc3a-949391e8d895|TUITION|2025-09,a8144361-4bce-487c-bc3a-949391e8d895,25-26,TUITION,2025.0,9.0,900.00,2025-09-05,LEGACY_MIGRATION,ACTIVE,SEP,d003ba9d-5bbf-4b35-882c-5097ec1b91c0,EXACT_OR_PRIOR
a8144361-4bce-487c-bc3a-949391e8d895|TUITION|2025-10,a8144361-4bce-487c-bc3a-949391e8d895,25-26,TUITION,2025.0,10.0,900.00,2025-10-05,LEGACY_MIGRATION,ACTIVE,OCT,d003ba9d-5bbf-4b35-882c-5097ec1b91c0,EXACT_OR_PRIOR
a8144361-4bce-487c-bc3a-949391e8d895|TUITION|2025-11,a8144361-4bce-487c-bc3a-949391e8d895,25-26,TUITION,2025.0,11.0,900.00,2025-11-05,LEGACY_MIGRATION,ACTIVE,NOV,d003ba9d-5bbf-4b35-882c-5097ec1b91c0,EXACT_OR_PRIOR
a8144361-4bce-487c-bc3a-949391e8d895|TUITION|2025-12,a8144361-4bce-487c-bc3a-949391e8d895,25-26,TUITION,2025.0,12.0,900.00,2025-12-05,LEGACY_MIGRATION,ACTIVE,DIC/JUL,d003ba9d-5bbf-4b35-882c-5097ec1b91c0,EXACT_OR_PRIOR
a8144361-4bce-487c-bc3a-949391e8d895|TUITION|2026-07,a8144361-4bce-487c-bc3a-949391e8d895,25-26,TUITION,2026.0,7.0,900.00,2025-12-05,LEGACY_MIGRATION,ACTIVE,DIC/JUL,d003ba9d-5bbf-4b35-882c-5097ec1b91c0,EXACT_OR_PRIOR
a8144361-4bce-487c-bc3a-949391e8d895|TUITION|2026-01,a8144361-4bce-487c-bc3a-949391e8d895,25-26,TUITION,2026.0,1.0,900.00,2026-01-05,LEGACY_MIGRATION,ACTIVE,ENE,d003ba9d-5bbf-4b35-882c-5097ec1b91c0,EXACT_OR_PRIOR
a8144361-4bce-487c-bc3a-949391e8d895|TUITION|2026-02,a8144361-4bce-487c-bc3a-949391e8d895,25-26,TUITION,2026.0,2.0,900.00,2026-02-05,LEGACY_MIGRATION,ACTIVE,FEB,d003ba9d-5bbf-4b35-882c-5097ec1b91c0,EXACT_OR_PRIOR
a8144361-4bce-487c-bc3a-949391e8d895|TUITION|2026-03,a8144361-4bce-487c-bc3a-949391e8d895,25-26,TUITION,2026.0,3.0,900.00,2026-03-05,LEGACY_MIGRATION,ACTIVE,MAR/AGO,d003ba9d-5bbf-4b35-882c-5097ec1b91c0,EXACT_OR_PRIOR
a8144361-4bce-487c-bc3a-949391e8d895|TUITION|2026-08,a8144361-4bce-487c-bc3a-949391e8d895,25-26,TUITION,2026.0,8.0,900.00,2026-03-05,LEGACY_MIGRATION,ACTIVE,MAR/AGO,d003ba9d-5bbf-4b35-882c-5097ec1b91c0,EXACT_OR_PRIOR
a8144361-4bce-487c-bc3a-949391e8d895|TUITION|2026-04,a8144361-4bce-487c-bc3a-949391e8d895,25-26,TUITION,2026.0,4.0,900.00,2026-04-05,LEGACY_MIGRATION,ACTIVE,ABR,d003ba9d-5bbf-4b35-882c-5097ec1b91c0,EXACT_OR_PRIOR
a8144361-4bce-487c-bc3a-949391e8d895|TUITION|2026-05,a8144361-4bce-487c-bc3a-949391e8d895,25-26,TUITION,2026.0,5.0,900.00,2026-05-05,LEGACY_MIGRATION,ACTIVE,MAY,d003ba9d-5bbf-4b35-882c-5097ec1b91c0,EXACT_OR_PRIOR
a8144361-4bce-487c-bc3a-949391e8d895|TUITION|2026-06,a8144361-4bce-487c-bc3a-949391e8d895,25-26,TUITION,2026.0,6.0,900.00,2026-06-05,LEGACY_MIGRATION,ACTIVE,JUN,d003ba9d-5bbf-4b35-882c-5097ec1b91c0,EXACT_OR_PRIOR
abea3641-4bdf-451a-8710-fa95ab34cab7|TUITION|2025-09,abea3641-4bdf-451a-8710-fa95ab34cab7,25-26,TUITION,2025.0,9.0,1600.00,2025-09-05,LEGACY_MIGRATION,ACTIVE,SEP,35b99716-23cf-4119-991e-1e019154055d,EXACT_OR_PRIOR
abea3641-4bdf-451a-8710-fa95ab34cab7|TUITION|2025-10,abea3641-4bdf-451a-8710-fa95ab34cab7,25-26,TUITION,2025.0,10.0,1600.00,2025-10-05,LEGACY_MIGRATION,ACTIVE,OCT,35b99716-23cf-4119-991e-1e019154055d,EXACT_OR_PRIOR
abea3641-4bdf-451a-8710-fa95ab34cab7|TUITION|2025-11,abea3641-4bdf-451a-8710-fa95ab34cab7,25-26,TUITION,2025.0,11.0,1600.00,2025-11-05,LEGACY_MIGRATION,ACTIVE,NOV,35b99716-23cf-4119-991e-1e019154055d,EXACT_OR_PRIOR
abea3641-4bdf-451a-8710-fa95ab34cab7|TUITION|2025-12,abea3641-4bdf-451a-8710-fa95ab34cab7,25-26,TUITION,2025.0,12.0,1600.00,2025-12-05,LEGACY_MIGRATION,ACTIVE,DIC/JUL,35b99716-23cf-4119-991e-1e019154055d,EXACT_OR_PRIOR
abea3641-4bdf-451a-8710-fa95ab34cab7|TUITION|2026-07,abea3641-4bdf-451a-8710-fa95ab34cab7,25-26,TUITION,2026.0,7.0,1600.00,2025-12-05,LEGACY_MIGRATION,ACTIVE,DIC/JUL,35b99716-23cf-4119-991e-1e019154055d,EXACT_OR_PRIOR
abea3641-4bdf-451a-8710-fa95ab34cab7|TUITION|2026-01,abea3641-4bdf-451a-8710-fa95ab34cab7,25-26,TUITION,2026.0,1.0,1600.00,2026-01-05,LEGACY_MIGRATION,ACTIVE,ENE,35b99716-23cf-4119-991e-1e019154055d,EXACT_OR_PRIOR
abea3641-4bdf-451a-8710-fa95ab34cab7|TUITION|2026-02,abea3641-4bdf-451a-8710-fa95ab34cab7,25-26,TUITION,2026.0,2.0,1600.00,2026-02-05,LEGACY_MIGRATION,ACTIVE,FEB,35b99716-23cf-4119-991e-1e019154055d,EXACT_OR_PRIOR
abea3641-4bdf-451a-8710-fa95ab34cab7|TUITION|2026-03,abea3641-4bdf-451a-8710-fa95ab34cab7,25-26,TUITION,2026.0,3.0,1600.00,2026-03-05,LEGACY_MIGRATION,ACTIVE,MAR/AGO,35b99716-23cf-4119-991e-1e019154055d,EXACT_OR_PRIOR
abea3641-4bdf-451a-8710-fa95ab34cab7|TUITION|2026-08,abea3641-4bdf-451a-8710-fa95ab34cab7,25-26,TUITION,2026.0,8.0,1600.00,2026-03-05,LEGACY_MIGRATION,ACTIVE,MAR/AGO,35b99716-23cf-4119-991e-1e019154055d,EXACT_OR_PRIOR
abea3641-4bdf-451a-8710-fa95ab34cab7|TUITION|2026-04,abea3641-4bdf-451a-8710-fa95ab34cab7,25-26,TUITION,2026.0,4.0,1600.00,2026-04-05,LEGACY_MIGRATION,ACTIVE,ABR,35b99716-23cf-4119-991e-1e019154055d,EXACT_OR_PRIOR
abea3641-4bdf-451a-8710-fa95ab34cab7|TUITION|2026-05,abea3641-4bdf-451a-8710-fa95ab34cab7,25-26,TUITION,2026.0,5.0,1600.00,2026-05-05,LEGACY_MIGRATION,ACTIVE,MAY,35b99716-23cf-4119-991e-1e019154055d,EXACT_OR_PRIOR
abea3641-4bdf-451a-8710-fa95ab34cab7|TUITION|2026-06,abea3641-4bdf-451a-8710-fa95ab34cab7,25-26,TUITION,2026.0,6.0,1600.00,2026-06-05,LEGACY_MIGRATION,ACTIVE,JUN,35b99716-23cf-4119-991e-1e019154055d,EXACT_OR_PRIOR
ade9cbc4-6693-4456-b351-ef101774e7e4|TUITION|2025-09,ade9cbc4-6693-4456-b351-ef101774e7e4,25-26,TUITION,2025.0,9.0,500.00,2025-09-05,LEGACY_MIGRATION,ACTIVE,SEP,5b57f247-114d-4804-b532-8104e60e7190,EXACT_OR_PRIOR
ade9cbc4-6693-4456-b351-ef101774e7e4|TUITION|2025-10,ade9cbc4-6693-4456-b351-ef101774e7e4,25-26,TUITION,2025.0,10.0,500.00,2025-10-05,LEGACY_MIGRATION,ACTIVE,OCT,5b57f247-114d-4804-b532-8104e60e7190,EXACT_OR_PRIOR
ade9cbc4-6693-4456-b351-ef101774e7e4|TUITION|2025-11,ade9cbc4-6693-4456-b351-ef101774e7e4,25-26,TUITION,2025.0,11.0,500.00,2025-11-05,LEGACY_MIGRATION,ACTIVE,NOV,5b57f247-114d-4804-b532-8104e60e7190,EXACT_OR_PRIOR
ade9cbc4-6693-4456-b351-ef101774e7e4|TUITION|2025-12,ade9cbc4-6693-4456-b351-ef101774e7e4,25-26,TUITION,2025.0,12.0,500.00,2025-12-05,LEGACY_MIGRATION,ACTIVE,DIC/JUL,5b57f247-114d-4804-b532-8104e60e7190,EXACT_OR_PRIOR
ade9cbc4-6693-4456-b351-ef101774e7e4|TUITION|2026-07,ade9cbc4-6693-4456-b351-ef101774e7e4,25-26,TUITION,2026.0,7.0,500.00,2025-12-05,LEGACY_MIGRATION,ACTIVE,DIC/JUL,5b57f247-114d-4804-b532-8104e60e7190,EXACT_OR_PRIOR
ade9cbc4-6693-4456-b351-ef101774e7e4|TUITION|2026-01,ade9cbc4-6693-4456-b351-ef101774e7e4,25-26,TUITION,2026.0,1.0,500.00,2026-01-05,LEGACY_MIGRATION,ACTIVE,ENE,5b57f247-114d-4804-b532-8104e60e7190,EXACT_OR_PRIOR
ade9cbc4-6693-4456-b351-ef101774e7e4|TUITION|2026-02,ade9cbc4-6693-4456-b351-ef101774e7e4,25-26,TUITION,2026.0,2.0,500.00,2026-02-05,LEGACY_MIGRATION,ACTIVE,FEB,5b57f247-114d-4804-b532-8104e60e7190,EXACT_OR_PRIOR
ade9cbc4-6693-4456-b351-ef101774e7e4|TUITION|2026-03,ade9cbc4-6693-4456-b351-ef101774e7e4,25-26,TUITION,2026.0,3.0,500.00,2026-03-05,LEGACY_MIGRATION,ACTIVE,MAR/AGO,5b57f247-114d-4804-b532-8104e60e7190,EXACT_OR_PRIOR
ade9cbc4-6693-4456-b351-ef101774e7e4|TUITION|2026-08,ade9cbc4-6693-4456-b351-ef101774e7e4,25-26,TUITION,2026.0,8.0,500.00,2026-03-05,LEGACY_MIGRATION,ACTIVE,MAR/AGO,5b57f247-114d-4804-b532-8104e60e7190,EXACT_OR_PRIOR
ade9cbc4-6693-4456-b351-ef101774e7e4|TUITION|2026-04,ade9cbc4-6693-4456-b351-ef101774e7e4,25-26,TUITION,2026.0,4.0,500.00,2026-04-05,LEGACY_MIGRATION,ACTIVE,ABR,5b57f247-114d-4804-b532-8104e60e7190,EXACT_OR_PRIOR
ade9cbc4-6693-4456-b351-ef101774e7e4|TUITION|2026-05,ade9cbc4-6693-4456-b351-ef101774e7e4,25-26,TUITION,2026.0,5.0,500.00,2026-05-05,LEGACY_MIGRATION,ACTIVE,MAY,5b57f247-114d-4804-b532-8104e60e7190,EXACT_OR_PRIOR
ade9cbc4-6693-4456-b351-ef101774e7e4|TUITION|2026-06,ade9cbc4-6693-4456-b351-ef101774e7e4,25-26,TUITION,2026.0,6.0,500.00,2026-06-05,LEGACY_MIGRATION,ACTIVE,JUN,5b57f247-114d-4804-b532-8104e60e7190,EXACT_OR_PRIOR
ae5f806a-46b0-4a53-8eb3-9a5dd3e9d0dd|TUITION|2025-09,ae5f806a-46b0-4a53-8eb3-9a5dd3e9d0dd,25-26,TUITION,2025.0,9.0,1300.00,2025-09-05,LEGACY_MIGRATION,ACTIVE,SEP,8d6bb4bd-ecba-4be2-a3c1-ea45e2b58f18,EXACT_OR_PRIOR
ae5f806a-46b0-4a53-8eb3-9a5dd3e9d0dd|TUITION|2025-10,ae5f806a-46b0-4a53-8eb3-9a5dd3e9d0dd,25-26,TUITION,2025.0,10.0,1300.00,2025-10-05,LEGACY_MIGRATION,ACTIVE,OCT,8d6bb4bd-ecba-4be2-a3c1-ea45e2b58f18,EXACT_OR_PRIOR
ae5f806a-46b0-4a53-8eb3-9a5dd3e9d0dd|TUITION|2025-11,ae5f806a-46b0-4a53-8eb3-9a5dd3e9d0dd,25-26,TUITION,2025.0,11.0,1300.00,2025-11-05,LEGACY_MIGRATION,ACTIVE,NOV,8d6bb4bd-ecba-4be2-a3c1-ea45e2b58f18,EXACT_OR_PRIOR
ae5f806a-46b0-4a53-8eb3-9a5dd3e9d0dd|TUITION|2025-12,ae5f806a-46b0-4a53-8eb3-9a5dd3e9d0dd,25-26,TUITION,2025.0,12.0,1300.00,2025-12-05,LEGACY_MIGRATION,ACTIVE,DIC/JUL,8d6bb4bd-ecba-4be2-a3c1-ea45e2b58f18,EXACT_OR_PRIOR
ae5f806a-46b0-4a53-8eb3-9a5dd3e9d0dd|TUITION|2026-07,ae5f806a-46b0-4a53-8eb3-9a5dd3e9d0dd,25-26,TUITION,2026.0,7.0,1300.00,2025-12-05,LEGACY_MIGRATION,ACTIVE,DIC/JUL,8d6bb4bd-ecba-4be2-a3c1-ea45e2b58f18,EXACT_OR_PRIOR
ae5f806a-46b0-4a53-8eb3-9a5dd3e9d0dd|TUITION|2026-01,ae5f806a-46b0-4a53-8eb3-9a5dd3e9d0dd,25-26,TUITION,2026.0,1.0,1300.00,2026-01-05,LEGACY_MIGRATION,ACTIVE,ENE,8d6bb4bd-ecba-4be2-a3c1-ea45e2b58f18,EXACT_OR_PRIOR
ae5f806a-46b0-4a53-8eb3-9a5dd3e9d0dd|TUITION|2026-02,ae5f806a-46b0-4a53-8eb3-9a5dd3e9d0dd,25-26,TUITION,2026.0,2.0,1300.00,2026-02-05,LEGACY_MIGRATION,ACTIVE,FEB,8d6bb4bd-ecba-4be2-a3c1-ea45e2b58f18,EXACT_OR_PRIOR
ae5f806a-46b0-4a53-8eb3-9a5dd3e9d0dd|TUITION|2026-03,ae5f806a-46b0-4a53-8eb3-9a5dd3e9d0dd,25-26,TUITION,2026.0,3.0,1300.00,2026-03-05,LEGACY_MIGRATION,ACTIVE,MAR/AGO,8d6bb4bd-ecba-4be2-a3c1-ea45e2b58f18,EXACT_OR_PRIOR
ae5f806a-46b0-4a53-8eb3-9a5dd3e9d0dd|TUITION|2026-08,ae5f806a-46b0-4a53-8eb3-9a5dd3e9d0dd,25-26,TUITION,2026.0,8.0,1300.00,2026-03-05,LEGACY_MIGRATION,ACTIVE,MAR/AGO,8d6bb4bd-ecba-4be2-a3c1-ea45e2b58f18,EXACT_OR_PRIOR
ae5f806a-46b0-4a53-8eb3-9a5dd3e9d0dd|TUITION|2026-04,ae5f806a-46b0-4a53-8eb3-9a5dd3e9d0dd,25-26,TUITION,2026.0,4.0,1300.00,2026-04-05,LEGACY_MIGRATION,ACTIVE,ABR,8d6bb4bd-ecba-4be2-a3c1-ea45e2b58f18,EXACT_OR_PRIOR
ae5f806a-46b0-4a53-8eb3-9a5dd3e9d0dd|TUITION|2026-05,ae5f806a-46b0-4a53-8eb3-9a5dd3e9d0dd,25-26,TUITION,2026.0,5.0,1300.00,2026-05-05,LEGACY_MIGRATION,ACTIVE,MAY,8d6bb4bd-ecba-4be2-a3c1-ea45e2b58f18,EXACT_OR_PRIOR
ae5f806a-46b0-4a53-8eb3-9a5dd3e9d0dd|TUITION|2026-06,ae5f806a-46b0-4a53-8eb3-9a5dd3e9d0dd,25-26,TUITION,2026.0,6.0,1300.00,2026-06-05,LEGACY_MIGRATION,ACTIVE,JUN,8d6bb4bd-ecba-4be2-a3c1-ea45e2b58f18,EXACT_OR_PRIOR
afa0658f-b7b9-4fb1-997b-0e0fcf93b4e1|TUITION|2025-09,afa0658f-b7b9-4fb1-997b-0e0fcf93b4e1,25-26,TUITION,2025.0,9.0,1500.00,2025-09-05,LEGACY_MIGRATION,ACTIVE,SEP,b10c014a-4607-43b7-80f4-514a19c1b2e8,EXACT_OR_PRIOR
afa0658f-b7b9-4fb1-997b-0e0fcf93b4e1|TUITION|2025-10,afa0658f-b7b9-4fb1-997b-0e0fcf93b4e1,25-26,TUITION,2025.0,10.0,1500.00,2025-10-05,LEGACY_MIGRATION,ACTIVE,OCT,b10c014a-4607-43b7-80f4-514a19c1b2e8,EXACT_OR_PRIOR
afa0658f-b7b9-4fb1-997b-0e0fcf93b4e1|TUITION|2025-11,afa0658f-b7b9-4fb1-997b-0e0fcf93b4e1,25-26,TUITION,2025.0,11.0,1500.00,2025-11-05,LEGACY_MIGRATION,ACTIVE,NOV,b10c014a-4607-43b7-80f4-514a19c1b2e8,EXACT_OR_PRIOR
afa0658f-b7b9-4fb1-997b-0e0fcf93b4e1|TUITION|2025-12,afa0658f-b7b9-4fb1-997b-0e0fcf93b4e1,25-26,TUITION,2025.0,12.0,1500.00,2025-12-05,LEGACY_MIGRATION,ACTIVE,DIC/JUL,b10c014a-4607-43b7-80f4-514a19c1b2e8,EXACT_OR_PRIOR
afa0658f-b7b9-4fb1-997b-0e0fcf93b4e1|TUITION|2026-07,afa0658f-b7b9-4fb1-997b-0e0fcf93b4e1,25-26,TUITION,2026.0,7.0,1500.00,2025-12-05,LEGACY_MIGRATION,ACTIVE,DIC/JUL,b10c014a-4607-43b7-80f4-514a19c1b2e8,EXACT_OR_PRIOR
afa0658f-b7b9-4fb1-997b-0e0fcf93b4e1|TUITION|2026-01,afa0658f-b7b9-4fb1-997b-0e0fcf93b4e1,25-26,TUITION,2026.0,1.0,1500.00,2026-01-05,LEGACY_MIGRATION,ACTIVE,ENE,b10c014a-4607-43b7-80f4-514a19c1b2e8,EXACT_OR_PRIOR
afa0658f-b7b9-4fb1-997b-0e0fcf93b4e1|TUITION|2026-02,afa0658f-b7b9-4fb1-997b-0e0fcf93b4e1,25-26,TUITION,2026.0,2.0,1500.00,2026-02-05,LEGACY_MIGRATION,ACTIVE,FEB,b10c014a-4607-43b7-80f4-514a19c1b2e8,EXACT_OR_PRIOR
afa0658f-b7b9-4fb1-997b-0e0fcf93b4e1|TUITION|2026-03,afa0658f-b7b9-4fb1-997b-0e0fcf93b4e1,25-26,TUITION,2026.0,3.0,1500.00,2026-03-05,LEGACY_MIGRATION,ACTIVE,MAR/AGO,b10c014a-4607-43b7-80f4-514a19c1b2e8,EXACT_OR_PRIOR
afa0658f-b7b9-4fb1-997b-0e0fcf93b4e1|TUITION|2026-08,afa0658f-b7b9-4fb1-997b-0e0fcf93b4e1,25-26,TUITION,2026.0,8.0,1500.00,2026-03-05,LEGACY_MIGRATION,ACTIVE,MAR/AGO,b10c014a-4607-43b7-80f4-514a19c1b2e8,EXACT_OR_PRIOR
afa0658f-b7b9-4fb1-997b-0e0fcf93b4e1|TUITION|2026-04,afa0658f-b7b9-4fb1-997b-0e0fcf93b4e1,25-26,TUITION,2026.0,4.0,1500.00,2026-04-05,LEGACY_MIGRATION,ACTIVE,ABR,b10c014a-4607-43b7-80f4-514a19c1b2e8,EXACT_OR_PRIOR
afa0658f-b7b9-4fb1-997b-0e0fcf93b4e1|TUITION|2026-05,afa0658f-b7b9-4fb1-997b-0e0fcf93b4e1,25-26,TUITION,2026.0,5.0,1500.00,2026-05-05,LEGACY_MIGRATION,ACTIVE,MAY,b10c014a-4607-43b7-80f4-514a19c1b2e8,EXACT_OR_PRIOR
afa0658f-b7b9-4fb1-997b-0e0fcf93b4e1|TUITION|2026-06,afa0658f-b7b9-4fb1-997b-0e0fcf93b4e1,25-26,TUITION,2026.0,6.0,1500.00,2026-06-05,LEGACY_MIGRATION,ACTIVE,JUN,b10c014a-4607-43b7-80f4-514a19c1b2e8,EXACT_OR_PRIOR
b032b2a8-6144-4f39-8707-e4b41330b9d8|TUITION|2025-09,b032b2a8-6144-4f39-8707-e4b41330b9d8,25-26,TUITION,2025.0,9.0,900.00,2025-09-05,LEGACY_MIGRATION,ACTIVE,SEP,8b10d5e4-778f-4fa9-8c82-7105fbb5ecaf,EXACT_OR_PRIOR
b032b2a8-6144-4f39-8707-e4b41330b9d8|TUITION|2025-10,b032b2a8-6144-4f39-8707-e4b41330b9d8,25-26,TUITION,2025.0,10.0,900.00,2025-10-05,LEGACY_MIGRATION,ACTIVE,OCT,8b10d5e4-778f-4fa9-8c82-7105fbb5ecaf,EXACT_OR_PRIOR
b032b2a8-6144-4f39-8707-e4b41330b9d8|TUITION|2025-11,b032b2a8-6144-4f39-8707-e4b41330b9d8,25-26,TUITION,2025.0,11.0,900.00,2025-11-05,LEGACY_MIGRATION,ACTIVE,NOV,8b10d5e4-778f-4fa9-8c82-7105fbb5ecaf,EXACT_OR_PRIOR
b032b2a8-6144-4f39-8707-e4b41330b9d8|TUITION|2025-12,b032b2a8-6144-4f39-8707-e4b41330b9d8,25-26,TUITION,2025.0,12.0,900.00,2025-12-05,LEGACY_MIGRATION,ACTIVE,DIC/JUL,8b10d5e4-778f-4fa9-8c82-7105fbb5ecaf,EXACT_OR_PRIOR
b032b2a8-6144-4f39-8707-e4b41330b9d8|TUITION|2026-07,b032b2a8-6144-4f39-8707-e4b41330b9d8,25-26,TUITION,2026.0,7.0,900.00,2025-12-05,LEGACY_MIGRATION,ACTIVE,DIC/JUL,8b10d5e4-778f-4fa9-8c82-7105fbb5ecaf,EXACT_OR_PRIOR
b032b2a8-6144-4f39-8707-e4b41330b9d8|TUITION|2026-01,b032b2a8-6144-4f39-8707-e4b41330b9d8,25-26,TUITION,2026.0,1.0,900.00,2026-01-05,LEGACY_MIGRATION,ACTIVE,ENE,8b10d5e4-778f-4fa9-8c82-7105fbb5ecaf,EXACT_OR_PRIOR
b032b2a8-6144-4f39-8707-e4b41330b9d8|TUITION|2026-02,b032b2a8-6144-4f39-8707-e4b41330b9d8,25-26,TUITION,2026.0,2.0,900.00,2026-02-05,LEGACY_MIGRATION,ACTIVE,FEB,8b10d5e4-778f-4fa9-8c82-7105fbb5ecaf,EXACT_OR_PRIOR
b032b2a8-6144-4f39-8707-e4b41330b9d8|TUITION|2026-03,b032b2a8-6144-4f39-8707-e4b41330b9d8,25-26,TUITION,2026.0,3.0,900.00,2026-03-05,LEGACY_MIGRATION,ACTIVE,MAR/AGO,8b10d5e4-778f-4fa9-8c82-7105fbb5ecaf,EXACT_OR_PRIOR
b032b2a8-6144-4f39-8707-e4b41330b9d8|TUITION|2026-08,b032b2a8-6144-4f39-8707-e4b41330b9d8,25-26,TUITION,2026.0,8.0,900.00,2026-03-05,LEGACY_MIGRATION,ACTIVE,MAR/AGO,8b10d5e4-778f-4fa9-8c82-7105fbb5ecaf,EXACT_OR_PRIOR
b032b2a8-6144-4f39-8707-e4b41330b9d8|TUITION|2026-04,b032b2a8-6144-4f39-8707-e4b41330b9d8,25-26,TUITION,2026.0,4.0,900.00,2026-04-05,LEGACY_MIGRATION,ACTIVE,ABR,8b10d5e4-778f-4fa9-8c82-7105fbb5ecaf,EXACT_OR_PRIOR
b032b2a8-6144-4f39-8707-e4b41330b9d8|TUITION|2026-05,b032b2a8-6144-4f39-8707-e4b41330b9d8,25-26,TUITION,2026.0,5.0,900.00,2026-05-05,LEGACY_MIGRATION,ACTIVE,MAY,8b10d5e4-778f-4fa9-8c82-7105fbb5ecaf,EXACT_OR_PRIOR
b032b2a8-6144-4f39-8707-e4b41330b9d8|TUITION|2026-06,b032b2a8-6144-4f39-8707-e4b41330b9d8,25-26,TUITION,2026.0,6.0,900.00,2026-06-05,LEGACY_MIGRATION,ACTIVE,JUN,8b10d5e4-778f-4fa9-8c82-7105fbb5ecaf,EXACT_OR_PRIOR
b7f24e9c-6a1d-4b5a-9b34-c72abe5f4c40|TUITION|2026-07,b7f24e9c-6a1d-4b5a-9b34-c72abe5f4c40,25-26,TUITION,2026.0,7.0,1600.00,2025-12-05,LEGACY_MIGRATION,ACTIVE,DIC/JUL,452391a9-df0b-4e95-9c7b-09c88b0413d5,FUTURE_FALLBACK
b7f24e9c-6a1d-4b5a-9b34-c72abe5f4c40|TUITION|2026-08,b7f24e9c-6a1d-4b5a-9b34-c72abe5f4c40,25-26,TUITION,2026.0,8.0,1600.00,2026-03-05,LEGACY_MIGRATION,ACTIVE,MAR/AGO,452391a9-df0b-4e95-9c7b-09c88b0413d5,FUTURE_FALLBACK
b7f24e9c-6a1d-4b5a-9b34-c72abe5f4c40|TUITION|2026-04,b7f24e9c-6a1d-4b5a-9b34-c72abe5f4c40,25-26,TUITION,2026.0,4.0,1600.00,2026-04-05,LEGACY_MIGRATION,ACTIVE,ABR,452391a9-df0b-4e95-9c7b-09c88b0413d5,FUTURE_FALLBACK
b7f24e9c-6a1d-4b5a-9b34-c72abe5f4c40|TUITION|2026-05,b7f24e9c-6a1d-4b5a-9b34-c72abe5f4c40,25-26,TUITION,2026.0,5.0,1600.00,2026-05-05,LEGACY_MIGRATION,ACTIVE,MAY,452391a9-df0b-4e95-9c7b-09c88b0413d5,EXACT_OR_PRIOR
b7f24e9c-6a1d-4b5a-9b34-c72abe5f4c40|TUITION|2026-06,b7f24e9c-6a1d-4b5a-9b34-c72abe5f4c40,25-26,TUITION,2026.0,6.0,1600.00,2026-06-05,LEGACY_MIGRATION,ACTIVE,JUN,452391a9-df0b-4e95-9c7b-09c88b0413d5,EXACT_OR_PRIOR
bcb7ffd8-0cfa-449a-88d5-626f505cb19c|TUITION|2026-07,bcb7ffd8-0cfa-449a-88d5-626f505cb19c,25-26,TUITION,2026.0,7.0,1100.00,2025-12-05,LEGACY_MIGRATION,ACTIVE,DIC/JUL,7d8c266a-aa64-4066-a21e-43bf3005a4f9,FUTURE_FALLBACK
bcb7ffd8-0cfa-449a-88d5-626f505cb19c|TUITION|2026-02,bcb7ffd8-0cfa-449a-88d5-626f505cb19c,25-26,TUITION,2026.0,2.0,1100.00,2026-02-05,LEGACY_MIGRATION,ACTIVE,FEB,7d8c266a-aa64-4066-a21e-43bf3005a4f9,EXACT_OR_PRIOR
bcb7ffd8-0cfa-449a-88d5-626f505cb19c|TUITION|2026-03,bcb7ffd8-0cfa-449a-88d5-626f505cb19c,25-26,TUITION,2026.0,3.0,1100.00,2026-03-05,LEGACY_MIGRATION,ACTIVE,MAR/AGO,7d8c266a-aa64-4066-a21e-43bf3005a4f9,EXACT_OR_PRIOR
bcb7ffd8-0cfa-449a-88d5-626f505cb19c|TUITION|2026-08,bcb7ffd8-0cfa-449a-88d5-626f505cb19c,25-26,TUITION,2026.0,8.0,1100.00,2026-03-05,LEGACY_MIGRATION,ACTIVE,MAR/AGO,7d8c266a-aa64-4066-a21e-43bf3005a4f9,EXACT_OR_PRIOR
bcb7ffd8-0cfa-449a-88d5-626f505cb19c|TUITION|2026-04,bcb7ffd8-0cfa-449a-88d5-626f505cb19c,25-26,TUITION,2026.0,4.0,1100.00,2026-04-05,LEGACY_MIGRATION,ACTIVE,ABR,7d8c266a-aa64-4066-a21e-43bf3005a4f9,EXACT_OR_PRIOR
bcb7ffd8-0cfa-449a-88d5-626f505cb19c|TUITION|2026-05,bcb7ffd8-0cfa-449a-88d5-626f505cb19c,25-26,TUITION,2026.0,5.0,1100.00,2026-05-05,LEGACY_MIGRATION,ACTIVE,MAY,7d8c266a-aa64-4066-a21e-43bf3005a4f9,EXACT_OR_PRIOR
bcb7ffd8-0cfa-449a-88d5-626f505cb19c|TUITION|2026-06,bcb7ffd8-0cfa-449a-88d5-626f505cb19c,25-26,TUITION,2026.0,6.0,1100.00,2026-06-05,LEGACY_MIGRATION,ACTIVE,JUN,7d8c266a-aa64-4066-a21e-43bf3005a4f9,EXACT_OR_PRIOR
bfce22f5-d7f1-4b93-8fc1-eb5907831b0c|TUITION|2025-09,bfce22f5-d7f1-4b93-8fc1-eb5907831b0c,25-26,TUITION,2025.0,9.0,1500.00,2025-09-05,LEGACY_MIGRATION,ACTIVE,SEP,09666bfa-2ede-4f54-8bed-2fef7d2d5a72,EXACT_OR_PRIOR
bfce22f5-d7f1-4b93-8fc1-eb5907831b0c|TUITION|2025-10,bfce22f5-d7f1-4b93-8fc1-eb5907831b0c,25-26,TUITION,2025.0,10.0,1500.00,2025-10-05,LEGACY_MIGRATION,ACTIVE,OCT,09666bfa-2ede-4f54-8bed-2fef7d2d5a72,EXACT_OR_PRIOR
bfce22f5-d7f1-4b93-8fc1-eb5907831b0c|TUITION|2025-11,bfce22f5-d7f1-4b93-8fc1-eb5907831b0c,25-26,TUITION,2025.0,11.0,1500.00,2025-11-05,LEGACY_MIGRATION,ACTIVE,NOV,09666bfa-2ede-4f54-8bed-2fef7d2d5a72,EXACT_OR_PRIOR
bfce22f5-d7f1-4b93-8fc1-eb5907831b0c|TUITION|2025-12,bfce22f5-d7f1-4b93-8fc1-eb5907831b0c,25-26,TUITION,2025.0,12.0,1500.00,2025-12-05,LEGACY_MIGRATION,ACTIVE,DIC/JUL,09666bfa-2ede-4f54-8bed-2fef7d2d5a72,EXACT_OR_PRIOR
bfce22f5-d7f1-4b93-8fc1-eb5907831b0c|TUITION|2026-07,bfce22f5-d7f1-4b93-8fc1-eb5907831b0c,25-26,TUITION,2026.0,7.0,1500.00,2025-12-05,LEGACY_MIGRATION,ACTIVE,DIC/JUL,09666bfa-2ede-4f54-8bed-2fef7d2d5a72,EXACT_OR_PRIOR
bfce22f5-d7f1-4b93-8fc1-eb5907831b0c|TUITION|2026-01,bfce22f5-d7f1-4b93-8fc1-eb5907831b0c,25-26,TUITION,2026.0,1.0,1500.00,2026-01-05,LEGACY_MIGRATION,ACTIVE,ENE,09666bfa-2ede-4f54-8bed-2fef7d2d5a72,EXACT_OR_PRIOR
bfce22f5-d7f1-4b93-8fc1-eb5907831b0c|TUITION|2026-02,bfce22f5-d7f1-4b93-8fc1-eb5907831b0c,25-26,TUITION,2026.0,2.0,1500.00,2026-02-05,LEGACY_MIGRATION,ACTIVE,FEB,09666bfa-2ede-4f54-8bed-2fef7d2d5a72,EXACT_OR_PRIOR
bfce22f5-d7f1-4b93-8fc1-eb5907831b0c|TUITION|2026-03,bfce22f5-d7f1-4b93-8fc1-eb5907831b0c,25-26,TUITION,2026.0,3.0,1500.00,2026-03-05,LEGACY_MIGRATION,ACTIVE,MAR/AGO,09666bfa-2ede-4f54-8bed-2fef7d2d5a72,EXACT_OR_PRIOR
bfce22f5-d7f1-4b93-8fc1-eb5907831b0c|TUITION|2026-08,bfce22f5-d7f1-4b93-8fc1-eb5907831b0c,25-26,TUITION,2026.0,8.0,1500.00,2026-03-05,LEGACY_MIGRATION,ACTIVE,MAR/AGO,09666bfa-2ede-4f54-8bed-2fef7d2d5a72,EXACT_OR_PRIOR
bfce22f5-d7f1-4b93-8fc1-eb5907831b0c|TUITION|2026-04,bfce22f5-d7f1-4b93-8fc1-eb5907831b0c,25-26,TUITION,2026.0,4.0,1500.00,2026-04-05,LEGACY_MIGRATION,ACTIVE,ABR,09666bfa-2ede-4f54-8bed-2fef7d2d5a72,EXACT_OR_PRIOR
bfce22f5-d7f1-4b93-8fc1-eb5907831b0c|TUITION|2026-05,bfce22f5-d7f1-4b93-8fc1-eb5907831b0c,25-26,TUITION,2026.0,5.0,1500.00,2026-05-05,LEGACY_MIGRATION,ACTIVE,MAY,09666bfa-2ede-4f54-8bed-2fef7d2d5a72,EXACT_OR_PRIOR
bfce22f5-d7f1-4b93-8fc1-eb5907831b0c|TUITION|2026-06,bfce22f5-d7f1-4b93-8fc1-eb5907831b0c,25-26,TUITION,2026.0,6.0,1500.00,2026-06-05,LEGACY_MIGRATION,ACTIVE,JUN,09666bfa-2ede-4f54-8bed-2fef7d2d5a72,EXACT_OR_PRIOR
c56d34dd-a1d8-4603-9194-4da21924592b|TUITION|2025-09,c56d34dd-a1d8-4603-9194-4da21924592b,25-26,TUITION,2025.0,9.0,1000.00,2025-09-05,LEGACY_MIGRATION,ACTIVE,SEP,66dbcbb7-5c1a-433b-8d14-462e1a7a1d0c,EXACT_OR_PRIOR
c56d34dd-a1d8-4603-9194-4da21924592b|TUITION|2025-10,c56d34dd-a1d8-4603-9194-4da21924592b,25-26,TUITION,2025.0,10.0,1000.00,2025-10-05,LEGACY_MIGRATION,ACTIVE,OCT,66dbcbb7-5c1a-433b-8d14-462e1a7a1d0c,EXACT_OR_PRIOR
c56d34dd-a1d8-4603-9194-4da21924592b|TUITION|2025-11,c56d34dd-a1d8-4603-9194-4da21924592b,25-26,TUITION,2025.0,11.0,1000.00,2025-11-05,LEGACY_MIGRATION,ACTIVE,NOV,66dbcbb7-5c1a-433b-8d14-462e1a7a1d0c,EXACT_OR_PRIOR
c56d34dd-a1d8-4603-9194-4da21924592b|TUITION|2025-12,c56d34dd-a1d8-4603-9194-4da21924592b,25-26,TUITION,2025.0,12.0,1000.00,2025-12-05,LEGACY_MIGRATION,ACTIVE,DIC/JUL,66dbcbb7-5c1a-433b-8d14-462e1a7a1d0c,EXACT_OR_PRIOR
c56d34dd-a1d8-4603-9194-4da21924592b|TUITION|2026-07,c56d34dd-a1d8-4603-9194-4da21924592b,25-26,TUITION,2026.0,7.0,1000.00,2025-12-05,LEGACY_MIGRATION,ACTIVE,DIC/JUL,66dbcbb7-5c1a-433b-8d14-462e1a7a1d0c,EXACT_OR_PRIOR
c56d34dd-a1d8-4603-9194-4da21924592b|TUITION|2026-01,c56d34dd-a1d8-4603-9194-4da21924592b,25-26,TUITION,2026.0,1.0,1000.00,2026-01-05,LEGACY_MIGRATION,ACTIVE,ENE,66dbcbb7-5c1a-433b-8d14-462e1a7a1d0c,EXACT_OR_PRIOR
c56d34dd-a1d8-4603-9194-4da21924592b|TUITION|2026-02,c56d34dd-a1d8-4603-9194-4da21924592b,25-26,TUITION,2026.0,2.0,1000.00,2026-02-05,LEGACY_MIGRATION,ACTIVE,FEB,66dbcbb7-5c1a-433b-8d14-462e1a7a1d0c,EXACT_OR_PRIOR
c56d34dd-a1d8-4603-9194-4da21924592b|TUITION|2026-03,c56d34dd-a1d8-4603-9194-4da21924592b,25-26,TUITION,2026.0,3.0,1000.00,2026-03-05,LEGACY_MIGRATION,ACTIVE,MAR/AGO,66dbcbb7-5c1a-433b-8d14-462e1a7a1d0c,EXACT_OR_PRIOR
c56d34dd-a1d8-4603-9194-4da21924592b|TUITION|2026-08,c56d34dd-a1d8-4603-9194-4da21924592b,25-26,TUITION,2026.0,8.0,1000.00,2026-03-05,LEGACY_MIGRATION,ACTIVE,MAR/AGO,66dbcbb7-5c1a-433b-8d14-462e1a7a1d0c,EXACT_OR_PRIOR
c56d34dd-a1d8-4603-9194-4da21924592b|TUITION|2026-04,c56d34dd-a1d8-4603-9194-4da21924592b,25-26,TUITION,2026.0,4.0,1000.00,2026-04-05,LEGACY_MIGRATION,ACTIVE,ABR,66dbcbb7-5c1a-433b-8d14-462e1a7a1d0c,EXACT_OR_PRIOR
c56d34dd-a1d8-4603-9194-4da21924592b|TUITION|2026-05,c56d34dd-a1d8-4603-9194-4da21924592b,25-26,TUITION,2026.0,5.0,1000.00,2026-05-05,LEGACY_MIGRATION,ACTIVE,MAY,66dbcbb7-5c1a-433b-8d14-462e1a7a1d0c,EXACT_OR_PRIOR
c56d34dd-a1d8-4603-9194-4da21924592b|TUITION|2026-06,c56d34dd-a1d8-4603-9194-4da21924592b,25-26,TUITION,2026.0,6.0,1000.00,2026-06-05,LEGACY_MIGRATION,ACTIVE,JUN,66dbcbb7-5c1a-433b-8d14-462e1a7a1d0c,EXACT_OR_PRIOR
c94e75bd-f940-4e2f-a9b3-2d1dc8ad0554|TUITION|2025-09,c94e75bd-f940-4e2f-a9b3-2d1dc8ad0554,25-26,TUITION,2025.0,9.0,1500.00,2025-09-05,LEGACY_MIGRATION,ACTIVE,SEP,79feb6b4-62ee-47b1-981b-00a4f63ce8c8,EXACT_OR_PRIOR
c94e75bd-f940-4e2f-a9b3-2d1dc8ad0554|TUITION|2025-10,c94e75bd-f940-4e2f-a9b3-2d1dc8ad0554,25-26,TUITION,2025.0,10.0,1500.00,2025-10-05,LEGACY_MIGRATION,ACTIVE,OCT,79feb6b4-62ee-47b1-981b-00a4f63ce8c8,EXACT_OR_PRIOR
c94e75bd-f940-4e2f-a9b3-2d1dc8ad0554|TUITION|2025-11,c94e75bd-f940-4e2f-a9b3-2d1dc8ad0554,25-26,TUITION,2025.0,11.0,1500.00,2025-11-05,LEGACY_MIGRATION,ACTIVE,NOV,79feb6b4-62ee-47b1-981b-00a4f63ce8c8,EXACT_OR_PRIOR
c94e75bd-f940-4e2f-a9b3-2d1dc8ad0554|TUITION|2025-12,c94e75bd-f940-4e2f-a9b3-2d1dc8ad0554,25-26,TUITION,2025.0,12.0,1500.00,2025-12-05,LEGACY_MIGRATION,ACTIVE,DIC/JUL,79feb6b4-62ee-47b1-981b-00a4f63ce8c8,EXACT_OR_PRIOR
c94e75bd-f940-4e2f-a9b3-2d1dc8ad0554|TUITION|2026-07,c94e75bd-f940-4e2f-a9b3-2d1dc8ad0554,25-26,TUITION,2026.0,7.0,1500.00,2025-12-05,LEGACY_MIGRATION,ACTIVE,DIC/JUL,79feb6b4-62ee-47b1-981b-00a4f63ce8c8,EXACT_OR_PRIOR
c94e75bd-f940-4e2f-a9b3-2d1dc8ad0554|TUITION|2026-01,c94e75bd-f940-4e2f-a9b3-2d1dc8ad0554,25-26,TUITION,2026.0,1.0,1500.00,2026-01-05,LEGACY_MIGRATION,ACTIVE,ENE,79feb6b4-62ee-47b1-981b-00a4f63ce8c8,EXACT_OR_PRIOR
c94e75bd-f940-4e2f-a9b3-2d1dc8ad0554|TUITION|2026-02,c94e75bd-f940-4e2f-a9b3-2d1dc8ad0554,25-26,TUITION,2026.0,2.0,1500.00,2026-02-05,LEGACY_MIGRATION,ACTIVE,FEB,79feb6b4-62ee-47b1-981b-00a4f63ce8c8,EXACT_OR_PRIOR
c94e75bd-f940-4e2f-a9b3-2d1dc8ad0554|TUITION|2026-03,c94e75bd-f940-4e2f-a9b3-2d1dc8ad0554,25-26,TUITION,2026.0,3.0,1500.00,2026-03-05,LEGACY_MIGRATION,ACTIVE,MAR/AGO,79feb6b4-62ee-47b1-981b-00a4f63ce8c8,EXACT_OR_PRIOR
c94e75bd-f940-4e2f-a9b3-2d1dc8ad0554|TUITION|2026-08,c94e75bd-f940-4e2f-a9b3-2d1dc8ad0554,25-26,TUITION,2026.0,8.0,1500.00,2026-03-05,LEGACY_MIGRATION,ACTIVE,MAR/AGO,79feb6b4-62ee-47b1-981b-00a4f63ce8c8,EXACT_OR_PRIOR
c94e75bd-f940-4e2f-a9b3-2d1dc8ad0554|TUITION|2026-04,c94e75bd-f940-4e2f-a9b3-2d1dc8ad0554,25-26,TUITION,2026.0,4.0,1500.00,2026-04-05,LEGACY_MIGRATION,ACTIVE,ABR,79feb6b4-62ee-47b1-981b-00a4f63ce8c8,EXACT_OR_PRIOR
c94e75bd-f940-4e2f-a9b3-2d1dc8ad0554|TUITION|2026-05,c94e75bd-f940-4e2f-a9b3-2d1dc8ad0554,25-26,TUITION,2026.0,5.0,1500.00,2026-05-05,LEGACY_MIGRATION,ACTIVE,MAY,79feb6b4-62ee-47b1-981b-00a4f63ce8c8,EXACT_OR_PRIOR
c94e75bd-f940-4e2f-a9b3-2d1dc8ad0554|TUITION|2026-06,c94e75bd-f940-4e2f-a9b3-2d1dc8ad0554,25-26,TUITION,2026.0,6.0,1500.00,2026-06-05,LEGACY_MIGRATION,ACTIVE,JUN,79feb6b4-62ee-47b1-981b-00a4f63ce8c8,EXACT_OR_PRIOR
d08fe665-bb14-41a1-b1b8-902320280075|TUITION|2025-09,d08fe665-bb14-41a1-b1b8-902320280075,25-26,TUITION,2025.0,9.0,1600.00,2025-09-05,LEGACY_MIGRATION,ACTIVE,SEP,282dfca9-06e3-427e-9052-0968b2243bf3,EXACT_OR_PRIOR
d08fe665-bb14-41a1-b1b8-902320280075|TUITION|2025-10,d08fe665-bb14-41a1-b1b8-902320280075,25-26,TUITION,2025.0,10.0,1600.00,2025-10-05,LEGACY_MIGRATION,ACTIVE,OCT,282dfca9-06e3-427e-9052-0968b2243bf3,EXACT_OR_PRIOR
d08fe665-bb14-41a1-b1b8-902320280075|TUITION|2025-11,d08fe665-bb14-41a1-b1b8-902320280075,25-26,TUITION,2025.0,11.0,1600.00,2025-11-05,LEGACY_MIGRATION,ACTIVE,NOV,282dfca9-06e3-427e-9052-0968b2243bf3,EXACT_OR_PRIOR
d08fe665-bb14-41a1-b1b8-902320280075|TUITION|2025-12,d08fe665-bb14-41a1-b1b8-902320280075,25-26,TUITION,2025.0,12.0,1600.00,2025-12-05,LEGACY_MIGRATION,ACTIVE,DIC/JUL,282dfca9-06e3-427e-9052-0968b2243bf3,EXACT_OR_PRIOR
d08fe665-bb14-41a1-b1b8-902320280075|TUITION|2026-07,d08fe665-bb14-41a1-b1b8-902320280075,25-26,TUITION,2026.0,7.0,1600.00,2025-12-05,LEGACY_MIGRATION,ACTIVE,DIC/JUL,282dfca9-06e3-427e-9052-0968b2243bf3,EXACT_OR_PRIOR
d08fe665-bb14-41a1-b1b8-902320280075|TUITION|2026-01,d08fe665-bb14-41a1-b1b8-902320280075,25-26,TUITION,2026.0,1.0,1600.00,2026-01-05,LEGACY_MIGRATION,ACTIVE,ENE,282dfca9-06e3-427e-9052-0968b2243bf3,EXACT_OR_PRIOR
d08fe665-bb14-41a1-b1b8-902320280075|TUITION|2026-02,d08fe665-bb14-41a1-b1b8-902320280075,25-26,TUITION,2026.0,2.0,1600.00,2026-02-05,LEGACY_MIGRATION,ACTIVE,FEB,282dfca9-06e3-427e-9052-0968b2243bf3,EXACT_OR_PRIOR
d08fe665-bb14-41a1-b1b8-902320280075|TUITION|2026-03,d08fe665-bb14-41a1-b1b8-902320280075,25-26,TUITION,2026.0,3.0,1600.00,2026-03-05,LEGACY_MIGRATION,ACTIVE,MAR/AGO,282dfca9-06e3-427e-9052-0968b2243bf3,EXACT_OR_PRIOR
d08fe665-bb14-41a1-b1b8-902320280075|TUITION|2026-08,d08fe665-bb14-41a1-b1b8-902320280075,25-26,TUITION,2026.0,8.0,1600.00,2026-03-05,LEGACY_MIGRATION,ACTIVE,MAR/AGO,282dfca9-06e3-427e-9052-0968b2243bf3,EXACT_OR_PRIOR
d08fe665-bb14-41a1-b1b8-902320280075|TUITION|2026-04,d08fe665-bb14-41a1-b1b8-902320280075,25-26,TUITION,2026.0,4.0,1600.00,2026-04-05,LEGACY_MIGRATION,ACTIVE,ABR,282dfca9-06e3-427e-9052-0968b2243bf3,EXACT_OR_PRIOR
d08fe665-bb14-41a1-b1b8-902320280075|TUITION|2026-05,d08fe665-bb14-41a1-b1b8-902320280075,25-26,TUITION,2026.0,5.0,1600.00,2026-05-05,LEGACY_MIGRATION,ACTIVE,MAY,282dfca9-06e3-427e-9052-0968b2243bf3,EXACT_OR_PRIOR
d08fe665-bb14-41a1-b1b8-902320280075|TUITION|2026-06,d08fe665-bb14-41a1-b1b8-902320280075,25-26,TUITION,2026.0,6.0,1600.00,2026-06-05,LEGACY_MIGRATION,ACTIVE,JUN,282dfca9-06e3-427e-9052-0968b2243bf3,EXACT_OR_PRIOR
d2ce7388-b95d-4fac-865f-c1372e8f1f99|TUITION|2025-09,d2ce7388-b95d-4fac-865f-c1372e8f1f99,25-26,TUITION,2025.0,9.0,0.00,2025-09-05,LEGACY_MIGRATION,ACTIVE,SEP,4295aa52-42bd-403f-a125-11434f7738d9,EXACT_OR_PRIOR
d2ce7388-b95d-4fac-865f-c1372e8f1f99|TUITION|2025-10,d2ce7388-b95d-4fac-865f-c1372e8f1f99,25-26,TUITION,2025.0,10.0,0.00,2025-10-05,LEGACY_MIGRATION,ACTIVE,OCT,4295aa52-42bd-403f-a125-11434f7738d9,EXACT_OR_PRIOR
d2ce7388-b95d-4fac-865f-c1372e8f1f99|TUITION|2025-11,d2ce7388-b95d-4fac-865f-c1372e8f1f99,25-26,TUITION,2025.0,11.0,0.00,2025-11-05,LEGACY_MIGRATION,ACTIVE,NOV,4295aa52-42bd-403f-a125-11434f7738d9,EXACT_OR_PRIOR
d2ce7388-b95d-4fac-865f-c1372e8f1f99|TUITION|2025-12,d2ce7388-b95d-4fac-865f-c1372e8f1f99,25-26,TUITION,2025.0,12.0,0.00,2025-12-05,LEGACY_MIGRATION,ACTIVE,DIC/JUL,4295aa52-42bd-403f-a125-11434f7738d9,EXACT_OR_PRIOR
d2ce7388-b95d-4fac-865f-c1372e8f1f99|TUITION|2026-07,d2ce7388-b95d-4fac-865f-c1372e8f1f99,25-26,TUITION,2026.0,7.0,0.00,2025-12-05,LEGACY_MIGRATION,ACTIVE,DIC/JUL,4295aa52-42bd-403f-a125-11434f7738d9,EXACT_OR_PRIOR
d2ce7388-b95d-4fac-865f-c1372e8f1f99|TUITION|2026-01,d2ce7388-b95d-4fac-865f-c1372e8f1f99,25-26,TUITION,2026.0,1.0,0.00,2026-01-05,LEGACY_MIGRATION,ACTIVE,ENE,4295aa52-42bd-403f-a125-11434f7738d9,EXACT_OR_PRIOR
d2ce7388-b95d-4fac-865f-c1372e8f1f99|TUITION|2026-02,d2ce7388-b95d-4fac-865f-c1372e8f1f99,25-26,TUITION,2026.0,2.0,0.00,2026-02-05,LEGACY_MIGRATION,ACTIVE,FEB,4295aa52-42bd-403f-a125-11434f7738d9,EXACT_OR_PRIOR
d2ce7388-b95d-4fac-865f-c1372e8f1f99|TUITION|2026-03,d2ce7388-b95d-4fac-865f-c1372e8f1f99,25-26,TUITION,2026.0,3.0,0.00,2026-03-05,LEGACY_MIGRATION,ACTIVE,MAR/AGO,4295aa52-42bd-403f-a125-11434f7738d9,EXACT_OR_PRIOR
d2ce7388-b95d-4fac-865f-c1372e8f1f99|TUITION|2026-08,d2ce7388-b95d-4fac-865f-c1372e8f1f99,25-26,TUITION,2026.0,8.0,0.00,2026-03-05,LEGACY_MIGRATION,ACTIVE,MAR/AGO,4295aa52-42bd-403f-a125-11434f7738d9,EXACT_OR_PRIOR
d2ce7388-b95d-4fac-865f-c1372e8f1f99|TUITION|2026-04,d2ce7388-b95d-4fac-865f-c1372e8f1f99,25-26,TUITION,2026.0,4.0,0.00,2026-04-05,LEGACY_MIGRATION,ACTIVE,ABR,4295aa52-42bd-403f-a125-11434f7738d9,EXACT_OR_PRIOR
d2ce7388-b95d-4fac-865f-c1372e8f1f99|TUITION|2026-05,d2ce7388-b95d-4fac-865f-c1372e8f1f99,25-26,TUITION,2026.0,5.0,0.00,2026-05-05,LEGACY_MIGRATION,ACTIVE,MAY,4295aa52-42bd-403f-a125-11434f7738d9,EXACT_OR_PRIOR
d2ce7388-b95d-4fac-865f-c1372e8f1f99|TUITION|2026-06,d2ce7388-b95d-4fac-865f-c1372e8f1f99,25-26,TUITION,2026.0,6.0,0.00,2026-06-05,LEGACY_MIGRATION,ACTIVE,JUN,4295aa52-42bd-403f-a125-11434f7738d9,EXACT_OR_PRIOR
d81e498e-7690-4676-9957-8b832ccf8ea0|TUITION|2025-09,d81e498e-7690-4676-9957-8b832ccf8ea0,25-26,TUITION,2025.0,9.0,1200.00,2025-09-05,LEGACY_MIGRATION,ACTIVE,SEP,23415d8a-b1f5-4d0c-adae-45fcbca1c35d,EXACT_OR_PRIOR
d81e498e-7690-4676-9957-8b832ccf8ea0|TUITION|2025-10,d81e498e-7690-4676-9957-8b832ccf8ea0,25-26,TUITION,2025.0,10.0,1200.00,2025-10-05,LEGACY_MIGRATION,ACTIVE,OCT,23415d8a-b1f5-4d0c-adae-45fcbca1c35d,EXACT_OR_PRIOR
d81e498e-7690-4676-9957-8b832ccf8ea0|TUITION|2025-11,d81e498e-7690-4676-9957-8b832ccf8ea0,25-26,TUITION,2025.0,11.0,1200.00,2025-11-05,LEGACY_MIGRATION,ACTIVE,NOV,23415d8a-b1f5-4d0c-adae-45fcbca1c35d,EXACT_OR_PRIOR
d81e498e-7690-4676-9957-8b832ccf8ea0|TUITION|2025-12,d81e498e-7690-4676-9957-8b832ccf8ea0,25-26,TUITION,2025.0,12.0,1200.00,2025-12-05,LEGACY_MIGRATION,ACTIVE,DIC/JUL,23415d8a-b1f5-4d0c-adae-45fcbca1c35d,EXACT_OR_PRIOR
d81e498e-7690-4676-9957-8b832ccf8ea0|TUITION|2026-07,d81e498e-7690-4676-9957-8b832ccf8ea0,25-26,TUITION,2026.0,7.0,1200.00,2025-12-05,LEGACY_MIGRATION,ACTIVE,DIC/JUL,23415d8a-b1f5-4d0c-adae-45fcbca1c35d,EXACT_OR_PRIOR
d81e498e-7690-4676-9957-8b832ccf8ea0|TUITION|2026-01,d81e498e-7690-4676-9957-8b832ccf8ea0,25-26,TUITION,2026.0,1.0,1200.00,2026-01-05,LEGACY_MIGRATION,ACTIVE,ENE,23415d8a-b1f5-4d0c-adae-45fcbca1c35d,EXACT_OR_PRIOR
d81e498e-7690-4676-9957-8b832ccf8ea0|TUITION|2026-02,d81e498e-7690-4676-9957-8b832ccf8ea0,25-26,TUITION,2026.0,2.0,1200.00,2026-02-05,LEGACY_MIGRATION,ACTIVE,FEB,23415d8a-b1f5-4d0c-adae-45fcbca1c35d,EXACT_OR_PRIOR
d81e498e-7690-4676-9957-8b832ccf8ea0|TUITION|2026-03,d81e498e-7690-4676-9957-8b832ccf8ea0,25-26,TUITION,2026.0,3.0,1200.00,2026-03-05,LEGACY_MIGRATION,ACTIVE,MAR/AGO,23415d8a-b1f5-4d0c-adae-45fcbca1c35d,EXACT_OR_PRIOR
d81e498e-7690-4676-9957-8b832ccf8ea0|TUITION|2026-08,d81e498e-7690-4676-9957-8b832ccf8ea0,25-26,TUITION,2026.0,8.0,1200.00,2026-03-05,LEGACY_MIGRATION,ACTIVE,MAR/AGO,23415d8a-b1f5-4d0c-adae-45fcbca1c35d,EXACT_OR_PRIOR
d81e498e-7690-4676-9957-8b832ccf8ea0|TUITION|2026-04,d81e498e-7690-4676-9957-8b832ccf8ea0,25-26,TUITION,2026.0,4.0,1200.00,2026-04-05,LEGACY_MIGRATION,ACTIVE,ABR,23415d8a-b1f5-4d0c-adae-45fcbca1c35d,EXACT_OR_PRIOR
d81e498e-7690-4676-9957-8b832ccf8ea0|TUITION|2026-05,d81e498e-7690-4676-9957-8b832ccf8ea0,25-26,TUITION,2026.0,5.0,1200.00,2026-05-05,LEGACY_MIGRATION,ACTIVE,MAY,23415d8a-b1f5-4d0c-adae-45fcbca1c35d,EXACT_OR_PRIOR
d81e498e-7690-4676-9957-8b832ccf8ea0|TUITION|2026-06,d81e498e-7690-4676-9957-8b832ccf8ea0,25-26,TUITION,2026.0,6.0,1200.00,2026-06-05,LEGACY_MIGRATION,ACTIVE,JUN,23415d8a-b1f5-4d0c-adae-45fcbca1c35d,EXACT_OR_PRIOR
d8b23e94-04f7-4eed-9748-9c90f9758257|TUITION|2025-09,d8b23e94-04f7-4eed-9748-9c90f9758257,25-26,TUITION,2025.0,9.0,1200.00,2025-09-05,LEGACY_MIGRATION,ACTIVE,SEP,b8aee115-22a8-41ca-b779-f3f8afd4edc0,EXACT_OR_PRIOR
d8b23e94-04f7-4eed-9748-9c90f9758257|TUITION|2025-10,d8b23e94-04f7-4eed-9748-9c90f9758257,25-26,TUITION,2025.0,10.0,1200.00,2025-10-05,LEGACY_MIGRATION,ACTIVE,OCT,b8aee115-22a8-41ca-b779-f3f8afd4edc0,EXACT_OR_PRIOR
d8b23e94-04f7-4eed-9748-9c90f9758257|TUITION|2025-11,d8b23e94-04f7-4eed-9748-9c90f9758257,25-26,TUITION,2025.0,11.0,1200.00,2025-11-05,LEGACY_MIGRATION,ACTIVE,NOV,b8aee115-22a8-41ca-b779-f3f8afd4edc0,EXACT_OR_PRIOR
d8b23e94-04f7-4eed-9748-9c90f9758257|TUITION|2025-12,d8b23e94-04f7-4eed-9748-9c90f9758257,25-26,TUITION,2025.0,12.0,1200.00,2025-12-05,LEGACY_MIGRATION,ACTIVE,DIC/JUL,b8aee115-22a8-41ca-b779-f3f8afd4edc0,EXACT_OR_PRIOR
d8b23e94-04f7-4eed-9748-9c90f9758257|TUITION|2026-07,d8b23e94-04f7-4eed-9748-9c90f9758257,25-26,TUITION,2026.0,7.0,1200.00,2025-12-05,LEGACY_MIGRATION,ACTIVE,DIC/JUL,b8aee115-22a8-41ca-b779-f3f8afd4edc0,EXACT_OR_PRIOR
d8b23e94-04f7-4eed-9748-9c90f9758257|TUITION|2026-01,d8b23e94-04f7-4eed-9748-9c90f9758257,25-26,TUITION,2026.0,1.0,1200.00,2026-01-05,LEGACY_MIGRATION,ACTIVE,ENE,b8aee115-22a8-41ca-b779-f3f8afd4edc0,EXACT_OR_PRIOR
d8b23e94-04f7-4eed-9748-9c90f9758257|TUITION|2026-02,d8b23e94-04f7-4eed-9748-9c90f9758257,25-26,TUITION,2026.0,2.0,1200.00,2026-02-05,LEGACY_MIGRATION,ACTIVE,FEB,b8aee115-22a8-41ca-b779-f3f8afd4edc0,EXACT_OR_PRIOR
d8b23e94-04f7-4eed-9748-9c90f9758257|TUITION|2026-03,d8b23e94-04f7-4eed-9748-9c90f9758257,25-26,TUITION,2026.0,3.0,1200.00,2026-03-05,LEGACY_MIGRATION,ACTIVE,MAR/AGO,b8aee115-22a8-41ca-b779-f3f8afd4edc0,EXACT_OR_PRIOR
d8b23e94-04f7-4eed-9748-9c90f9758257|TUITION|2026-08,d8b23e94-04f7-4eed-9748-9c90f9758257,25-26,TUITION,2026.0,8.0,1200.00,2026-03-05,LEGACY_MIGRATION,ACTIVE,MAR/AGO,b8aee115-22a8-41ca-b779-f3f8afd4edc0,EXACT_OR_PRIOR
d8b23e94-04f7-4eed-9748-9c90f9758257|TUITION|2026-04,d8b23e94-04f7-4eed-9748-9c90f9758257,25-26,TUITION,2026.0,4.0,1200.00,2026-04-05,LEGACY_MIGRATION,ACTIVE,ABR,b8aee115-22a8-41ca-b779-f3f8afd4edc0,EXACT_OR_PRIOR
d8b23e94-04f7-4eed-9748-9c90f9758257|TUITION|2026-05,d8b23e94-04f7-4eed-9748-9c90f9758257,25-26,TUITION,2026.0,5.0,1200.00,2026-05-05,LEGACY_MIGRATION,ACTIVE,MAY,b8aee115-22a8-41ca-b779-f3f8afd4edc0,EXACT_OR_PRIOR
d8b23e94-04f7-4eed-9748-9c90f9758257|TUITION|2026-06,d8b23e94-04f7-4eed-9748-9c90f9758257,25-26,TUITION,2026.0,6.0,1200.00,2026-06-05,LEGACY_MIGRATION,ACTIVE,JUN,b8aee115-22a8-41ca-b779-f3f8afd4edc0,EXACT_OR_PRIOR
df9c3a2b-804a-47bc-9b11-eb45575dad16|TUITION|2025-09,df9c3a2b-804a-47bc-9b11-eb45575dad16,25-26,TUITION,2025.0,9.0,1200.00,2025-09-05,LEGACY_MIGRATION,ACTIVE,SEP,81e8ddaa-33ab-4f32-b657-044a74d956d4,EXACT_OR_PRIOR
df9c3a2b-804a-47bc-9b11-eb45575dad16|TUITION|2025-10,df9c3a2b-804a-47bc-9b11-eb45575dad16,25-26,TUITION,2025.0,10.0,1200.00,2025-10-05,LEGACY_MIGRATION,ACTIVE,OCT,81e8ddaa-33ab-4f32-b657-044a74d956d4,EXACT_OR_PRIOR
df9c3a2b-804a-47bc-9b11-eb45575dad16|TUITION|2025-11,df9c3a2b-804a-47bc-9b11-eb45575dad16,25-26,TUITION,2025.0,11.0,1200.00,2025-11-05,LEGACY_MIGRATION,ACTIVE,NOV,81e8ddaa-33ab-4f32-b657-044a74d956d4,EXACT_OR_PRIOR
df9c3a2b-804a-47bc-9b11-eb45575dad16|TUITION|2025-12,df9c3a2b-804a-47bc-9b11-eb45575dad16,25-26,TUITION,2025.0,12.0,1200.00,2025-12-05,LEGACY_MIGRATION,ACTIVE,DIC/JUL,81e8ddaa-33ab-4f32-b657-044a74d956d4,EXACT_OR_PRIOR
df9c3a2b-804a-47bc-9b11-eb45575dad16|TUITION|2026-07,df9c3a2b-804a-47bc-9b11-eb45575dad16,25-26,TUITION,2026.0,7.0,1200.00,2025-12-05,LEGACY_MIGRATION,ACTIVE,DIC/JUL,81e8ddaa-33ab-4f32-b657-044a74d956d4,EXACT_OR_PRIOR
df9c3a2b-804a-47bc-9b11-eb45575dad16|TUITION|2026-01,df9c3a2b-804a-47bc-9b11-eb45575dad16,25-26,TUITION,2026.0,1.0,1200.00,2026-01-05,LEGACY_MIGRATION,ACTIVE,ENE,81e8ddaa-33ab-4f32-b657-044a74d956d4,EXACT_OR_PRIOR
df9c3a2b-804a-47bc-9b11-eb45575dad16|TUITION|2026-02,df9c3a2b-804a-47bc-9b11-eb45575dad16,25-26,TUITION,2026.0,2.0,1200.00,2026-02-05,LEGACY_MIGRATION,ACTIVE,FEB,81e8ddaa-33ab-4f32-b657-044a74d956d4,EXACT_OR_PRIOR
df9c3a2b-804a-47bc-9b11-eb45575dad16|TUITION|2026-03,df9c3a2b-804a-47bc-9b11-eb45575dad16,25-26,TUITION,2026.0,3.0,1200.00,2026-03-05,LEGACY_MIGRATION,ACTIVE,MAR/AGO,81e8ddaa-33ab-4f32-b657-044a74d956d4,EXACT_OR_PRIOR
df9c3a2b-804a-47bc-9b11-eb45575dad16|TUITION|2026-08,df9c3a2b-804a-47bc-9b11-eb45575dad16,25-26,TUITION,2026.0,8.0,1200.00,2026-03-05,LEGACY_MIGRATION,ACTIVE,MAR/AGO,81e8ddaa-33ab-4f32-b657-044a74d956d4,EXACT_OR_PRIOR
df9c3a2b-804a-47bc-9b11-eb45575dad16|TUITION|2026-04,df9c3a2b-804a-47bc-9b11-eb45575dad16,25-26,TUITION,2026.0,4.0,1200.00,2026-04-05,LEGACY_MIGRATION,ACTIVE,ABR,81e8ddaa-33ab-4f32-b657-044a74d956d4,EXACT_OR_PRIOR
df9c3a2b-804a-47bc-9b11-eb45575dad16|TUITION|2026-05,df9c3a2b-804a-47bc-9b11-eb45575dad16,25-26,TUITION,2026.0,5.0,1200.00,2026-05-05,LEGACY_MIGRATION,ACTIVE,MAY,81e8ddaa-33ab-4f32-b657-044a74d956d4,EXACT_OR_PRIOR
df9c3a2b-804a-47bc-9b11-eb45575dad16|TUITION|2026-06,df9c3a2b-804a-47bc-9b11-eb45575dad16,25-26,TUITION,2026.0,6.0,1200.00,2026-06-05,LEGACY_MIGRATION,ACTIVE,JUN,81e8ddaa-33ab-4f32-b657-044a74d956d4,EXACT_OR_PRIOR
e2808836-b027-41af-8918-de113abd6e4a|TUITION|2025-09,e2808836-b027-41af-8918-de113abd6e4a,25-26,TUITION,2025.0,9.0,1600.00,2025-09-05,LEGACY_MIGRATION,ACTIVE,SEP,8428040a-6c97-4ed6-a470-cad287d10744,EXACT_OR_PRIOR
e2808836-b027-41af-8918-de113abd6e4a|TUITION|2025-10,e2808836-b027-41af-8918-de113abd6e4a,25-26,TUITION,2025.0,10.0,1600.00,2025-10-05,LEGACY_MIGRATION,ACTIVE,OCT,8428040a-6c97-4ed6-a470-cad287d10744,EXACT_OR_PRIOR
e2808836-b027-41af-8918-de113abd6e4a|TUITION|2025-11,e2808836-b027-41af-8918-de113abd6e4a,25-26,TUITION,2025.0,11.0,1600.00,2025-11-05,LEGACY_MIGRATION,ACTIVE,NOV,8428040a-6c97-4ed6-a470-cad287d10744,EXACT_OR_PRIOR
e2808836-b027-41af-8918-de113abd6e4a|TUITION|2025-12,e2808836-b027-41af-8918-de113abd6e4a,25-26,TUITION,2025.0,12.0,1600.00,2025-12-05,LEGACY_MIGRATION,ACTIVE,DIC/JUL,8428040a-6c97-4ed6-a470-cad287d10744,EXACT_OR_PRIOR
e2808836-b027-41af-8918-de113abd6e4a|TUITION|2026-07,e2808836-b027-41af-8918-de113abd6e4a,25-26,TUITION,2026.0,7.0,1600.00,2025-12-05,LEGACY_MIGRATION,ACTIVE,DIC/JUL,8428040a-6c97-4ed6-a470-cad287d10744,EXACT_OR_PRIOR
e2808836-b027-41af-8918-de113abd6e4a|TUITION|2026-01,e2808836-b027-41af-8918-de113abd6e4a,25-26,TUITION,2026.0,1.0,1600.00,2026-01-05,LEGACY_MIGRATION,ACTIVE,ENE,8428040a-6c97-4ed6-a470-cad287d10744,EXACT_OR_PRIOR
e2808836-b027-41af-8918-de113abd6e4a|TUITION|2026-02,e2808836-b027-41af-8918-de113abd6e4a,25-26,TUITION,2026.0,2.0,1600.00,2026-02-05,LEGACY_MIGRATION,ACTIVE,FEB,8428040a-6c97-4ed6-a470-cad287d10744,EXACT_OR_PRIOR
e2808836-b027-41af-8918-de113abd6e4a|TUITION|2026-03,e2808836-b027-41af-8918-de113abd6e4a,25-26,TUITION,2026.0,3.0,1600.00,2026-03-05,LEGACY_MIGRATION,ACTIVE,MAR/AGO,8428040a-6c97-4ed6-a470-cad287d10744,EXACT_OR_PRIOR
e2808836-b027-41af-8918-de113abd6e4a|TUITION|2026-08,e2808836-b027-41af-8918-de113abd6e4a,25-26,TUITION,2026.0,8.0,1600.00,2026-03-05,LEGACY_MIGRATION,ACTIVE,MAR/AGO,8428040a-6c97-4ed6-a470-cad287d10744,EXACT_OR_PRIOR
e2808836-b027-41af-8918-de113abd6e4a|TUITION|2026-04,e2808836-b027-41af-8918-de113abd6e4a,25-26,TUITION,2026.0,4.0,1600.00,2026-04-05,LEGACY_MIGRATION,ACTIVE,ABR,8428040a-6c97-4ed6-a470-cad287d10744,EXACT_OR_PRIOR
e2808836-b027-41af-8918-de113abd6e4a|TUITION|2026-05,e2808836-b027-41af-8918-de113abd6e4a,25-26,TUITION,2026.0,5.0,1600.00,2026-05-05,LEGACY_MIGRATION,ACTIVE,MAY,8428040a-6c97-4ed6-a470-cad287d10744,EXACT_OR_PRIOR
e2808836-b027-41af-8918-de113abd6e4a|TUITION|2026-06,e2808836-b027-41af-8918-de113abd6e4a,25-26,TUITION,2026.0,6.0,1600.00,2026-06-05,LEGACY_MIGRATION,ACTIVE,JUN,8428040a-6c97-4ed6-a470-cad287d10744,EXACT_OR_PRIOR
e3a81bd9-718d-4a32-8722-37f4723b7edc|TUITION|2025-09,e3a81bd9-718d-4a32-8722-37f4723b7edc,25-26,TUITION,2025.0,9.0,500.00,2025-09-05,LEGACY_MIGRATION,ACTIVE,SEP,baa478e9-3d68-4e48-aa49-a6f3713b8f89,EXACT_OR_PRIOR
e3a81bd9-718d-4a32-8722-37f4723b7edc|TUITION|2025-10,e3a81bd9-718d-4a32-8722-37f4723b7edc,25-26,TUITION,2025.0,10.0,500.00,2025-10-05,LEGACY_MIGRATION,ACTIVE,OCT,baa478e9-3d68-4e48-aa49-a6f3713b8f89,EXACT_OR_PRIOR
e3a81bd9-718d-4a32-8722-37f4723b7edc|TUITION|2025-11,e3a81bd9-718d-4a32-8722-37f4723b7edc,25-26,TUITION,2025.0,11.0,500.00,2025-11-05,LEGACY_MIGRATION,ACTIVE,NOV,baa478e9-3d68-4e48-aa49-a6f3713b8f89,EXACT_OR_PRIOR
e3a81bd9-718d-4a32-8722-37f4723b7edc|TUITION|2025-12,e3a81bd9-718d-4a32-8722-37f4723b7edc,25-26,TUITION,2025.0,12.0,500.00,2025-12-05,LEGACY_MIGRATION,ACTIVE,DIC/JUL,baa478e9-3d68-4e48-aa49-a6f3713b8f89,EXACT_OR_PRIOR
e3a81bd9-718d-4a32-8722-37f4723b7edc|TUITION|2026-07,e3a81bd9-718d-4a32-8722-37f4723b7edc,25-26,TUITION,2026.0,7.0,500.00,2025-12-05,LEGACY_MIGRATION,ACTIVE,DIC/JUL,baa478e9-3d68-4e48-aa49-a6f3713b8f89,EXACT_OR_PRIOR
e3a81bd9-718d-4a32-8722-37f4723b7edc|TUITION|2026-01,e3a81bd9-718d-4a32-8722-37f4723b7edc,25-26,TUITION,2026.0,1.0,500.00,2026-01-05,LEGACY_MIGRATION,ACTIVE,ENE,baa478e9-3d68-4e48-aa49-a6f3713b8f89,EXACT_OR_PRIOR
e3a81bd9-718d-4a32-8722-37f4723b7edc|TUITION|2026-02,e3a81bd9-718d-4a32-8722-37f4723b7edc,25-26,TUITION,2026.0,2.0,500.00,2026-02-05,LEGACY_MIGRATION,ACTIVE,FEB,baa478e9-3d68-4e48-aa49-a6f3713b8f89,EXACT_OR_PRIOR
e3a81bd9-718d-4a32-8722-37f4723b7edc|TUITION|2026-03,e3a81bd9-718d-4a32-8722-37f4723b7edc,25-26,TUITION,2026.0,3.0,500.00,2026-03-05,LEGACY_MIGRATION,ACTIVE,MAR/AGO,baa478e9-3d68-4e48-aa49-a6f3713b8f89,EXACT_OR_PRIOR
e3a81bd9-718d-4a32-8722-37f4723b7edc|TUITION|2026-08,e3a81bd9-718d-4a32-8722-37f4723b7edc,25-26,TUITION,2026.0,8.0,500.00,2026-03-05,LEGACY_MIGRATION,ACTIVE,MAR/AGO,baa478e9-3d68-4e48-aa49-a6f3713b8f89,EXACT_OR_PRIOR
e3a81bd9-718d-4a32-8722-37f4723b7edc|TUITION|2026-04,e3a81bd9-718d-4a32-8722-37f4723b7edc,25-26,TUITION,2026.0,4.0,500.00,2026-04-05,LEGACY_MIGRATION,ACTIVE,ABR,baa478e9-3d68-4e48-aa49-a6f3713b8f89,EXACT_OR_PRIOR
e3a81bd9-718d-4a32-8722-37f4723b7edc|TUITION|2026-05,e3a81bd9-718d-4a32-8722-37f4723b7edc,25-26,TUITION,2026.0,5.0,500.00,2026-05-05,LEGACY_MIGRATION,ACTIVE,MAY,baa478e9-3d68-4e48-aa49-a6f3713b8f89,EXACT_OR_PRIOR
e3a81bd9-718d-4a32-8722-37f4723b7edc|TUITION|2026-06,e3a81bd9-718d-4a32-8722-37f4723b7edc,25-26,TUITION,2026.0,6.0,500.00,2026-06-05,LEGACY_MIGRATION,ACTIVE,JUN,baa478e9-3d68-4e48-aa49-a6f3713b8f89,EXACT_OR_PRIOR
e57db8cf-8012-4fa3-b822-41d98008dc00|TUITION|2025-09,e57db8cf-8012-4fa3-b822-41d98008dc00,25-26,TUITION,2025.0,9.0,1500.00,2025-09-05,LEGACY_MIGRATION,ACTIVE,SEP,56cca935-0be6-4be2-a2e3-a639c46dccf3,EXACT_OR_PRIOR
e57db8cf-8012-4fa3-b822-41d98008dc00|TUITION|2025-10,e57db8cf-8012-4fa3-b822-41d98008dc00,25-26,TUITION,2025.0,10.0,1500.00,2025-10-05,LEGACY_MIGRATION,ACTIVE,OCT,56cca935-0be6-4be2-a2e3-a639c46dccf3,EXACT_OR_PRIOR
e57db8cf-8012-4fa3-b822-41d98008dc00|TUITION|2025-11,e57db8cf-8012-4fa3-b822-41d98008dc00,25-26,TUITION,2025.0,11.0,1500.00,2025-11-05,LEGACY_MIGRATION,ACTIVE,NOV,56cca935-0be6-4be2-a2e3-a639c46dccf3,EXACT_OR_PRIOR
e57db8cf-8012-4fa3-b822-41d98008dc00|TUITION|2025-12,e57db8cf-8012-4fa3-b822-41d98008dc00,25-26,TUITION,2025.0,12.0,1500.00,2025-12-05,LEGACY_MIGRATION,ACTIVE,DIC/JUL,56cca935-0be6-4be2-a2e3-a639c46dccf3,EXACT_OR_PRIOR
e57db8cf-8012-4fa3-b822-41d98008dc00|TUITION|2026-07,e57db8cf-8012-4fa3-b822-41d98008dc00,25-26,TUITION,2026.0,7.0,1500.00,2025-12-05,LEGACY_MIGRATION,ACTIVE,DIC/JUL,56cca935-0be6-4be2-a2e3-a639c46dccf3,EXACT_OR_PRIOR
e57db8cf-8012-4fa3-b822-41d98008dc00|TUITION|2026-01,e57db8cf-8012-4fa3-b822-41d98008dc00,25-26,TUITION,2026.0,1.0,1500.00,2026-01-05,LEGACY_MIGRATION,ACTIVE,ENE,56cca935-0be6-4be2-a2e3-a639c46dccf3,EXACT_OR_PRIOR
e57db8cf-8012-4fa3-b822-41d98008dc00|TUITION|2026-02,e57db8cf-8012-4fa3-b822-41d98008dc00,25-26,TUITION,2026.0,2.0,1500.00,2026-02-05,LEGACY_MIGRATION,ACTIVE,FEB,56cca935-0be6-4be2-a2e3-a639c46dccf3,EXACT_OR_PRIOR
e57db8cf-8012-4fa3-b822-41d98008dc00|TUITION|2026-03,e57db8cf-8012-4fa3-b822-41d98008dc00,25-26,TUITION,2026.0,3.0,1500.00,2026-03-05,LEGACY_MIGRATION,ACTIVE,MAR/AGO,56cca935-0be6-4be2-a2e3-a639c46dccf3,EXACT_OR_PRIOR
e57db8cf-8012-4fa3-b822-41d98008dc00|TUITION|2026-08,e57db8cf-8012-4fa3-b822-41d98008dc00,25-26,TUITION,2026.0,8.0,1500.00,2026-03-05,LEGACY_MIGRATION,ACTIVE,MAR/AGO,56cca935-0be6-4be2-a2e3-a639c46dccf3,EXACT_OR_PRIOR
e57db8cf-8012-4fa3-b822-41d98008dc00|TUITION|2026-04,e57db8cf-8012-4fa3-b822-41d98008dc00,25-26,TUITION,2026.0,4.0,1500.00,2026-04-05,LEGACY_MIGRATION,ACTIVE,ABR,56cca935-0be6-4be2-a2e3-a639c46dccf3,EXACT_OR_PRIOR
e57db8cf-8012-4fa3-b822-41d98008dc00|TUITION|2026-05,e57db8cf-8012-4fa3-b822-41d98008dc00,25-26,TUITION,2026.0,5.0,1500.00,2026-05-05,LEGACY_MIGRATION,ACTIVE,MAY,56cca935-0be6-4be2-a2e3-a639c46dccf3,EXACT_OR_PRIOR
e57db8cf-8012-4fa3-b822-41d98008dc00|TUITION|2026-06,e57db8cf-8012-4fa3-b822-41d98008dc00,25-26,TUITION,2026.0,6.0,1500.00,2026-06-05,LEGACY_MIGRATION,ACTIVE,JUN,56cca935-0be6-4be2-a2e3-a639c46dccf3,EXACT_OR_PRIOR
e5a7742b-06e9-4add-a1c7-4049a93b2b75|TUITION|2025-11,e5a7742b-06e9-4add-a1c7-4049a93b2b75,25-26,TUITION,2025.0,11.0,1100.00,2025-11-05,LEGACY_MIGRATION,ACTIVE,NOV,76d6b291-927d-42d8-b85c-427c421f0d18,EXACT_OR_PRIOR
e5a7742b-06e9-4add-a1c7-4049a93b2b75|TUITION|2025-12,e5a7742b-06e9-4add-a1c7-4049a93b2b75,25-26,TUITION,2025.0,12.0,1100.00,2025-12-05,LEGACY_MIGRATION,ACTIVE,DIC/JUL,76d6b291-927d-42d8-b85c-427c421f0d18,EXACT_OR_PRIOR
e5a7742b-06e9-4add-a1c7-4049a93b2b75|TUITION|2026-07,e5a7742b-06e9-4add-a1c7-4049a93b2b75,25-26,TUITION,2026.0,7.0,1100.00,2025-12-05,LEGACY_MIGRATION,ACTIVE,DIC/JUL,76d6b291-927d-42d8-b85c-427c421f0d18,EXACT_OR_PRIOR
e5a7742b-06e9-4add-a1c7-4049a93b2b75|TUITION|2026-01,e5a7742b-06e9-4add-a1c7-4049a93b2b75,25-26,TUITION,2026.0,1.0,1100.00,2026-01-05,LEGACY_MIGRATION,ACTIVE,ENE,76d6b291-927d-42d8-b85c-427c421f0d18,EXACT_OR_PRIOR
e5a7742b-06e9-4add-a1c7-4049a93b2b75|TUITION|2026-02,e5a7742b-06e9-4add-a1c7-4049a93b2b75,25-26,TUITION,2026.0,2.0,1100.00,2026-02-05,LEGACY_MIGRATION,ACTIVE,FEB,76d6b291-927d-42d8-b85c-427c421f0d18,EXACT_OR_PRIOR
e5a7742b-06e9-4add-a1c7-4049a93b2b75|TUITION|2026-03,e5a7742b-06e9-4add-a1c7-4049a93b2b75,25-26,TUITION,2026.0,3.0,1100.00,2026-03-05,LEGACY_MIGRATION,ACTIVE,MAR/AGO,76d6b291-927d-42d8-b85c-427c421f0d18,EXACT_OR_PRIOR
e5a7742b-06e9-4add-a1c7-4049a93b2b75|TUITION|2026-08,e5a7742b-06e9-4add-a1c7-4049a93b2b75,25-26,TUITION,2026.0,8.0,1100.00,2026-03-05,LEGACY_MIGRATION,ACTIVE,MAR/AGO,76d6b291-927d-42d8-b85c-427c421f0d18,EXACT_OR_PRIOR
e5a7742b-06e9-4add-a1c7-4049a93b2b75|TUITION|2026-04,e5a7742b-06e9-4add-a1c7-4049a93b2b75,25-26,TUITION,2026.0,4.0,1100.00,2026-04-05,LEGACY_MIGRATION,ACTIVE,ABR,76d6b291-927d-42d8-b85c-427c421f0d18,EXACT_OR_PRIOR
e5a7742b-06e9-4add-a1c7-4049a93b2b75|TUITION|2026-05,e5a7742b-06e9-4add-a1c7-4049a93b2b75,25-26,TUITION,2026.0,5.0,1100.00,2026-05-05,LEGACY_MIGRATION,ACTIVE,MAY,76d6b291-927d-42d8-b85c-427c421f0d18,EXACT_OR_PRIOR
e5a7742b-06e9-4add-a1c7-4049a93b2b75|TUITION|2026-06,e5a7742b-06e9-4add-a1c7-4049a93b2b75,25-26,TUITION,2026.0,6.0,1100.00,2026-06-05,LEGACY_MIGRATION,ACTIVE,JUN,76d6b291-927d-42d8-b85c-427c421f0d18,EXACT_OR_PRIOR
ea4ba647-d045-4e06-ae83-397c1aa0fb8d|TUITION|2025-09,ea4ba647-d045-4e06-ae83-397c1aa0fb8d,25-26,TUITION,2025.0,9.0,1500.00,2025-09-05,LEGACY_MIGRATION,ACTIVE,SEP,5237f823-c1a2-469f-93eb-6bb23f341243,EXACT_OR_PRIOR
ea4ba647-d045-4e06-ae83-397c1aa0fb8d|TUITION|2025-10,ea4ba647-d045-4e06-ae83-397c1aa0fb8d,25-26,TUITION,2025.0,10.0,1500.00,2025-10-05,LEGACY_MIGRATION,ACTIVE,OCT,5237f823-c1a2-469f-93eb-6bb23f341243,EXACT_OR_PRIOR
ea4ba647-d045-4e06-ae83-397c1aa0fb8d|TUITION|2025-11,ea4ba647-d045-4e06-ae83-397c1aa0fb8d,25-26,TUITION,2025.0,11.0,1500.00,2025-11-05,LEGACY_MIGRATION,ACTIVE,NOV,5237f823-c1a2-469f-93eb-6bb23f341243,EXACT_OR_PRIOR
ea4ba647-d045-4e06-ae83-397c1aa0fb8d|TUITION|2025-12,ea4ba647-d045-4e06-ae83-397c1aa0fb8d,25-26,TUITION,2025.0,12.0,1500.00,2025-12-05,LEGACY_MIGRATION,ACTIVE,DIC/JUL,5237f823-c1a2-469f-93eb-6bb23f341243,EXACT_OR_PRIOR
ea4ba647-d045-4e06-ae83-397c1aa0fb8d|TUITION|2026-07,ea4ba647-d045-4e06-ae83-397c1aa0fb8d,25-26,TUITION,2026.0,7.0,1500.00,2025-12-05,LEGACY_MIGRATION,ACTIVE,DIC/JUL,5237f823-c1a2-469f-93eb-6bb23f341243,EXACT_OR_PRIOR
ea4ba647-d045-4e06-ae83-397c1aa0fb8d|TUITION|2026-01,ea4ba647-d045-4e06-ae83-397c1aa0fb8d,25-26,TUITION,2026.0,1.0,1500.00,2026-01-05,LEGACY_MIGRATION,ACTIVE,ENE,5237f823-c1a2-469f-93eb-6bb23f341243,EXACT_OR_PRIOR
ea4ba647-d045-4e06-ae83-397c1aa0fb8d|TUITION|2026-02,ea4ba647-d045-4e06-ae83-397c1aa0fb8d,25-26,TUITION,2026.0,2.0,1500.00,2026-02-05,LEGACY_MIGRATION,ACTIVE,FEB,5237f823-c1a2-469f-93eb-6bb23f341243,EXACT_OR_PRIOR
ea4ba647-d045-4e06-ae83-397c1aa0fb8d|TUITION|2026-03,ea4ba647-d045-4e06-ae83-397c1aa0fb8d,25-26,TUITION,2026.0,3.0,1500.00,2026-03-05,LEGACY_MIGRATION,ACTIVE,MAR/AGO,5237f823-c1a2-469f-93eb-6bb23f341243,EXACT_OR_PRIOR
ea4ba647-d045-4e06-ae83-397c1aa0fb8d|TUITION|2026-08,ea4ba647-d045-4e06-ae83-397c1aa0fb8d,25-26,TUITION,2026.0,8.0,1500.00,2026-03-05,LEGACY_MIGRATION,ACTIVE,MAR/AGO,5237f823-c1a2-469f-93eb-6bb23f341243,EXACT_OR_PRIOR
ea4ba647-d045-4e06-ae83-397c1aa0fb8d|TUITION|2026-04,ea4ba647-d045-4e06-ae83-397c1aa0fb8d,25-26,TUITION,2026.0,4.0,1500.00,2026-04-05,LEGACY_MIGRATION,ACTIVE,ABR,5237f823-c1a2-469f-93eb-6bb23f341243,EXACT_OR_PRIOR
ea4ba647-d045-4e06-ae83-397c1aa0fb8d|TUITION|2026-05,ea4ba647-d045-4e06-ae83-397c1aa0fb8d,25-26,TUITION,2026.0,5.0,1500.00,2026-05-05,LEGACY_MIGRATION,ACTIVE,MAY,5237f823-c1a2-469f-93eb-6bb23f341243,EXACT_OR_PRIOR
ea4ba647-d045-4e06-ae83-397c1aa0fb8d|TUITION|2026-06,ea4ba647-d045-4e06-ae83-397c1aa0fb8d,25-26,TUITION,2026.0,6.0,1500.00,2026-06-05,LEGACY_MIGRATION,ACTIVE,JUN,5237f823-c1a2-469f-93eb-6bb23f341243,EXACT_OR_PRIOR
eb5427dd-f41c-4408-8815-26493a90c351|TUITION|2025-09,eb5427dd-f41c-4408-8815-26493a90c351,25-26,TUITION,2025.0,9.0,1100.00,2025-09-05,LEGACY_MIGRATION,ACTIVE,SEP,799569b8-f34e-46a2-ba91-770530945bf8,EXACT_OR_PRIOR
eb5427dd-f41c-4408-8815-26493a90c351|TUITION|2025-10,eb5427dd-f41c-4408-8815-26493a90c351,25-26,TUITION,2025.0,10.0,1100.00,2025-10-05,LEGACY_MIGRATION,ACTIVE,OCT,799569b8-f34e-46a2-ba91-770530945bf8,EXACT_OR_PRIOR
eb5427dd-f41c-4408-8815-26493a90c351|TUITION|2025-11,eb5427dd-f41c-4408-8815-26493a90c351,25-26,TUITION,2025.0,11.0,1100.00,2025-11-05,LEGACY_MIGRATION,ACTIVE,NOV,799569b8-f34e-46a2-ba91-770530945bf8,EXACT_OR_PRIOR
eb5427dd-f41c-4408-8815-26493a90c351|TUITION|2025-12,eb5427dd-f41c-4408-8815-26493a90c351,25-26,TUITION,2025.0,12.0,1100.00,2025-12-05,LEGACY_MIGRATION,ACTIVE,DIC/JUL,799569b8-f34e-46a2-ba91-770530945bf8,EXACT_OR_PRIOR
eb5427dd-f41c-4408-8815-26493a90c351|TUITION|2026-07,eb5427dd-f41c-4408-8815-26493a90c351,25-26,TUITION,2026.0,7.0,1100.00,2025-12-05,LEGACY_MIGRATION,ACTIVE,DIC/JUL,799569b8-f34e-46a2-ba91-770530945bf8,EXACT_OR_PRIOR
edd2b7ac-5bca-4650-8c2e-75f65e70849f|TUITION|2025-09,edd2b7ac-5bca-4650-8c2e-75f65e70849f,25-26,TUITION,2025.0,9.0,1200.00,2025-09-05,LEGACY_MIGRATION,ACTIVE,SEP,555eb055-6d0a-4b79-b305-4e4aca9e51ca,EXACT_OR_PRIOR
edd2b7ac-5bca-4650-8c2e-75f65e70849f|TUITION|2025-10,edd2b7ac-5bca-4650-8c2e-75f65e70849f,25-26,TUITION,2025.0,10.0,1200.00,2025-10-05,LEGACY_MIGRATION,ACTIVE,OCT,555eb055-6d0a-4b79-b305-4e4aca9e51ca,EXACT_OR_PRIOR
edd2b7ac-5bca-4650-8c2e-75f65e70849f|TUITION|2025-11,edd2b7ac-5bca-4650-8c2e-75f65e70849f,25-26,TUITION,2025.0,11.0,1200.00,2025-11-05,LEGACY_MIGRATION,ACTIVE,NOV,555eb055-6d0a-4b79-b305-4e4aca9e51ca,EXACT_OR_PRIOR
edd2b7ac-5bca-4650-8c2e-75f65e70849f|TUITION|2025-12,edd2b7ac-5bca-4650-8c2e-75f65e70849f,25-26,TUITION,2025.0,12.0,1200.00,2025-12-05,LEGACY_MIGRATION,ACTIVE,DIC/JUL,555eb055-6d0a-4b79-b305-4e4aca9e51ca,EXACT_OR_PRIOR
edd2b7ac-5bca-4650-8c2e-75f65e70849f|TUITION|2026-07,edd2b7ac-5bca-4650-8c2e-75f65e70849f,25-26,TUITION,2026.0,7.0,1200.00,2025-12-05,LEGACY_MIGRATION,ACTIVE,DIC/JUL,555eb055-6d0a-4b79-b305-4e4aca9e51ca,EXACT_OR_PRIOR
edd2b7ac-5bca-4650-8c2e-75f65e70849f|TUITION|2026-01,edd2b7ac-5bca-4650-8c2e-75f65e70849f,25-26,TUITION,2026.0,1.0,1200.00,2026-01-05,LEGACY_MIGRATION,ACTIVE,ENE,555eb055-6d0a-4b79-b305-4e4aca9e51ca,EXACT_OR_PRIOR
edd2b7ac-5bca-4650-8c2e-75f65e70849f|TUITION|2026-02,edd2b7ac-5bca-4650-8c2e-75f65e70849f,25-26,TUITION,2026.0,2.0,1200.00,2026-02-05,LEGACY_MIGRATION,ACTIVE,FEB,555eb055-6d0a-4b79-b305-4e4aca9e51ca,EXACT_OR_PRIOR
edd2b7ac-5bca-4650-8c2e-75f65e70849f|TUITION|2026-03,edd2b7ac-5bca-4650-8c2e-75f65e70849f,25-26,TUITION,2026.0,3.0,1200.00,2026-03-05,LEGACY_MIGRATION,ACTIVE,MAR/AGO,555eb055-6d0a-4b79-b305-4e4aca9e51ca,EXACT_OR_PRIOR
edd2b7ac-5bca-4650-8c2e-75f65e70849f|TUITION|2026-08,edd2b7ac-5bca-4650-8c2e-75f65e70849f,25-26,TUITION,2026.0,8.0,1200.00,2026-03-05,LEGACY_MIGRATION,ACTIVE,MAR/AGO,555eb055-6d0a-4b79-b305-4e4aca9e51ca,EXACT_OR_PRIOR
edd2b7ac-5bca-4650-8c2e-75f65e70849f|TUITION|2026-04,edd2b7ac-5bca-4650-8c2e-75f65e70849f,25-26,TUITION,2026.0,4.0,1200.00,2026-04-05,LEGACY_MIGRATION,ACTIVE,ABR,555eb055-6d0a-4b79-b305-4e4aca9e51ca,EXACT_OR_PRIOR
edd2b7ac-5bca-4650-8c2e-75f65e70849f|TUITION|2026-05,edd2b7ac-5bca-4650-8c2e-75f65e70849f,25-26,TUITION,2026.0,5.0,1200.00,2026-05-05,LEGACY_MIGRATION,ACTIVE,MAY,555eb055-6d0a-4b79-b305-4e4aca9e51ca,EXACT_OR_PRIOR
edd2b7ac-5bca-4650-8c2e-75f65e70849f|TUITION|2026-06,edd2b7ac-5bca-4650-8c2e-75f65e70849f,25-26,TUITION,2026.0,6.0,1200.00,2026-06-05,LEGACY_MIGRATION,ACTIVE,JUN,555eb055-6d0a-4b79-b305-4e4aca9e51ca,EXACT_OR_PRIOR
f0fe1f2d-d8f7-4f5d-b713-d15b3cc1f577|TUITION|2025-09,f0fe1f2d-d8f7-4f5d-b713-d15b3cc1f577,25-26,TUITION,2025.0,9.0,1100.00,2025-09-05,LEGACY_MIGRATION,ACTIVE,SEP,f4b98178-13c5-483f-b3f9-4d1d1eb193ba,EXACT_OR_PRIOR
f0fe1f2d-d8f7-4f5d-b713-d15b3cc1f577|TUITION|2025-10,f0fe1f2d-d8f7-4f5d-b713-d15b3cc1f577,25-26,TUITION,2025.0,10.0,1100.00,2025-10-05,LEGACY_MIGRATION,ACTIVE,OCT,f4b98178-13c5-483f-b3f9-4d1d1eb193ba,EXACT_OR_PRIOR
f0fe1f2d-d8f7-4f5d-b713-d15b3cc1f577|TUITION|2025-11,f0fe1f2d-d8f7-4f5d-b713-d15b3cc1f577,25-26,TUITION,2025.0,11.0,1100.00,2025-11-05,LEGACY_MIGRATION,ACTIVE,NOV,f4b98178-13c5-483f-b3f9-4d1d1eb193ba,EXACT_OR_PRIOR
f0fe1f2d-d8f7-4f5d-b713-d15b3cc1f577|TUITION|2025-12,f0fe1f2d-d8f7-4f5d-b713-d15b3cc1f577,25-26,TUITION,2025.0,12.0,1100.00,2025-12-05,LEGACY_MIGRATION,ACTIVE,DIC/JUL,f4b98178-13c5-483f-b3f9-4d1d1eb193ba,EXACT_OR_PRIOR
f0fe1f2d-d8f7-4f5d-b713-d15b3cc1f577|TUITION|2026-07,f0fe1f2d-d8f7-4f5d-b713-d15b3cc1f577,25-26,TUITION,2026.0,7.0,1100.00,2025-12-05,LEGACY_MIGRATION,ACTIVE,DIC/JUL,f4b98178-13c5-483f-b3f9-4d1d1eb193ba,EXACT_OR_PRIOR
f425a981-e85a-4cb0-95a0-1de810c18a53|TUITION|2025-09,f425a981-e85a-4cb0-95a0-1de810c18a53,25-26,TUITION,2025.0,9.0,1000.00,2025-09-05,LEGACY_MIGRATION,ACTIVE,SEP,1ae474a6-5637-4f41-8dc6-bec3e89878db,EXACT_OR_PRIOR
f425a981-e85a-4cb0-95a0-1de810c18a53|TUITION|2025-10,f425a981-e85a-4cb0-95a0-1de810c18a53,25-26,TUITION,2025.0,10.0,1000.00,2025-10-05,LEGACY_MIGRATION,ACTIVE,OCT,1ae474a6-5637-4f41-8dc6-bec3e89878db,EXACT_OR_PRIOR
f425a981-e85a-4cb0-95a0-1de810c18a53|TUITION|2025-11,f425a981-e85a-4cb0-95a0-1de810c18a53,25-26,TUITION,2025.0,11.0,1000.00,2025-11-05,LEGACY_MIGRATION,ACTIVE,NOV,1ae474a6-5637-4f41-8dc6-bec3e89878db,EXACT_OR_PRIOR
f425a981-e85a-4cb0-95a0-1de810c18a53|TUITION|2025-12,f425a981-e85a-4cb0-95a0-1de810c18a53,25-26,TUITION,2025.0,12.0,1000.00,2025-12-05,LEGACY_MIGRATION,ACTIVE,DIC/JUL,1ae474a6-5637-4f41-8dc6-bec3e89878db,EXACT_OR_PRIOR
f425a981-e85a-4cb0-95a0-1de810c18a53|TUITION|2026-07,f425a981-e85a-4cb0-95a0-1de810c18a53,25-26,TUITION,2026.0,7.0,1000.00,2025-12-05,LEGACY_MIGRATION,ACTIVE,DIC/JUL,1ae474a6-5637-4f41-8dc6-bec3e89878db,EXACT_OR_PRIOR
f425a981-e85a-4cb0-95a0-1de810c18a53|TUITION|2026-01,f425a981-e85a-4cb0-95a0-1de810c18a53,25-26,TUITION,2026.0,1.0,1000.00,2026-01-05,LEGACY_MIGRATION,ACTIVE,ENE,1ae474a6-5637-4f41-8dc6-bec3e89878db,EXACT_OR_PRIOR
f425a981-e85a-4cb0-95a0-1de810c18a53|TUITION|2026-02,f425a981-e85a-4cb0-95a0-1de810c18a53,25-26,TUITION,2026.0,2.0,1000.00,2026-02-05,LEGACY_MIGRATION,ACTIVE,FEB,1ae474a6-5637-4f41-8dc6-bec3e89878db,EXACT_OR_PRIOR
f425a981-e85a-4cb0-95a0-1de810c18a53|TUITION|2026-03,f425a981-e85a-4cb0-95a0-1de810c18a53,25-26,TUITION,2026.0,3.0,1000.00,2026-03-05,LEGACY_MIGRATION,ACTIVE,MAR/AGO,1ae474a6-5637-4f41-8dc6-bec3e89878db,EXACT_OR_PRIOR
f425a981-e85a-4cb0-95a0-1de810c18a53|TUITION|2026-08,f425a981-e85a-4cb0-95a0-1de810c18a53,25-26,TUITION,2026.0,8.0,1000.00,2026-03-05,LEGACY_MIGRATION,ACTIVE,MAR/AGO,1ae474a6-5637-4f41-8dc6-bec3e89878db,EXACT_OR_PRIOR
f425a981-e85a-4cb0-95a0-1de810c18a53|TUITION|2026-04,f425a981-e85a-4cb0-95a0-1de810c18a53,25-26,TUITION,2026.0,4.0,1000.00,2026-04-05,LEGACY_MIGRATION,ACTIVE,ABR,1ae474a6-5637-4f41-8dc6-bec3e89878db,EXACT_OR_PRIOR
f425a981-e85a-4cb0-95a0-1de810c18a53|TUITION|2026-05,f425a981-e85a-4cb0-95a0-1de810c18a53,25-26,TUITION,2026.0,5.0,1000.00,2026-05-05,LEGACY_MIGRATION,ACTIVE,MAY,1ae474a6-5637-4f41-8dc6-bec3e89878db,EXACT_OR_PRIOR
f425a981-e85a-4cb0-95a0-1de810c18a53|TUITION|2026-06,f425a981-e85a-4cb0-95a0-1de810c18a53,25-26,TUITION,2026.0,6.0,1000.00,2026-06-05,LEGACY_MIGRATION,ACTIVE,JUN,1ae474a6-5637-4f41-8dc6-bec3e89878db,EXACT_OR_PRIOR
f55dbff7-6831-4d96-8262-f103ccf4bd43|TUITION|2025-09,f55dbff7-6831-4d96-8262-f103ccf4bd43,25-26,TUITION,2025.0,9.0,1200.00,2025-09-05,LEGACY_MIGRATION,ACTIVE,SEP,4d32d711-8215-4e14-93e1-f7cddb4fe3b9,EXACT_OR_PRIOR
f55dbff7-6831-4d96-8262-f103ccf4bd43|TUITION|2025-10,f55dbff7-6831-4d96-8262-f103ccf4bd43,25-26,TUITION,2025.0,10.0,1200.00,2025-10-05,LEGACY_MIGRATION,ACTIVE,OCT,4d32d711-8215-4e14-93e1-f7cddb4fe3b9,EXACT_OR_PRIOR
f55dbff7-6831-4d96-8262-f103ccf4bd43|TUITION|2025-11,f55dbff7-6831-4d96-8262-f103ccf4bd43,25-26,TUITION,2025.0,11.0,1200.00,2025-11-05,LEGACY_MIGRATION,ACTIVE,NOV,4d32d711-8215-4e14-93e1-f7cddb4fe3b9,EXACT_OR_PRIOR
f55dbff7-6831-4d96-8262-f103ccf4bd43|TUITION|2025-12,f55dbff7-6831-4d96-8262-f103ccf4bd43,25-26,TUITION,2025.0,12.0,1200.00,2025-12-05,LEGACY_MIGRATION,ACTIVE,DIC/JUL,4d32d711-8215-4e14-93e1-f7cddb4fe3b9,EXACT_OR_PRIOR
f55dbff7-6831-4d96-8262-f103ccf4bd43|TUITION|2026-07,f55dbff7-6831-4d96-8262-f103ccf4bd43,25-26,TUITION,2026.0,7.0,1200.00,2025-12-05,LEGACY_MIGRATION,ACTIVE,DIC/JUL,4d32d711-8215-4e14-93e1-f7cddb4fe3b9,EXACT_OR_PRIOR
f55dbff7-6831-4d96-8262-f103ccf4bd43|TUITION|2026-01,f55dbff7-6831-4d96-8262-f103ccf4bd43,25-26,TUITION,2026.0,1.0,1200.00,2026-01-05,LEGACY_MIGRATION,ACTIVE,ENE,4d32d711-8215-4e14-93e1-f7cddb4fe3b9,EXACT_OR_PRIOR
f55dbff7-6831-4d96-8262-f103ccf4bd43|TUITION|2026-02,f55dbff7-6831-4d96-8262-f103ccf4bd43,25-26,TUITION,2026.0,2.0,1200.00,2026-02-05,LEGACY_MIGRATION,ACTIVE,FEB,4d32d711-8215-4e14-93e1-f7cddb4fe3b9,EXACT_OR_PRIOR
f55dbff7-6831-4d96-8262-f103ccf4bd43|TUITION|2026-03,f55dbff7-6831-4d96-8262-f103ccf4bd43,25-26,TUITION,2026.0,3.0,1200.00,2026-03-05,LEGACY_MIGRATION,ACTIVE,MAR/AGO,4d32d711-8215-4e14-93e1-f7cddb4fe3b9,EXACT_OR_PRIOR
f55dbff7-6831-4d96-8262-f103ccf4bd43|TUITION|2026-08,f55dbff7-6831-4d96-8262-f103ccf4bd43,25-26,TUITION,2026.0,8.0,1200.00,2026-03-05,LEGACY_MIGRATION,ACTIVE,MAR/AGO,4d32d711-8215-4e14-93e1-f7cddb4fe3b9,EXACT_OR_PRIOR
f55dbff7-6831-4d96-8262-f103ccf4bd43|TUITION|2026-04,f55dbff7-6831-4d96-8262-f103ccf4bd43,25-26,TUITION,2026.0,4.0,1200.00,2026-04-05,LEGACY_MIGRATION,ACTIVE,ABR,4d32d711-8215-4e14-93e1-f7cddb4fe3b9,EXACT_OR_PRIOR
f55dbff7-6831-4d96-8262-f103ccf4bd43|TUITION|2026-05,f55dbff7-6831-4d96-8262-f103ccf4bd43,25-26,TUITION,2026.0,5.0,1200.00,2026-05-05,LEGACY_MIGRATION,ACTIVE,MAY,4d32d711-8215-4e14-93e1-f7cddb4fe3b9,EXACT_OR_PRIOR
f55dbff7-6831-4d96-8262-f103ccf4bd43|TUITION|2026-06,f55dbff7-6831-4d96-8262-f103ccf4bd43,25-26,TUITION,2026.0,6.0,1200.00,2026-06-05,LEGACY_MIGRATION,ACTIVE,JUN,4d32d711-8215-4e14-93e1-f7cddb4fe3b9,EXACT_OR_PRIOR
f5bb300e-d8ed-4cca-b176-cb11e46338bd|TUITION|2025-09,f5bb300e-d8ed-4cca-b176-cb11e46338bd,25-26,TUITION,2025.0,9.0,1400.00,2025-09-05,LEGACY_MIGRATION,ACTIVE,SEP,c7e15bfd-105a-493c-9954-a0e011af5f75,EXACT_OR_PRIOR
f5bb300e-d8ed-4cca-b176-cb11e46338bd|TUITION|2025-10,f5bb300e-d8ed-4cca-b176-cb11e46338bd,25-26,TUITION,2025.0,10.0,1400.00,2025-10-05,LEGACY_MIGRATION,ACTIVE,OCT,c7e15bfd-105a-493c-9954-a0e011af5f75,EXACT_OR_PRIOR
f5bb300e-d8ed-4cca-b176-cb11e46338bd|TUITION|2025-11,f5bb300e-d8ed-4cca-b176-cb11e46338bd,25-26,TUITION,2025.0,11.0,1400.00,2025-11-05,LEGACY_MIGRATION,ACTIVE,NOV,c7e15bfd-105a-493c-9954-a0e011af5f75,EXACT_OR_PRIOR
f5bb300e-d8ed-4cca-b176-cb11e46338bd|TUITION|2025-12,f5bb300e-d8ed-4cca-b176-cb11e46338bd,25-26,TUITION,2025.0,12.0,1400.00,2025-12-05,LEGACY_MIGRATION,ACTIVE,DIC/JUL,c7e15bfd-105a-493c-9954-a0e011af5f75,EXACT_OR_PRIOR
f5bb300e-d8ed-4cca-b176-cb11e46338bd|TUITION|2026-07,f5bb300e-d8ed-4cca-b176-cb11e46338bd,25-26,TUITION,2026.0,7.0,1400.00,2025-12-05,LEGACY_MIGRATION,ACTIVE,DIC/JUL,c7e15bfd-105a-493c-9954-a0e011af5f75,EXACT_OR_PRIOR
f5bb300e-d8ed-4cca-b176-cb11e46338bd|TUITION|2026-01,f5bb300e-d8ed-4cca-b176-cb11e46338bd,25-26,TUITION,2026.0,1.0,1400.00,2026-01-05,LEGACY_MIGRATION,ACTIVE,ENE,c7e15bfd-105a-493c-9954-a0e011af5f75,EXACT_OR_PRIOR
f5bb300e-d8ed-4cca-b176-cb11e46338bd|TUITION|2026-02,f5bb300e-d8ed-4cca-b176-cb11e46338bd,25-26,TUITION,2026.0,2.0,1400.00,2026-02-05,LEGACY_MIGRATION,ACTIVE,FEB,c7e15bfd-105a-493c-9954-a0e011af5f75,EXACT_OR_PRIOR
f5bb300e-d8ed-4cca-b176-cb11e46338bd|TUITION|2026-03,f5bb300e-d8ed-4cca-b176-cb11e46338bd,25-26,TUITION,2026.0,3.0,1400.00,2026-03-05,LEGACY_MIGRATION,ACTIVE,MAR/AGO,c7e15bfd-105a-493c-9954-a0e011af5f75,EXACT_OR_PRIOR
f5bb300e-d8ed-4cca-b176-cb11e46338bd|TUITION|2026-08,f5bb300e-d8ed-4cca-b176-cb11e46338bd,25-26,TUITION,2026.0,8.0,1400.00,2026-03-05,LEGACY_MIGRATION,ACTIVE,MAR/AGO,c7e15bfd-105a-493c-9954-a0e011af5f75,EXACT_OR_PRIOR
f5bb300e-d8ed-4cca-b176-cb11e46338bd|TUITION|2026-04,f5bb300e-d8ed-4cca-b176-cb11e46338bd,25-26,TUITION,2026.0,4.0,1400.00,2026-04-05,LEGACY_MIGRATION,ACTIVE,ABR,c7e15bfd-105a-493c-9954-a0e011af5f75,EXACT_OR_PRIOR
f5bb300e-d8ed-4cca-b176-cb11e46338bd|TUITION|2026-05,f5bb300e-d8ed-4cca-b176-cb11e46338bd,25-26,TUITION,2026.0,5.0,1400.00,2026-05-05,LEGACY_MIGRATION,ACTIVE,MAY,c7e15bfd-105a-493c-9954-a0e011af5f75,EXACT_OR_PRIOR
f5bb300e-d8ed-4cca-b176-cb11e46338bd|TUITION|2026-06,f5bb300e-d8ed-4cca-b176-cb11e46338bd,25-26,TUITION,2026.0,6.0,1400.00,2026-06-05,LEGACY_MIGRATION,ACTIVE,JUN,c7e15bfd-105a-493c-9954-a0e011af5f75,EXACT_OR_PRIOR
f618e808-f64d-40f7-ac44-d3b6ddc0f0a7|TUITION|2025-09,f618e808-f64d-40f7-ac44-d3b6ddc0f0a7,25-26,TUITION,2025.0,9.0,1500.00,2025-09-05,LEGACY_MIGRATION,ACTIVE,SEP,7f0b9545-1c90-4fda-a175-6fe8838d9536,EXACT_OR_PRIOR
f618e808-f64d-40f7-ac44-d3b6ddc0f0a7|TUITION|2025-10,f618e808-f64d-40f7-ac44-d3b6ddc0f0a7,25-26,TUITION,2025.0,10.0,1500.00,2025-10-05,LEGACY_MIGRATION,ACTIVE,OCT,7f0b9545-1c90-4fda-a175-6fe8838d9536,EXACT_OR_PRIOR
f618e808-f64d-40f7-ac44-d3b6ddc0f0a7|TUITION|2025-11,f618e808-f64d-40f7-ac44-d3b6ddc0f0a7,25-26,TUITION,2025.0,11.0,1500.00,2025-11-05,LEGACY_MIGRATION,ACTIVE,NOV,7f0b9545-1c90-4fda-a175-6fe8838d9536,EXACT_OR_PRIOR
f618e808-f64d-40f7-ac44-d3b6ddc0f0a7|TUITION|2025-12,f618e808-f64d-40f7-ac44-d3b6ddc0f0a7,25-26,TUITION,2025.0,12.0,1500.00,2025-12-05,LEGACY_MIGRATION,ACTIVE,DIC/JUL,7f0b9545-1c90-4fda-a175-6fe8838d9536,EXACT_OR_PRIOR
f618e808-f64d-40f7-ac44-d3b6ddc0f0a7|TUITION|2026-07,f618e808-f64d-40f7-ac44-d3b6ddc0f0a7,25-26,TUITION,2026.0,7.0,1500.00,2025-12-05,LEGACY_MIGRATION,ACTIVE,DIC/JUL,7f0b9545-1c90-4fda-a175-6fe8838d9536,EXACT_OR_PRIOR
f618e808-f64d-40f7-ac44-d3b6ddc0f0a7|TUITION|2026-01,f618e808-f64d-40f7-ac44-d3b6ddc0f0a7,25-26,TUITION,2026.0,1.0,1500.00,2026-01-05,LEGACY_MIGRATION,ACTIVE,ENE,7f0b9545-1c90-4fda-a175-6fe8838d9536,EXACT_OR_PRIOR
f618e808-f64d-40f7-ac44-d3b6ddc0f0a7|TUITION|2026-02,f618e808-f64d-40f7-ac44-d3b6ddc0f0a7,25-26,TUITION,2026.0,2.0,1500.00,2026-02-05,LEGACY_MIGRATION,ACTIVE,FEB,7f0b9545-1c90-4fda-a175-6fe8838d9536,EXACT_OR_PRIOR
f618e808-f64d-40f7-ac44-d3b6ddc0f0a7|TUITION|2026-03,f618e808-f64d-40f7-ac44-d3b6ddc0f0a7,25-26,TUITION,2026.0,3.0,1500.00,2026-03-05,LEGACY_MIGRATION,ACTIVE,MAR/AGO,7f0b9545-1c90-4fda-a175-6fe8838d9536,EXACT_OR_PRIOR
f618e808-f64d-40f7-ac44-d3b6ddc0f0a7|TUITION|2026-08,f618e808-f64d-40f7-ac44-d3b6ddc0f0a7,25-26,TUITION,2026.0,8.0,1500.00,2026-03-05,LEGACY_MIGRATION,ACTIVE,MAR/AGO,7f0b9545-1c90-4fda-a175-6fe8838d9536,EXACT_OR_PRIOR
f618e808-f64d-40f7-ac44-d3b6ddc0f0a7|TUITION|2026-04,f618e808-f64d-40f7-ac44-d3b6ddc0f0a7,25-26,TUITION,2026.0,4.0,1500.00,2026-04-05,LEGACY_MIGRATION,ACTIVE,ABR,7f0b9545-1c90-4fda-a175-6fe8838d9536,EXACT_OR_PRIOR
f618e808-f64d-40f7-ac44-d3b6ddc0f0a7|TUITION|2026-05,f618e808-f64d-40f7-ac44-d3b6ddc0f0a7,25-26,TUITION,2026.0,5.0,1500.00,2026-05-05,LEGACY_MIGRATION,ACTIVE,MAY,7f0b9545-1c90-4fda-a175-6fe8838d9536,EXACT_OR_PRIOR
f618e808-f64d-40f7-ac44-d3b6ddc0f0a7|TUITION|2026-06,f618e808-f64d-40f7-ac44-d3b6ddc0f0a7,25-26,TUITION,2026.0,6.0,1500.00,2026-06-05,LEGACY_MIGRATION,ACTIVE,JUN,7f0b9545-1c90-4fda-a175-6fe8838d9536,EXACT_OR_PRIOR
f9b527e1-7319-4c6c-b3bf-431bf9843bfb|TUITION|2025-09,f9b527e1-7319-4c6c-b3bf-431bf9843bfb,25-26,TUITION,2025.0,9.0,0.00,2025-09-05,LEGACY_MIGRATION,ACTIVE,SEP,f5161deb-f426-4945-acdf-95d21a3668dc,EXACT_OR_PRIOR
f9b527e1-7319-4c6c-b3bf-431bf9843bfb|TUITION|2025-10,f9b527e1-7319-4c6c-b3bf-431bf9843bfb,25-26,TUITION,2025.0,10.0,0.00,2025-10-05,LEGACY_MIGRATION,ACTIVE,OCT,f5161deb-f426-4945-acdf-95d21a3668dc,EXACT_OR_PRIOR
f9b527e1-7319-4c6c-b3bf-431bf9843bfb|TUITION|2025-11,f9b527e1-7319-4c6c-b3bf-431bf9843bfb,25-26,TUITION,2025.0,11.0,0.00,2025-11-05,LEGACY_MIGRATION,ACTIVE,NOV,f5161deb-f426-4945-acdf-95d21a3668dc,EXACT_OR_PRIOR
f9b527e1-7319-4c6c-b3bf-431bf9843bfb|TUITION|2025-12,f9b527e1-7319-4c6c-b3bf-431bf9843bfb,25-26,TUITION,2025.0,12.0,0.00,2025-12-05,LEGACY_MIGRATION,ACTIVE,DIC/JUL,f5161deb-f426-4945-acdf-95d21a3668dc,EXACT_OR_PRIOR
f9b527e1-7319-4c6c-b3bf-431bf9843bfb|TUITION|2026-07,f9b527e1-7319-4c6c-b3bf-431bf9843bfb,25-26,TUITION,2026.0,7.0,0.00,2025-12-05,LEGACY_MIGRATION,ACTIVE,DIC/JUL,f5161deb-f426-4945-acdf-95d21a3668dc,EXACT_OR_PRIOR
f9b527e1-7319-4c6c-b3bf-431bf9843bfb|TUITION|2026-01,f9b527e1-7319-4c6c-b3bf-431bf9843bfb,25-26,TUITION,2026.0,1.0,0.00,2026-01-05,LEGACY_MIGRATION,ACTIVE,ENE,f5161deb-f426-4945-acdf-95d21a3668dc,EXACT_OR_PRIOR
f9b527e1-7319-4c6c-b3bf-431bf9843bfb|TUITION|2026-02,f9b527e1-7319-4c6c-b3bf-431bf9843bfb,25-26,TUITION,2026.0,2.0,0.00,2026-02-05,LEGACY_MIGRATION,ACTIVE,FEB,f5161deb-f426-4945-acdf-95d21a3668dc,EXACT_OR_PRIOR
f9b527e1-7319-4c6c-b3bf-431bf9843bfb|TUITION|2026-03,f9b527e1-7319-4c6c-b3bf-431bf9843bfb,25-26,TUITION,2026.0,3.0,0.00,2026-03-05,LEGACY_MIGRATION,ACTIVE,MAR/AGO,f5161deb-f426-4945-acdf-95d21a3668dc,EXACT_OR_PRIOR
f9b527e1-7319-4c6c-b3bf-431bf9843bfb|TUITION|2026-08,f9b527e1-7319-4c6c-b3bf-431bf9843bfb,25-26,TUITION,2026.0,8.0,0.00,2026-03-05,LEGACY_MIGRATION,ACTIVE,MAR/AGO,f5161deb-f426-4945-acdf-95d21a3668dc,EXACT_OR_PRIOR
f9b527e1-7319-4c6c-b3bf-431bf9843bfb|TUITION|2026-04,f9b527e1-7319-4c6c-b3bf-431bf9843bfb,25-26,TUITION,2026.0,4.0,0.00,2026-04-05,LEGACY_MIGRATION,ACTIVE,ABR,f5161deb-f426-4945-acdf-95d21a3668dc,EXACT_OR_PRIOR
f9b527e1-7319-4c6c-b3bf-431bf9843bfb|TUITION|2026-05,f9b527e1-7319-4c6c-b3bf-431bf9843bfb,25-26,TUITION,2026.0,5.0,0.00,2026-05-05,LEGACY_MIGRATION,ACTIVE,MAY,f5161deb-f426-4945-acdf-95d21a3668dc,EXACT_OR_PRIOR
f9b527e1-7319-4c6c-b3bf-431bf9843bfb|TUITION|2026-06,f9b527e1-7319-4c6c-b3bf-431bf9843bfb,25-26,TUITION,2026.0,6.0,0.00,2026-06-05,LEGACY_MIGRATION,ACTIVE,JUN,f5161deb-f426-4945-acdf-95d21a3668dc,EXACT_OR_PRIOR
fa437269-6375-40e4-87dc-f133c454a67b|TUITION|2025-09,fa437269-6375-40e4-87dc-f133c454a67b,25-26,TUITION,2025.0,9.0,900.00,2025-09-05,LEGACY_MIGRATION,ACTIVE,SEP,35c29cda-b0b5-40ad-93ae-c1e6892a3060,EXACT_OR_PRIOR
fa437269-6375-40e4-87dc-f133c454a67b|TUITION|2025-10,fa437269-6375-40e4-87dc-f133c454a67b,25-26,TUITION,2025.0,10.0,900.00,2025-10-05,LEGACY_MIGRATION,ACTIVE,OCT,35c29cda-b0b5-40ad-93ae-c1e6892a3060,EXACT_OR_PRIOR
fa437269-6375-40e4-87dc-f133c454a67b|TUITION|2025-11,fa437269-6375-40e4-87dc-f133c454a67b,25-26,TUITION,2025.0,11.0,900.00,2025-11-05,LEGACY_MIGRATION,ACTIVE,NOV,35c29cda-b0b5-40ad-93ae-c1e6892a3060,EXACT_OR_PRIOR
fa437269-6375-40e4-87dc-f133c454a67b|TUITION|2025-12,fa437269-6375-40e4-87dc-f133c454a67b,25-26,TUITION,2025.0,12.0,900.00,2025-12-05,LEGACY_MIGRATION,ACTIVE,DIC/JUL,35c29cda-b0b5-40ad-93ae-c1e6892a3060,EXACT_OR_PRIOR
fa437269-6375-40e4-87dc-f133c454a67b|TUITION|2026-07,fa437269-6375-40e4-87dc-f133c454a67b,25-26,TUITION,2026.0,7.0,900.00,2025-12-05,LEGACY_MIGRATION,ACTIVE,DIC/JUL,35c29cda-b0b5-40ad-93ae-c1e6892a3060,EXACT_OR_PRIOR
fa437269-6375-40e4-87dc-f133c454a67b|TUITION|2026-01,fa437269-6375-40e4-87dc-f133c454a67b,25-26,TUITION,2026.0,1.0,900.00,2026-01-05,LEGACY_MIGRATION,ACTIVE,ENE,35c29cda-b0b5-40ad-93ae-c1e6892a3060,EXACT_OR_PRIOR
fa437269-6375-40e4-87dc-f133c454a67b|TUITION|2026-02,fa437269-6375-40e4-87dc-f133c454a67b,25-26,TUITION,2026.0,2.0,900.00,2026-02-05,LEGACY_MIGRATION,ACTIVE,FEB,35c29cda-b0b5-40ad-93ae-c1e6892a3060,EXACT_OR_PRIOR
fa437269-6375-40e4-87dc-f133c454a67b|TUITION|2026-03,fa437269-6375-40e4-87dc-f133c454a67b,25-26,TUITION,2026.0,3.0,900.00,2026-03-05,LEGACY_MIGRATION,ACTIVE,MAR/AGO,35c29cda-b0b5-40ad-93ae-c1e6892a3060,EXACT_OR_PRIOR
fa437269-6375-40e4-87dc-f133c454a67b|TUITION|2026-08,fa437269-6375-40e4-87dc-f133c454a67b,25-26,TUITION,2026.0,8.0,900.00,2026-03-05,LEGACY_MIGRATION,ACTIVE,MAR/AGO,35c29cda-b0b5-40ad-93ae-c1e6892a3060,EXACT_OR_PRIOR
fa437269-6375-40e4-87dc-f133c454a67b|TUITION|2026-04,fa437269-6375-40e4-87dc-f133c454a67b,25-26,TUITION,2026.0,4.0,900.00,2026-04-05,LEGACY_MIGRATION,ACTIVE,ABR,35c29cda-b0b5-40ad-93ae-c1e6892a3060,EXACT_OR_PRIOR
fa437269-6375-40e4-87dc-f133c454a67b|TUITION|2026-05,fa437269-6375-40e4-87dc-f133c454a67b,25-26,TUITION,2026.0,5.0,900.00,2026-05-05,LEGACY_MIGRATION,ACTIVE,MAY,35c29cda-b0b5-40ad-93ae-c1e6892a3060,EXACT_OR_PRIOR
fa437269-6375-40e4-87dc-f133c454a67b|TUITION|2026-06,fa437269-6375-40e4-87dc-f133c454a67b,25-26,TUITION,2026.0,6.0,900.00,2026-06-05,LEGACY_MIGRATION,ACTIVE,JUN,35c29cda-b0b5-40ad-93ae-c1e6892a3060,EXACT_OR_PRIOR
fdee6234-bf6d-4d45-bbd4-731a1c453987|TUITION|2025-09,fdee6234-bf6d-4d45-bbd4-731a1c453987,25-26,TUITION,2025.0,9.0,950.00,2025-09-05,LEGACY_MIGRATION,ACTIVE,SEP,cc76f11e-c264-4a6c-b791-b84342214023,EXACT_OR_PRIOR
fdee6234-bf6d-4d45-bbd4-731a1c453987|TUITION|2025-10,fdee6234-bf6d-4d45-bbd4-731a1c453987,25-26,TUITION,2025.0,10.0,950.00,2025-10-05,LEGACY_MIGRATION,ACTIVE,OCT,cc76f11e-c264-4a6c-b791-b84342214023,EXACT_OR_PRIOR
fdee6234-bf6d-4d45-bbd4-731a1c453987|TUITION|2025-11,fdee6234-bf6d-4d45-bbd4-731a1c453987,25-26,TUITION,2025.0,11.0,950.00,2025-11-05,LEGACY_MIGRATION,ACTIVE,NOV,cc76f11e-c264-4a6c-b791-b84342214023,EXACT_OR_PRIOR
fdee6234-bf6d-4d45-bbd4-731a1c453987|TUITION|2025-12,fdee6234-bf6d-4d45-bbd4-731a1c453987,25-26,TUITION,2025.0,12.0,950.00,2025-12-05,LEGACY_MIGRATION,ACTIVE,DIC/JUL,cc76f11e-c264-4a6c-b791-b84342214023,EXACT_OR_PRIOR
fdee6234-bf6d-4d45-bbd4-731a1c453987|TUITION|2026-07,fdee6234-bf6d-4d45-bbd4-731a1c453987,25-26,TUITION,2026.0,7.0,950.00,2025-12-05,LEGACY_MIGRATION,ACTIVE,DIC/JUL,cc76f11e-c264-4a6c-b791-b84342214023,EXACT_OR_PRIOR
fdee6234-bf6d-4d45-bbd4-731a1c453987|TUITION|2026-01,fdee6234-bf6d-4d45-bbd4-731a1c453987,25-26,TUITION,2026.0,1.0,950.00,2026-01-05,LEGACY_MIGRATION,ACTIVE,ENE,cc76f11e-c264-4a6c-b791-b84342214023,EXACT_OR_PRIOR
fdee6234-bf6d-4d45-bbd4-731a1c453987|TUITION|2026-02,fdee6234-bf6d-4d45-bbd4-731a1c453987,25-26,TUITION,2026.0,2.0,950.00,2026-02-05,LEGACY_MIGRATION,ACTIVE,FEB,cc76f11e-c264-4a6c-b791-b84342214023,EXACT_OR_PRIOR
fdee6234-bf6d-4d45-bbd4-731a1c453987|TUITION|2026-03,fdee6234-bf6d-4d45-bbd4-731a1c453987,25-26,TUITION,2026.0,3.0,950.00,2026-03-05,LEGACY_MIGRATION,ACTIVE,MAR/AGO,cc76f11e-c264-4a6c-b791-b84342214023,EXACT_OR_PRIOR
fdee6234-bf6d-4d45-bbd4-731a1c453987|TUITION|2026-08,fdee6234-bf6d-4d45-bbd4-731a1c453987,25-26,TUITION,2026.0,8.0,950.00,2026-03-05,LEGACY_MIGRATION,ACTIVE,MAR/AGO,cc76f11e-c264-4a6c-b791-b84342214023,EXACT_OR_PRIOR
fdee6234-bf6d-4d45-bbd4-731a1c453987|TUITION|2026-04,fdee6234-bf6d-4d45-bbd4-731a1c453987,25-26,TUITION,2026.0,4.0,950.00,2026-04-05,LEGACY_MIGRATION,ACTIVE,ABR,cc76f11e-c264-4a6c-b791-b84342214023,EXACT_OR_PRIOR
fdee6234-bf6d-4d45-bbd4-731a1c453987|TUITION|2026-05,fdee6234-bf6d-4d45-bbd4-731a1c453987,25-26,TUITION,2026.0,5.0,950.00,2026-05-05,LEGACY_MIGRATION,ACTIVE,MAY,cc76f11e-c264-4a6c-b791-b84342214023,EXACT_OR_PRIOR
fdee6234-bf6d-4d45-bbd4-731a1c453987|TUITION|2026-06,fdee6234-bf6d-4d45-bbd4-731a1c453987,25-26,TUITION,2026.0,6.0,950.00,2026-06-05,LEGACY_MIGRATION,ACTIVE,JUN,cc76f11e-c264-4a6c-b791-b84342214023,EXACT_OR_PRIOR
