legacy_charge_key,legacy_student_id,concept_code,coverage_year,coverage_month,original_amount,allocated_amount,remaining_amount,legacy_period
00fca4aa-70ed-464e-822f-6272cba1d93e|ENROLLMENT_FEE|25-26,00fca4aa-70ed-464e-822f-6272cba1d93e,ENROLLMENT_FEE,,,2500.00,2500.00,0.00,INS
02b5e8d1-89fb-4a1d-a9d3-58817df86b24|ENROLLMENT_FEE|25-26,02b5e8d1-89fb-4a1d-a9d3-58817df86b24,ENROLLMENT_FEE,,,2500.00,2500.00,0.00,INS
0489bdaf-c632-4a1f-9b8e-85dba33a74b0|ENROLLMENT_FEE|25-26,0489bdaf-c632-4a1f-9b8e-85dba33a74b0,ENROLLMENT_FEE,,,2500.00,2500.00,0.00,INS
05ea74c3-0d10-4956-90f5-22e05c155e58|ENROLLMENT_FEE|25-26,05ea74c3-0d10-4956-90f5-22e05c155e58,ENROLLMENT_FEE,,,2500.00,0.00,2500.00,INS
061d5f0c-2ec0-4698-a862-38cdd50d237d|ENROLLMENT_FEE|25-26,061d5f0c-2ec0-4698-a862-38cdd50d237d,ENROLLMENT_FEE,,,1000.00,1000.00,0.00,INS
07d3c06f-1b7d-4925-b8d6-cfb887acabb6|ENROLLMENT_FEE|25-26,07d3c06f-1b7d-4925-b8d6-cfb887acabb6,ENROLLMENT_FEE,,,2500.00,2500.00,0.00,INS
0a79ced7-bab3-44d8-89da-e166880163bd|ENROLLMENT_FEE|25-26,0a79ced7-bab3-44d8-89da-e166880163bd,ENROLLMENT_FEE,,,1100.00,1100.00,0.00,INS
0e861609-c592-4713-bfad-a86c2f7d1c00|ENROLLMENT_FEE|25-26,0e861609-c592-4713-bfad-a86c2f7d1c00,ENROLLMENT_FEE,,,2500.00,2500.00,0.00,INS
18f8e872-a787-4eef-953c-1c326065039e|ENROLLMENT_FEE|25-26,18f8e872-a787-4eef-953c-1c326065039e,ENROLLMENT_FEE,,,2500.00,2500.00,0.00,INS
1e3beb16-3079-4aaa-93fc-a0203720434d|ENROLLMENT_FEE|25-26,1e3beb16-3079-4aaa-93fc-a0203720434d,ENROLLMENT_FEE,,,2500.00,2500.00,0.00,INS
209dac48-1e05-4390-a5da-676e1ee3b311|ENROLLMENT_FEE|25-26,209dac48-1e05-4390-a5da-676e1ee3b311,ENROLLMENT_FEE,,,2500.00,2500.00,0.00,INS
2645afb7-c140-490c-b8db-c0dd4fbf6e11|ENROLLMENT_FEE|25-26,2645afb7-c140-490c-b8db-c0dd4fbf6e11,ENROLLMENT_FEE,,,2500.00,2500.00,0.00,INS
273286ee-1011-4ae2-828e-974f625a6fd2|ENROLLMENT_FEE|25-26,273286ee-1011-4ae2-828e-974f625a6fd2,ENROLLMENT_FEE,,,2500.00,1500.00,1000.00,INS
2a01ea65-7487-4834-ab23-855018d8868e|ENROLLMENT_FEE|25-26,2a01ea65-7487-4834-ab23-855018d8868e,ENROLLMENT_FEE,,,2500.00,2500.00,0.00,INS
2a0d752a-79d5-4658-bf0d-64b137383ac6|ENROLLMENT_FEE|25-26,2a0d752a-79d5-4658-bf0d-64b137383ac6,ENROLLMENT_FEE,,,1100.00,1100.00,0.00,INS
2bc201a6-4c7f-402c-9ed1-a2310ae79d3c|ENROLLMENT_FEE|25-26,2bc201a6-4c7f-402c-9ed1-a2310ae79d3c,ENROLLMENT_FEE,,,2000.00,2000.00,0.00,INS
2e6b93f5-df65-49fd-8c38-d2325e1f2a4f|ENROLLMENT_FEE|25-26,2e6b93f5-df65-49fd-8c38-d2325e1f2a4f,ENROLLMENT_FEE,,,2500.00,2500.00,0.00,INS
2fe35f28-fbab-491d-91b2-3d939e6b55bd|ENROLLMENT_FEE|25-26,2fe35f28-fbab-491d-91b2-3d939e6b55bd,ENROLLMENT_FEE,,,1100.00,1100.00,0.00,INS
317e5fd7-d8e6-4476-b348-a0a726649924|ENROLLMENT_FEE|25-26,317e5fd7-d8e6-4476-b348-a0a726649924,ENROLLMENT_FEE,,,2500.00,2500.00,0.00,INS
3523dbd3-f616-4c1d-9a52-db64d88e0b23|ENROLLMENT_FEE|25-26,3523dbd3-f616-4c1d-9a52-db64d88e0b23,ENROLLMENT_FEE,,,1100.00,1100.00,0.00,INS
37b6c311-9c1a-461e-a70b-d93557cdbc0d|ENROLLMENT_FEE|25-26,37b6c311-9c1a-461e-a70b-d93557cdbc0d,ENROLLMENT_FEE,,,2500.00,2500.00,0.00,INS
3f41b6c5-35cb-41d3-a974-762ad0f1c7f3|ENROLLMENT_FEE|25-26,3f41b6c5-35cb-41d3-a974-762ad0f1c7f3,ENROLLMENT_FEE,,,2500.00,2500.00,0.00,INS
3f6663d7-9b89-4ea2-9f06-5035caff6390|ENROLLMENT_FEE|25-26,3f6663d7-9b89-4ea2-9f06-5035caff6390,ENROLLMENT_FEE,,,2500.00,2500.00,0.00,INS
40dc866f-fce4-4635-bf68-fa98f8b87c6e|ENROLLMENT_FEE|25-26,40dc866f-fce4-4635-bf68-fa98f8b87c6e,ENROLLMENT_FEE,,,2500.00,2500.00,0.00,INS
4f28d56c-a1e3-4052-87a3-ecd1d9b0d5b6|ENROLLMENT_FEE|25-26,4f28d56c-a1e3-4052-87a3-ecd1d9b0d5b6,ENROLLMENT_FEE,,,2000.00,2000.00,0.00,INS
533aa94a-8eb8-436d-82ac-cb0d104f816e|ENROLLMENT_FEE|25-26,533aa94a-8eb8-436d-82ac-cb0d104f816e,ENROLLMENT_FEE,,,1100.00,1100.00,0.00,INS
54a3ac62-0b3d-4d6f-ae14-f7adec420285|ENROLLMENT_FEE|25-26,54a3ac62-0b3d-4d6f-ae14-f7adec420285,ENROLLMENT_FEE,,,2500.00,0.00,2500.00,INS
562676d8-327a-4012-97e1-f0cfefc685b0|ENROLLMENT_FEE|25-26,562676d8-327a-4012-97e1-f0cfefc685b0,ENROLLMENT_FEE,,,1100.00,1100.00,0.00,INS
58676041-fe76-4791-9f8b-7bc1dad83cb8|ENROLLMENT_FEE|25-26,58676041-fe76-4791-9f8b-7bc1dad83cb8,ENROLLMENT_FEE,,,2400.00,2400.00,0.00,INS
58d1397f-6c2f-4806-874f-04e5ac218830|ENROLLMENT_FEE|25-26,58d1397f-6c2f-4806-874f-04e5ac218830,ENROLLMENT_FEE,,,2500.00,0.00,2500.00,INS
58f5f801-a774-4b45-8960-aec7b7127187|ENROLLMENT_FEE|25-26,58f5f801-a774-4b45-8960-aec7b7127187,ENROLLMENT_FEE,,,2500.00,2500.00,0.00,INS
5af22e45-f9f7-4577-b07b-7ce4a7940329|ENROLLMENT_FEE|25-26,5af22e45-f9f7-4577-b07b-7ce4a7940329,ENROLLMENT_FEE,,,1100.00,1100.00,0.00,INS
5b6f10bf-24ec-4e49-8839-dbf02ee4cd75|ENROLLMENT_FEE|25-26,5b6f10bf-24ec-4e49-8839-dbf02ee4cd75,ENROLLMENT_FEE,,,1100.00,1100.00,0.00,INS
5cb7777e-5664-4929-b875-cddff5a7c18c|ENROLLMENT_FEE|25-26,5cb7777e-5664-4929-b875-cddff5a7c18c,ENROLLMENT_FEE,,,2500.00,2500.00,0.00,INS
61565b9f-a82a-49cf-aa9f-3e7df8d7889c|ENROLLMENT_FEE|25-26,61565b9f-a82a-49cf-aa9f-3e7df8d7889c,ENROLLMENT_FEE,,,2500.00,0.00,2500.00,INS
61ed3b0d-3542-46bc-a02d-4f73b36cffd3|ENROLLMENT_FEE|25-26,61ed3b0d-3542-46bc-a02d-4f73b36cffd3,ENROLLMENT_FEE,,,1100.00,1100.00,0.00,INS
64b7b8c4-c418-4b27-8aa7-31c44d2850f4|ENROLLMENT_FEE|25-26,64b7b8c4-c418-4b27-8aa7-31c44d2850f4,ENROLLMENT_FEE,,,2500.00,2500.00,0.00,INS
6539fe6a-8f3f-4a06-aa20-dbb71a0a4ccb|ENROLLMENT_FEE|25-26,6539fe6a-8f3f-4a06-aa20-dbb71a0a4ccb,ENROLLMENT_FEE,,,2500.00,2500.00,0.00,INS
69450844-df68-4eb9-a465-967c31417074|ENROLLMENT_FEE|25-26,69450844-df68-4eb9-a465-967c31417074,ENROLLMENT_FEE,,,1100.00,1100.00,0.00,INS
6a9b25d0-e6e4-4cf2-94ef-4ba0a59c5b2d|ENROLLMENT_FEE|25-26,6a9b25d0-e6e4-4cf2-94ef-4ba0a59c5b2d,ENROLLMENT_FEE,,,1100.00,1100.00,0.00,INS
6d484f92-07ed-4ef5-acde-ed43c7314527|ENROLLMENT_FEE|25-26,6d484f92-07ed-4ef5-acde-ed43c7314527,ENROLLMENT_FEE,,,2500.00,2500.00,0.00,INS
6f2f8410-2704-4938-8538-21edb5b8221a|ENROLLMENT_FEE|25-26,6f2f8410-2704-4938-8538-21edb5b8221a,ENROLLMENT_FEE,,,1100.00,1100.00,0.00,INS
7392fe19-c6bd-489a-9cf5-3f6861139603|ENROLLMENT_FEE|25-26,7392fe19-c6bd-489a-9cf5-3f6861139603,ENROLLMENT_FEE,,,1000.00,0.00,1000.00,INS
7babc8a8-10d3-41e2-bb40-868a18dc2300|ENROLLMENT_FEE|25-26,7babc8a8-10d3-41e2-bb40-868a18dc2300,ENROLLMENT_FEE,,,2500.00,2000.00,500.00,INS
81db6f65-f0d0-45e2-93d7-8d0e5c3dc56a|ENROLLMENT_FEE|25-26,81db6f65-f0d0-45e2-93d7-8d0e5c3dc56a,ENROLLMENT_FEE,,,1100.00,1100.00,0.00,INS
83744ef9-a5f4-4c6a-9c81-a6ea4f9507cf|ENROLLMENT_FEE|25-26,83744ef9-a5f4-4c6a-9c81-a6ea4f9507cf,ENROLLMENT_FEE,,,2500.00,2500.00,0.00,INS
845acc82-5357-4263-a24c-e03f7ea60a49|ENROLLMENT_FEE|25-26,845acc82-5357-4263-a24c-e03f7ea60a49,ENROLLMENT_FEE,,,1100.00,1100.00,0.00,INS
8d1da005-457e-4b91-b44a-605b0ca3c47a|ENROLLMENT_FEE|25-26,8d1da005-457e-4b91-b44a-605b0ca3c47a,ENROLLMENT_FEE,,,2400.00,2400.00,0.00,INS
95149f3e-bf90-4279-8471-a562bd517960|ENROLLMENT_FEE|25-26,95149f3e-bf90-4279-8471-a562bd517960,ENROLLMENT_FEE,,,2500.00,2500.00,0.00,INS
9ace76f4-cf42-4715-ba18-951ec5af9103|ENROLLMENT_FEE|25-26,9ace76f4-cf42-4715-ba18-951ec5af9103,ENROLLMENT_FEE,,,1000.00,1000.00,0.00,INS
a289cbad-dbdb-4e9c-8afd-aeef6bbd7fcb|ENROLLMENT_FEE|25-26,a289cbad-dbdb-4e9c-8afd-aeef6bbd7fcb,ENROLLMENT_FEE,,,1100.00,1100.00,0.00,INS
a4c9cada-bb7c-4116-8091-8b3e944aba30|ENROLLMENT_FEE|25-26,a4c9cada-bb7c-4116-8091-8b3e944aba30,ENROLLMENT_FEE,,,2500.00,2500.00,0.00,INS
a6b37970-a2fa-4a7b-8b11-d3e5151b40b3|ENROLLMENT_FEE|25-26,a6b37970-a2fa-4a7b-8b11-d3e5151b40b3,ENROLLMENT_FEE,,,2500.00,2500.00,0.00,INS
a71be5b5-f484-434a-912c-d679234166b5|ENROLLMENT_FEE|25-26,a71be5b5-f484-434a-912c-d679234166b5,ENROLLMENT_FEE,,,2500.00,2500.00,0.00,INS
a8144361-4bce-487c-bc3a-949391e8d895|ENROLLMENT_FEE|25-26,a8144361-4bce-487c-bc3a-949391e8d895,ENROLLMENT_FEE,,,1100.00,1100.00,0.00,INS
abea3641-4bdf-451a-8710-fa95ab34cab7|ENROLLMENT_FEE|25-26,abea3641-4bdf-451a-8710-fa95ab34cab7,ENROLLMENT_FEE,,,2500.00,2500.00,0.00,INS
ade9cbc4-6693-4456-b351-ef101774e7e4|ENROLLMENT_FEE|25-26,ade9cbc4-6693-4456-b351-ef101774e7e4,ENROLLMENT_FEE,,,2500.00,0.00,2500.00,INS
ae5f806a-46b0-4a53-8eb3-9a5dd3e9d0dd|ENROLLMENT_FEE|25-26,ae5f806a-46b0-4a53-8eb3-9a5dd3e9d0dd,ENROLLMENT_FEE,,,1100.00,1100.00,0.00,INS
afa0658f-b7b9-4fb1-997b-0e0fcf93b4e1|ENROLLMENT_FEE|25-26,afa0658f-b7b9-4fb1-997b-0e0fcf93b4e1,ENROLLMENT_FEE,,,1100.00,1100.00,0.00,INS
b032b2a8-6144-4f39-8707-e4b41330b9d8|ENROLLMENT_FEE|25-26,b032b2a8-6144-4f39-8707-e4b41330b9d8,ENROLLMENT_FEE,,,2500.00,0.00,2500.00,INS
b7f24e9c-6a1d-4b5a-9b34-c72abe5f4c40|ENROLLMENT_FEE|25-26,b7f24e9c-6a1d-4b5a-9b34-c72abe5f4c40,ENROLLMENT_FEE,,,1000.00,1000.00,0.00,INS
bcb7ffd8-0cfa-449a-88d5-626f505cb19c|ENROLLMENT_FEE|25-26,bcb7ffd8-0cfa-449a-88d5-626f505cb19c,ENROLLMENT_FEE,,,1000.00,1000.00,0.00,INS
bfce22f5-d7f1-4b93-8fc1-eb5907831b0c|ENROLLMENT_FEE|25-26,bfce22f5-d7f1-4b93-8fc1-eb5907831b0c,ENROLLMENT_FEE,,,2000.00,2000.00,0.00,INS
c94e75bd-f940-4e2f-a9b3-2d1dc8ad0554|ENROLLMENT_FEE|25-26,c94e75bd-f940-4e2f-a9b3-2d1dc8ad0554,ENROLLMENT_FEE,,,2500.00,2500.00,0.00,INS
d08fe665-bb14-41a1-b1b8-902320280075|ENROLLMENT_FEE|25-26,d08fe665-bb14-41a1-b1b8-902320280075,ENROLLMENT_FEE,,,2000.00,2000.00,0.00,INS
d81e498e-7690-4676-9957-8b832ccf8ea0|ENROLLMENT_FEE|25-26,d81e498e-7690-4676-9957-8b832ccf8ea0,ENROLLMENT_FEE,,,2500.00,1700.00,800.00,INS
d8b23e94-04f7-4eed-9748-9c90f9758257|ENROLLMENT_FEE|25-26,d8b23e94-04f7-4eed-9748-9c90f9758257,ENROLLMENT_FEE,,,2400.00,2400.00,0.00,INS
df9c3a2b-804a-47bc-9b11-eb45575dad16|ENROLLMENT_FEE|25-26,df9c3a2b-804a-47bc-9b11-eb45575dad16,ENROLLMENT_FEE,,,1100.00,1100.00,0.00,INS
e2808836-b027-41af-8918-de113abd6e4a|ENROLLMENT_FEE|25-26,e2808836-b027-41af-8918-de113abd6e4a,ENROLLMENT_FEE,,,2500.00,2500.00,0.00,INS
e3a81bd9-718d-4a32-8722-37f4723b7edc|ENROLLMENT_FEE|25-26,e3a81bd9-718d-4a32-8722-37f4723b7edc,ENROLLMENT_FEE,,,2500.00,0.00,2500.00,INS
e57db8cf-8012-4fa3-b822-41d98008dc00|ENROLLMENT_FEE|25-26,e57db8cf-8012-4fa3-b822-41d98008dc00,ENROLLMENT_FEE,,,1100.00,1100.00,0.00,INS
e5a7742b-06e9-4add-a1c7-4049a93b2b75|ENROLLMENT_FEE|25-26,e5a7742b-06e9-4add-a1c7-4049a93b2b75,ENROLLMENT_FEE,,,1100.00,1100.00,0.00,INS
ea4ba647-d045-4e06-ae83-397c1aa0fb8d|ENROLLMENT_FEE|25-26,ea4ba647-d045-4e06-ae83-397c1aa0fb8d,ENROLLMENT_FEE,,,1100.00,1100.00,0.00,INS
eb5427dd-f41c-4408-8815-26493a90c351|ENROLLMENT_FEE|25-26,eb5427dd-f41c-4408-8815-26493a90c351,ENROLLMENT_FEE,,,2500.00,2500.00,0.00,INS
edd2b7ac-5bca-4650-8c2e-75f65e70849f|ENROLLMENT_FEE|25-26,edd2b7ac-5bca-4650-8c2e-75f65e70849f,ENROLLMENT_FEE,,,1100.00,1100.00,0.00,INS
f0fe1f2d-d8f7-4f5d-b713-d15b3cc1f577|ENROLLMENT_FEE|25-26,f0fe1f2d-d8f7-4f5d-b713-d15b3cc1f577,ENROLLMENT_FEE,,,2500.00,2500.00,0.00,INS
f425a981-e85a-4cb0-95a0-1de810c18a53|ENROLLMENT_FEE|25-26,f425a981-e85a-4cb0-95a0-1de810c18a53,ENROLLMENT_FEE,,,2500.00,2500.00,0.00,INS
f55dbff7-6831-4d96-8262-f103ccf4bd43|ENROLLMENT_FEE|25-26,f55dbff7-6831-4d96-8262-f103ccf4bd43,ENROLLMENT_FEE,,,2400.00,2400.00,0.00,INS
f5bb300e-d8ed-4cca-b176-cb11e46338bd|ENROLLMENT_FEE|25-26,f5bb300e-d8ed-4cca-b176-cb11e46338bd,ENROLLMENT_FEE,,,1100.00,1100.00,0.00,INS
f618e808-f64d-40f7-ac44-d3b6ddc0f0a7|ENROLLMENT_FEE|25-26,f618e808-f64d-40f7-ac44-d3b6ddc0f0a7,ENROLLMENT_FEE,,,2500.00,2500.00,0.00,INS
fa437269-6375-40e4-87dc-f133c454a67b|ENROLLMENT_FEE|25-26,fa437269-6375-40e4-87dc-f133c454a67b,ENROLLMENT_FEE,,,1100.00,1100.00,0.00,INS
fdee6234-bf6d-4d45-bbd4-731a1c453987|ENROLLMENT_FEE|25-26,fdee6234-bf6d-4d45-bbd4-731a1c453987,ENROLLMENT_FEE,,,1100.00,1100.00,0.00,INS
00fca4aa-70ed-464e-822f-6272cba1d93e|TUITION|2025-09,00fca4aa-70ed-464e-822f-6272cba1d93e,TUITION,2025.0,9.0,1400.00,1400.00,0.00,SEP
00fca4aa-70ed-464e-822f-6272cba1d93e|TUITION|2025-10,00fca4aa-70ed-464e-822f-6272cba1d93e,TUITION,2025.0,10.0,1400.00,1400.00,0.00,OCT
00fca4aa-70ed-464e-822f-6272cba1d93e|TUITION|2025-11,00fca4aa-70ed-464e-822f-6272cba1d93e,TUITION,2025.0,11.0,1400.00,1400.00,0.00,NOV
00fca4aa-70ed-464e-822f-6272cba1d93e|TUITION|2025-12,00fca4aa-70ed-464e-822f-6272cba1d93e,TUITION,2025.0,12.0,1400.00,1400.00,0.00,DIC/JUL
00fca4aa-70ed-464e-822f-6272cba1d93e|TUITION|2026-07,00fca4aa-70ed-464e-822f-6272cba1d93e,TUITION,2026.0,7.0,1400.00,1400.00,0.00,DIC/JUL
00fca4aa-70ed-464e-822f-6272cba1d93e|TUITION|2026-01,00fca4aa-70ed-464e-822f-6272cba1d93e,TUITION,2026.0,1.0,1400.00,1400.00,0.00,ENE
00fca4aa-70ed-464e-822f-6272cba1d93e|TUITION|2026-02,00fca4aa-70ed-464e-822f-6272cba1d93e,TUITION,2026.0,2.0,1400.00,1400.00,0.00,FEB
00fca4aa-70ed-464e-822f-6272cba1d93e|TUITION|2026-03,00fca4aa-70ed-464e-822f-6272cba1d93e,TUITION,2026.0,3.0,1400.00,1400.00,0.00,MAR/AGO
00fca4aa-70ed-464e-822f-6272cba1d93e|TUITION|2026-08,00fca4aa-70ed-464e-822f-6272cba1d93e,TUITION,2026.0,8.0,1400.00,0.00,1400.00,MAR/AGO
00fca4aa-70ed-464e-822f-6272cba1d93e|TUITION|2026-04,00fca4aa-70ed-464e-822f-6272cba1d93e,TUITION,2026.0,4.0,1400.00,0.00,1400.00,ABR
00fca4aa-70ed-464e-822f-6272cba1d93e|TUITION|2026-05,00fca4aa-70ed-464e-822f-6272cba1d93e,TUITION,2026.0,5.0,1400.00,0.00,1400.00,MAY
00fca4aa-70ed-464e-822f-6272cba1d93e|TUITION|2026-06,00fca4aa-70ed-464e-822f-6272cba1d93e,TUITION,2026.0,6.0,1400.00,0.00,1400.00,JUN
02b5e8d1-89fb-4a1d-a9d3-58817df86b24|TUITION|2025-09,02b5e8d1-89fb-4a1d-a9d3-58817df86b24,TUITION,2025.0,9.0,1600.00,1600.00,0.00,SEP
02b5e8d1-89fb-4a1d-a9d3-58817df86b24|TUITION|2025-10,02b5e8d1-89fb-4a1d-a9d3-58817df86b24,TUITION,2025.0,10.0,1600.00,1600.00,0.00,OCT
02b5e8d1-89fb-4a1d-a9d3-58817df86b24|TUITION|2025-11,02b5e8d1-89fb-4a1d-a9d3-58817df86b24,TUITION,2025.0,11.0,1600.00,1600.00,0.00,NOV
02b5e8d1-89fb-4a1d-a9d3-58817df86b24|TUITION|2025-12,02b5e8d1-89fb-4a1d-a9d3-58817df86b24,TUITION,2025.0,12.0,1600.00,1600.00,0.00,DIC/JUL
02b5e8d1-89fb-4a1d-a9d3-58817df86b24|TUITION|2026-07,02b5e8d1-89fb-4a1d-a9d3-58817df86b24,TUITION,2026.0,7.0,1600.00,1600.00,0.00,DIC/JUL
02b5e8d1-89fb-4a1d-a9d3-58817df86b24|TUITION|2026-01,02b5e8d1-89fb-4a1d-a9d3-58817df86b24,TUITION,2026.0,1.0,1600.00,1600.00,0.00,ENE
02b5e8d1-89fb-4a1d-a9d3-58817df86b24|TUITION|2026-02,02b5e8d1-89fb-4a1d-a9d3-58817df86b24,TUITION,2026.0,2.0,1600.00,1600.00,0.00,FEB
02b5e8d1-89fb-4a1d-a9d3-58817df86b24|TUITION|2026-03,02b5e8d1-89fb-4a1d-a9d3-58817df86b24,TUITION,2026.0,3.0,1600.00,1600.00,0.00,MAR/AGO
02b5e8d1-89fb-4a1d-a9d3-58817df86b24|TUITION|2026-08,02b5e8d1-89fb-4a1d-a9d3-58817df86b24,TUITION,2026.0,8.0,1600.00,1600.00,0.00,MAR/AGO
02b5e8d1-89fb-4a1d-a9d3-58817df86b24|TUITION|2026-04,02b5e8d1-89fb-4a1d-a9d3-58817df86b24,TUITION,2026.0,4.0,1600.00,1600.00,0.00,ABR
02b5e8d1-89fb-4a1d-a9d3-58817df86b24|TUITION|2026-05,02b5e8d1-89fb-4a1d-a9d3-58817df86b24,TUITION,2026.0,5.0,1600.00,1600.00,0.00,MAY
02b5e8d1-89fb-4a1d-a9d3-58817df86b24|TUITION|2026-06,02b5e8d1-89fb-4a1d-a9d3-58817df86b24,TUITION,2026.0,6.0,1600.00,1600.00,0.00,JUN
0489bdaf-c632-4a1f-9b8e-85dba33a74b0|TUITION|2025-09,0489bdaf-c632-4a1f-9b8e-85dba33a74b0,TUITION,2025.0,9.0,1100.00,1100.00,0.00,SEP
0489bdaf-c632-4a1f-9b8e-85dba33a74b0|TUITION|2025-10,0489bdaf-c632-4a1f-9b8e-85dba33a74b0,TUITION,2025.0,10.0,1100.00,1100.00,0.00,OCT
0489bdaf-c632-4a1f-9b8e-85dba33a74b0|TUITION|2025-11,0489bdaf-c632-4a1f-9b8e-85dba33a74b0,TUITION,2025.0,11.0,1100.00,1100.00,0.00,NOV
0489bdaf-c632-4a1f-9b8e-85dba33a74b0|TUITION|2025-12,0489bdaf-c632-4a1f-9b8e-85dba33a74b0,TUITION,2025.0,12.0,1100.00,1100.00,0.00,DIC/JUL
0489bdaf-c632-4a1f-9b8e-85dba33a74b0|TUITION|2026-07,0489bdaf-c632-4a1f-9b8e-85dba33a74b0,TUITION,2026.0,7.0,1100.00,0.00,1100.00,DIC/JUL
05ea74c3-0d10-4956-90f5-22e05c155e58|TUITION|2025-09,05ea74c3-0d10-4956-90f5-22e05c155e58,TUITION,2025.0,9.0,1600.00,1600.00,0.00,SEP
05ea74c3-0d10-4956-90f5-22e05c155e58|TUITION|2025-10,05ea74c3-0d10-4956-90f5-22e05c155e58,TUITION,2025.0,10.0,1600.00,0.00,1600.00,OCT
05ea74c3-0d10-4956-90f5-22e05c155e58|TUITION|2025-11,05ea74c3-0d10-4956-90f5-22e05c155e58,TUITION,2025.0,11.0,1600.00,0.00,1600.00,NOV
05ea74c3-0d10-4956-90f5-22e05c155e58|TUITION|2025-12,05ea74c3-0d10-4956-90f5-22e05c155e58,TUITION,2025.0,12.0,1600.00,0.00,1600.00,DIC/JUL
05ea74c3-0d10-4956-90f5-22e05c155e58|TUITION|2026-07,05ea74c3-0d10-4956-90f5-22e05c155e58,TUITION,2026.0,7.0,1600.00,0.00,1600.00,DIC/JUL
05ea74c3-0d10-4956-90f5-22e05c155e58|TUITION|2026-01,05ea74c3-0d10-4956-90f5-22e05c155e58,TUITION,2026.0,1.0,1600.00,0.00,1600.00,ENE
05ea74c3-0d10-4956-90f5-22e05c155e58|TUITION|2026-02,05ea74c3-0d10-4956-90f5-22e05c155e58,TUITION,2026.0,2.0,1600.00,0.00,1600.00,FEB
05ea74c3-0d10-4956-90f5-22e05c155e58|TUITION|2026-03,05ea74c3-0d10-4956-90f5-22e05c155e58,TUITION,2026.0,3.0,1600.00,0.00,1600.00,MAR/AGO
05ea74c3-0d10-4956-90f5-22e05c155e58|TUITION|2026-08,05ea74c3-0d10-4956-90f5-22e05c155e58,TUITION,2026.0,8.0,1600.00,0.00,1600.00,MAR/AGO
05ea74c3-0d10-4956-90f5-22e05c155e58|TUITION|2026-04,05ea74c3-0d10-4956-90f5-22e05c155e58,TUITION,2026.0,4.0,1600.00,0.00,1600.00,ABR
05ea74c3-0d10-4956-90f5-22e05c155e58|TUITION|2026-05,05ea74c3-0d10-4956-90f5-22e05c155e58,TUITION,2026.0,5.0,1600.00,0.00,1600.00,MAY
05ea74c3-0d10-4956-90f5-22e05c155e58|TUITION|2026-06,05ea74c3-0d10-4956-90f5-22e05c155e58,TUITION,2026.0,6.0,1600.00,0.00,1600.00,JUN
061d5f0c-2ec0-4698-a862-38cdd50d237d|TUITION|2026-07,061d5f0c-2ec0-4698-a862-38cdd50d237d,TUITION,2026.0,7.0,1500.00,0.00,1500.00,DIC/JUL
061d5f0c-2ec0-4698-a862-38cdd50d237d|TUITION|2026-08,061d5f0c-2ec0-4698-a862-38cdd50d237d,TUITION,2026.0,8.0,1500.00,0.00,1500.00,MAR/AGO
061d5f0c-2ec0-4698-a862-38cdd50d237d|TUITION|2026-05,061d5f0c-2ec0-4698-a862-38cdd50d237d,TUITION,2026.0,5.0,1500.00,1500.00,0.00,MAY
061d5f0c-2ec0-4698-a862-38cdd50d237d|TUITION|2026-06,061d5f0c-2ec0-4698-a862-38cdd50d237d,TUITION,2026.0,6.0,1500.00,1500.00,0.00,JUN
07d3c06f-1b7d-4925-b8d6-cfb887acabb6|TUITION|2025-09,07d3c06f-1b7d-4925-b8d6-cfb887acabb6,TUITION,2025.0,9.0,1600.00,1600.00,0.00,SEP
07d3c06f-1b7d-4925-b8d6-cfb887acabb6|TUITION|2025-10,07d3c06f-1b7d-4925-b8d6-cfb887acabb6,TUITION,2025.0,10.0,1600.00,1600.00,0.00,OCT
07d3c06f-1b7d-4925-b8d6-cfb887acabb6|TUITION|2025-11,07d3c06f-1b7d-4925-b8d6-cfb887acabb6,TUITION,2025.0,11.0,1600.00,0.00,1600.00,NOV
07d3c06f-1b7d-4925-b8d6-cfb887acabb6|TUITION|2025-12,07d3c06f-1b7d-4925-b8d6-cfb887acabb6,TUITION,2025.0,12.0,1600.00,0.00,1600.00,DIC/JUL
07d3c06f-1b7d-4925-b8d6-cfb887acabb6|TUITION|2026-07,07d3c06f-1b7d-4925-b8d6-cfb887acabb6,TUITION,2026.0,7.0,1600.00,0.00,1600.00,DIC/JUL
07d3c06f-1b7d-4925-b8d6-cfb887acabb6|TUITION|2026-01,07d3c06f-1b7d-4925-b8d6-cfb887acabb6,TUITION,2026.0,1.0,1600.00,0.00,1600.00,ENE
07d3c06f-1b7d-4925-b8d6-cfb887acabb6|TUITION|2026-02,07d3c06f-1b7d-4925-b8d6-cfb887acabb6,TUITION,2026.0,2.0,1600.00,0.00,1600.00,FEB
07d3c06f-1b7d-4925-b8d6-cfb887acabb6|TUITION|2026-03,07d3c06f-1b7d-4925-b8d6-cfb887acabb6,TUITION,2026.0,3.0,1600.00,0.00,1600.00,MAR/AGO
07d3c06f-1b7d-4925-b8d6-cfb887acabb6|TUITION|2026-08,07d3c06f-1b7d-4925-b8d6-cfb887acabb6,TUITION,2026.0,8.0,1600.00,0.00,1600.00,MAR/AGO
07d3c06f-1b7d-4925-b8d6-cfb887acabb6|TUITION|2026-04,07d3c06f-1b7d-4925-b8d6-cfb887acabb6,TUITION,2026.0,4.0,1600.00,0.00,1600.00,ABR
07d3c06f-1b7d-4925-b8d6-cfb887acabb6|TUITION|2026-05,07d3c06f-1b7d-4925-b8d6-cfb887acabb6,TUITION,2026.0,5.0,1600.00,0.00,1600.00,MAY
07d3c06f-1b7d-4925-b8d6-cfb887acabb6|TUITION|2026-06,07d3c06f-1b7d-4925-b8d6-cfb887acabb6,TUITION,2026.0,6.0,1600.00,0.00,1600.00,JUN
0a79ced7-bab3-44d8-89da-e166880163bd|TUITION|2025-09,0a79ced7-bab3-44d8-89da-e166880163bd,TUITION,2025.0,9.0,900.00,900.00,0.00,SEP
0a79ced7-bab3-44d8-89da-e166880163bd|TUITION|2025-10,0a79ced7-bab3-44d8-89da-e166880163bd,TUITION,2025.0,10.0,900.00,900.00,0.00,OCT
0a79ced7-bab3-44d8-89da-e166880163bd|TUITION|2025-11,0a79ced7-bab3-44d8-89da-e166880163bd,TUITION,2025.0,11.0,900.00,900.00,0.00,NOV
0a79ced7-bab3-44d8-89da-e166880163bd|TUITION|2025-12,0a79ced7-bab3-44d8-89da-e166880163bd,TUITION,2025.0,12.0,900.00,900.00,0.00,DIC/JUL
0a79ced7-bab3-44d8-89da-e166880163bd|TUITION|2026-07,0a79ced7-bab3-44d8-89da-e166880163bd,TUITION,2026.0,7.0,900.00,900.00,0.00,DIC/JUL
0a79ced7-bab3-44d8-89da-e166880163bd|TUITION|2026-01,0a79ced7-bab3-44d8-89da-e166880163bd,TUITION,2026.0,1.0,900.00,900.00,0.00,ENE
0a79ced7-bab3-44d8-89da-e166880163bd|TUITION|2026-02,0a79ced7-bab3-44d8-89da-e166880163bd,TUITION,2026.0,2.0,900.00,900.00,0.00,FEB
0a79ced7-bab3-44d8-89da-e166880163bd|TUITION|2026-03,0a79ced7-bab3-44d8-89da-e166880163bd,TUITION,2026.0,3.0,900.00,900.00,0.00,MAR/AGO
0a79ced7-bab3-44d8-89da-e166880163bd|TUITION|2026-08,0a79ced7-bab3-44d8-89da-e166880163bd,TUITION,2026.0,8.0,900.00,900.00,0.00,MAR/AGO
0a79ced7-bab3-44d8-89da-e166880163bd|TUITION|2026-04,0a79ced7-bab3-44d8-89da-e166880163bd,TUITION,2026.0,4.0,900.00,900.00,0.00,ABR
0a79ced7-bab3-44d8-89da-e166880163bd|TUITION|2026-05,0a79ced7-bab3-44d8-89da-e166880163bd,TUITION,2026.0,5.0,900.00,900.00,0.00,MAY
0a79ced7-bab3-44d8-89da-e166880163bd|TUITION|2026-06,0a79ced7-bab3-44d8-89da-e166880163bd,TUITION,2026.0,6.0,900.00,900.00,0.00,JUN
0aca2748-83a1-4b8f-ae90-c4e31231af74|TUITION|2025-09,0aca2748-83a1-4b8f-ae90-c4e31231af74,TUITION,2025.0,9.0,0.00,0.00,0.00,SEP
0aca2748-83a1-4b8f-ae90-c4e31231af74|TUITION|2025-10,0aca2748-83a1-4b8f-ae90-c4e31231af74,TUITION,2025.0,10.0,0.00,0.00,0.00,OCT
0aca2748-83a1-4b8f-ae90-c4e31231af74|TUITION|2025-11,0aca2748-83a1-4b8f-ae90-c4e31231af74,TUITION,2025.0,11.0,0.00,0.00,0.00,NOV
0aca2748-83a1-4b8f-ae90-c4e31231af74|TUITION|2025-12,0aca2748-83a1-4b8f-ae90-c4e31231af74,TUITION,2025.0,12.0,0.00,0.00,0.00,DIC/JUL
0aca2748-83a1-4b8f-ae90-c4e31231af74|TUITION|2026-07,0aca2748-83a1-4b8f-ae90-c4e31231af74,TUITION,2026.0,7.0,0.00,0.00,0.00,DIC/JUL
0aca2748-83a1-4b8f-ae90-c4e31231af74|TUITION|2026-01,0aca2748-83a1-4b8f-ae90-c4e31231af74,TUITION,2026.0,1.0,0.00,0.00,0.00,ENE
0aca2748-83a1-4b8f-ae90-c4e31231af74|TUITION|2026-02,0aca2748-83a1-4b8f-ae90-c4e31231af74,TUITION,2026.0,2.0,0.00,0.00,0.00,FEB
0aca2748-83a1-4b8f-ae90-c4e31231af74|TUITION|2026-03,0aca2748-83a1-4b8f-ae90-c4e31231af74,TUITION,2026.0,3.0,0.00,0.00,0.00,MAR/AGO
0aca2748-83a1-4b8f-ae90-c4e31231af74|TUITION|2026-08,0aca2748-83a1-4b8f-ae90-c4e31231af74,TUITION,2026.0,8.0,0.00,0.00,0.00,MAR/AGO
0aca2748-83a1-4b8f-ae90-c4e31231af74|TUITION|2026-04,0aca2748-83a1-4b8f-ae90-c4e31231af74,TUITION,2026.0,4.0,0.00,0.00,0.00,ABR
0aca2748-83a1-4b8f-ae90-c4e31231af74|TUITION|2026-05,0aca2748-83a1-4b8f-ae90-c4e31231af74,TUITION,2026.0,5.0,0.00,0.00,0.00,MAY
0aca2748-83a1-4b8f-ae90-c4e31231af74|TUITION|2026-06,0aca2748-83a1-4b8f-ae90-c4e31231af74,TUITION,2026.0,6.0,0.00,0.00,0.00,JUN
0baa1c8c-b4cb-4c7c-b909-3af50436661e|TUITION|2025-09,0baa1c8c-b4cb-4c7c-b909-3af50436661e,TUITION,2025.0,9.0,0.00,0.00,0.00,SEP
0baa1c8c-b4cb-4c7c-b909-3af50436661e|TUITION|2025-10,0baa1c8c-b4cb-4c7c-b909-3af50436661e,TUITION,2025.0,10.0,0.00,0.00,0.00,OCT
0baa1c8c-b4cb-4c7c-b909-3af50436661e|TUITION|2025-11,0baa1c8c-b4cb-4c7c-b909-3af50436661e,TUITION,2025.0,11.0,0.00,0.00,0.00,NOV
0baa1c8c-b4cb-4c7c-b909-3af50436661e|TUITION|2025-12,0baa1c8c-b4cb-4c7c-b909-3af50436661e,TUITION,2025.0,12.0,0.00,0.00,0.00,DIC/JUL
0baa1c8c-b4cb-4c7c-b909-3af50436661e|TUITION|2026-07,0baa1c8c-b4cb-4c7c-b909-3af50436661e,TUITION,2026.0,7.0,0.00,0.00,0.00,DIC/JUL
0baa1c8c-b4cb-4c7c-b909-3af50436661e|TUITION|2026-01,0baa1c8c-b4cb-4c7c-b909-3af50436661e,TUITION,2026.0,1.0,0.00,0.00,0.00,ENE
0baa1c8c-b4cb-4c7c-b909-3af50436661e|TUITION|2026-02,0baa1c8c-b4cb-4c7c-b909-3af50436661e,TUITION,2026.0,2.0,0.00,0.00,0.00,FEB
0baa1c8c-b4cb-4c7c-b909-3af50436661e|TUITION|2026-03,0baa1c8c-b4cb-4c7c-b909-3af50436661e,TUITION,2026.0,3.0,0.00,0.00,0.00,MAR/AGO
0baa1c8c-b4cb-4c7c-b909-3af50436661e|TUITION|2026-08,0baa1c8c-b4cb-4c7c-b909-3af50436661e,TUITION,2026.0,8.0,0.00,0.00,0.00,MAR/AGO
0baa1c8c-b4cb-4c7c-b909-3af50436661e|TUITION|2026-04,0baa1c8c-b4cb-4c7c-b909-3af50436661e,TUITION,2026.0,4.0,0.00,0.00,0.00,ABR
0baa1c8c-b4cb-4c7c-b909-3af50436661e|TUITION|2026-05,0baa1c8c-b4cb-4c7c-b909-3af50436661e,TUITION,2026.0,5.0,0.00,0.00,0.00,MAY
0baa1c8c-b4cb-4c7c-b909-3af50436661e|TUITION|2026-06,0baa1c8c-b4cb-4c7c-b909-3af50436661e,TUITION,2026.0,6.0,0.00,0.00,0.00,JUN
0e861609-c592-4713-bfad-a86c2f7d1c00|TUITION|2025-09,0e861609-c592-4713-bfad-a86c2f7d1c00,TUITION,2025.0,9.0,1600.00,1600.00,0.00,SEP
0e861609-c592-4713-bfad-a86c2f7d1c00|TUITION|2025-10,0e861609-c592-4713-bfad-a86c2f7d1c00,TUITION,2025.0,10.0,1600.00,1600.00,0.00,OCT
0e861609-c592-4713-bfad-a86c2f7d1c00|TUITION|2025-11,0e861609-c592-4713-bfad-a86c2f7d1c00,TUITION,2025.0,11.0,1600.00,1600.00,0.00,NOV
0e861609-c592-4713-bfad-a86c2f7d1c00|TUITION|2025-12,0e861609-c592-4713-bfad-a86c2f7d1c00,TUITION,2025.0,12.0,1600.00,1600.00,0.00,DIC/JUL
0e861609-c592-4713-bfad-a86c2f7d1c00|TUITION|2026-07,0e861609-c592-4713-bfad-a86c2f7d1c00,TUITION,2026.0,7.0,1600.00,1600.00,0.00,DIC/JUL
0e861609-c592-4713-bfad-a86c2f7d1c00|TUITION|2026-01,0e861609-c592-4713-bfad-a86c2f7d1c00,TUITION,2026.0,1.0,1600.00,1600.00,0.00,ENE
0e861609-c592-4713-bfad-a86c2f7d1c00|TUITION|2026-02,0e861609-c592-4713-bfad-a86c2f7d1c00,TUITION,2026.0,2.0,1600.00,1600.00,0.00,FEB
0e861609-c592-4713-bfad-a86c2f7d1c00|TUITION|2026-03,0e861609-c592-4713-bfad-a86c2f7d1c00,TUITION,2026.0,3.0,1600.00,1600.00,0.00,MAR/AGO
0e861609-c592-4713-bfad-a86c2f7d1c00|TUITION|2026-08,0e861609-c592-4713-bfad-a86c2f7d1c00,TUITION,2026.0,8.0,1600.00,1600.00,0.00,MAR/AGO
0e861609-c592-4713-bfad-a86c2f7d1c00|TUITION|2026-04,0e861609-c592-4713-bfad-a86c2f7d1c00,TUITION,2026.0,4.0,1600.00,1600.00,0.00,ABR
0e861609-c592-4713-bfad-a86c2f7d1c00|TUITION|2026-05,0e861609-c592-4713-bfad-a86c2f7d1c00,TUITION,2026.0,5.0,1600.00,0.00,1600.00,MAY
0e861609-c592-4713-bfad-a86c2f7d1c00|TUITION|2026-06,0e861609-c592-4713-bfad-a86c2f7d1c00,TUITION,2026.0,6.0,1600.00,0.00,1600.00,JUN
0ec01322-e8d2-450f-b375-827d0bf81fe4|TUITION|2025-09,0ec01322-e8d2-450f-b375-827d0bf81fe4,TUITION,2025.0,9.0,0.00,0.00,0.00,SEP
0ec01322-e8d2-450f-b375-827d0bf81fe4|TUITION|2025-10,0ec01322-e8d2-450f-b375-827d0bf81fe4,TUITION,2025.0,10.0,0.00,0.00,0.00,OCT
0ec01322-e8d2-450f-b375-827d0bf81fe4|TUITION|2025-11,0ec01322-e8d2-450f-b375-827d0bf81fe4,TUITION,2025.0,11.0,0.00,0.00,0.00,NOV
0ec01322-e8d2-450f-b375-827d0bf81fe4|TUITION|2025-12,0ec01322-e8d2-450f-b375-827d0bf81fe4,TUITION,2025.0,12.0,0.00,0.00,0.00,DIC/JUL
0ec01322-e8d2-450f-b375-827d0bf81fe4|TUITION|2026-07,0ec01322-e8d2-450f-b375-827d0bf81fe4,TUITION,2026.0,7.0,0.00,0.00,0.00,DIC/JUL
0ec01322-e8d2-450f-b375-827d0bf81fe4|TUITION|2026-01,0ec01322-e8d2-450f-b375-827d0bf81fe4,TUITION,2026.0,1.0,0.00,0.00,0.00,ENE
0ec01322-e8d2-450f-b375-827d0bf81fe4|TUITION|2026-02,0ec01322-e8d2-450f-b375-827d0bf81fe4,TUITION,2026.0,2.0,0.00,0.00,0.00,FEB
0ec01322-e8d2-450f-b375-827d0bf81fe4|TUITION|2026-03,0ec01322-e8d2-450f-b375-827d0bf81fe4,TUITION,2026.0,3.0,0.00,0.00,0.00,MAR/AGO
0ec01322-e8d2-450f-b375-827d0bf81fe4|TUITION|2026-08,0ec01322-e8d2-450f-b375-827d0bf81fe4,TUITION,2026.0,8.0,0.00,0.00,0.00,MAR/AGO
0ec01322-e8d2-450f-b375-827d0bf81fe4|TUITION|2026-04,0ec01322-e8d2-450f-b375-827d0bf81fe4,TUITION,2026.0,4.0,0.00,0.00,0.00,ABR
0ec01322-e8d2-450f-b375-827d0bf81fe4|TUITION|2026-05,0ec01322-e8d2-450f-b375-827d0bf81fe4,TUITION,2026.0,5.0,0.00,0.00,0.00,MAY
0ec01322-e8d2-450f-b375-827d0bf81fe4|TUITION|2026-06,0ec01322-e8d2-450f-b375-827d0bf81fe4,TUITION,2026.0,6.0,0.00,0.00,0.00,JUN
18f8e872-a787-4eef-953c-1c326065039e|TUITION|2025-09,18f8e872-a787-4eef-953c-1c326065039e,TUITION,2025.0,9.0,1000.00,1000.00,0.00,SEP
18f8e872-a787-4eef-953c-1c326065039e|TUITION|2025-10,18f8e872-a787-4eef-953c-1c326065039e,TUITION,2025.0,10.0,1000.00,1000.00,0.00,OCT
18f8e872-a787-4eef-953c-1c326065039e|TUITION|2025-11,18f8e872-a787-4eef-953c-1c326065039e,TUITION,2025.0,11.0,1000.00,1000.00,0.00,NOV
18f8e872-a787-4eef-953c-1c326065039e|TUITION|2025-12,18f8e872-a787-4eef-953c-1c326065039e,TUITION,2025.0,12.0,1000.00,1000.00,0.00,DIC/JUL
18f8e872-a787-4eef-953c-1c326065039e|TUITION|2026-07,18f8e872-a787-4eef-953c-1c326065039e,TUITION,2026.0,7.0,1000.00,1000.00,0.00,DIC/JUL
18f8e872-a787-4eef-953c-1c326065039e|TUITION|2026-01,18f8e872-a787-4eef-953c-1c326065039e,TUITION,2026.0,1.0,1000.00,1000.00,0.00,ENE
18f8e872-a787-4eef-953c-1c326065039e|TUITION|2026-02,18f8e872-a787-4eef-953c-1c326065039e,TUITION,2026.0,2.0,1000.00,1000.00,0.00,FEB
18f8e872-a787-4eef-953c-1c326065039e|TUITION|2026-03,18f8e872-a787-4eef-953c-1c326065039e,TUITION,2026.0,3.0,1000.00,1000.00,0.00,MAR/AGO
18f8e872-a787-4eef-953c-1c326065039e|TUITION|2026-08,18f8e872-a787-4eef-953c-1c326065039e,TUITION,2026.0,8.0,1000.00,1000.00,0.00,MAR/AGO
18f8e872-a787-4eef-953c-1c326065039e|TUITION|2026-04,18f8e872-a787-4eef-953c-1c326065039e,TUITION,2026.0,4.0,1000.00,1000.00,0.00,ABR
18f8e872-a787-4eef-953c-1c326065039e|TUITION|2026-05,18f8e872-a787-4eef-953c-1c326065039e,TUITION,2026.0,5.0,1000.00,1000.00,0.00,MAY
18f8e872-a787-4eef-953c-1c326065039e|TUITION|2026-06,18f8e872-a787-4eef-953c-1c326065039e,TUITION,2026.0,6.0,1000.00,0.00,1000.00,JUN
1e3beb16-3079-4aaa-93fc-a0203720434d|TUITION|2025-09,1e3beb16-3079-4aaa-93fc-a0203720434d,TUITION,2025.0,9.0,1600.00,1600.00,0.00,SEP
1e3beb16-3079-4aaa-93fc-a0203720434d|TUITION|2025-10,1e3beb16-3079-4aaa-93fc-a0203720434d,TUITION,2025.0,10.0,1600.00,1600.00,0.00,OCT
1e3beb16-3079-4aaa-93fc-a0203720434d|TUITION|2025-11,1e3beb16-3079-4aaa-93fc-a0203720434d,TUITION,2025.0,11.0,1600.00,0.00,1600.00,NOV
1e3beb16-3079-4aaa-93fc-a0203720434d|TUITION|2025-12,1e3beb16-3079-4aaa-93fc-a0203720434d,TUITION,2025.0,12.0,1600.00,0.00,1600.00,DIC/JUL
1e3beb16-3079-4aaa-93fc-a0203720434d|TUITION|2026-07,1e3beb16-3079-4aaa-93fc-a0203720434d,TUITION,2026.0,7.0,1600.00,0.00,1600.00,DIC/JUL
1e3beb16-3079-4aaa-93fc-a0203720434d|TUITION|2026-01,1e3beb16-3079-4aaa-93fc-a0203720434d,TUITION,2026.0,1.0,1600.00,0.00,1600.00,ENE
1e3beb16-3079-4aaa-93fc-a0203720434d|TUITION|2026-02,1e3beb16-3079-4aaa-93fc-a0203720434d,TUITION,2026.0,2.0,1600.00,0.00,1600.00,FEB
1e3beb16-3079-4aaa-93fc-a0203720434d|TUITION|2026-03,1e3beb16-3079-4aaa-93fc-a0203720434d,TUITION,2026.0,3.0,1600.00,0.00,1600.00,MAR/AGO
1e3beb16-3079-4aaa-93fc-a0203720434d|TUITION|2026-08,1e3beb16-3079-4aaa-93fc-a0203720434d,TUITION,2026.0,8.0,1600.00,0.00,1600.00,MAR/AGO
1e3beb16-3079-4aaa-93fc-a0203720434d|TUITION|2026-04,1e3beb16-3079-4aaa-93fc-a0203720434d,TUITION,2026.0,4.0,1600.00,0.00,1600.00,ABR
1e3beb16-3079-4aaa-93fc-a0203720434d|TUITION|2026-05,1e3beb16-3079-4aaa-93fc-a0203720434d,TUITION,2026.0,5.0,1600.00,0.00,1600.00,MAY
1e3beb16-3079-4aaa-93fc-a0203720434d|TUITION|2026-06,1e3beb16-3079-4aaa-93fc-a0203720434d,TUITION,2026.0,6.0,1600.00,0.00,1600.00,JUN
209dac48-1e05-4390-a5da-676e1ee3b311|TUITION|2025-09,209dac48-1e05-4390-a5da-676e1ee3b311,TUITION,2025.0,9.0,1000.00,1000.00,0.00,SEP
209dac48-1e05-4390-a5da-676e1ee3b311|TUITION|2025-10,209dac48-1e05-4390-a5da-676e1ee3b311,TUITION,2025.0,10.0,1000.00,1000.00,0.00,OCT
209dac48-1e05-4390-a5da-676e1ee3b311|TUITION|2025-11,209dac48-1e05-4390-a5da-676e1ee3b311,TUITION,2025.0,11.0,1000.00,1000.00,0.00,NOV
209dac48-1e05-4390-a5da-676e1ee3b311|TUITION|2025-12,209dac48-1e05-4390-a5da-676e1ee3b311,TUITION,2025.0,12.0,1000.00,1000.00,0.00,DIC/JUL
209dac48-1e05-4390-a5da-676e1ee3b311|TUITION|2026-07,209dac48-1e05-4390-a5da-676e1ee3b311,TUITION,2026.0,7.0,1000.00,1000.00,0.00,DIC/JUL
209dac48-1e05-4390-a5da-676e1ee3b311|TUITION|2026-01,209dac48-1e05-4390-a5da-676e1ee3b311,TUITION,2026.0,1.0,1000.00,1000.00,0.00,ENE
209dac48-1e05-4390-a5da-676e1ee3b311|TUITION|2026-02,209dac48-1e05-4390-a5da-676e1ee3b311,TUITION,2026.0,2.0,1000.00,1000.00,0.00,FEB
209dac48-1e05-4390-a5da-676e1ee3b311|TUITION|2026-03,209dac48-1e05-4390-a5da-676e1ee3b311,TUITION,2026.0,3.0,1000.00,1000.00,0.00,MAR/AGO
209dac48-1e05-4390-a5da-676e1ee3b311|TUITION|2026-08,209dac48-1e05-4390-a5da-676e1ee3b311,TUITION,2026.0,8.0,1000.00,0.00,1000.00,MAR/AGO
209dac48-1e05-4390-a5da-676e1ee3b311|TUITION|2026-04,209dac48-1e05-4390-a5da-676e1ee3b311,TUITION,2026.0,4.0,1000.00,0.00,1000.00,ABR
209dac48-1e05-4390-a5da-676e1ee3b311|TUITION|2026-05,209dac48-1e05-4390-a5da-676e1ee3b311,TUITION,2026.0,5.0,1000.00,0.00,1000.00,MAY
209dac48-1e05-4390-a5da-676e1ee3b311|TUITION|2026-06,209dac48-1e05-4390-a5da-676e1ee3b311,TUITION,2026.0,6.0,1000.00,0.00,1000.00,JUN
2645afb7-c140-490c-b8db-c0dd4fbf6e11|TUITION|2025-09,2645afb7-c140-490c-b8db-c0dd4fbf6e11,TUITION,2025.0,9.0,1500.00,1500.00,0.00,SEP
2645afb7-c140-490c-b8db-c0dd4fbf6e11|TUITION|2025-10,2645afb7-c140-490c-b8db-c0dd4fbf6e11,TUITION,2025.0,10.0,1500.00,1500.00,0.00,OCT
2645afb7-c140-490c-b8db-c0dd4fbf6e11|TUITION|2025-11,2645afb7-c140-490c-b8db-c0dd4fbf6e11,TUITION,2025.0,11.0,1500.00,1500.00,0.00,NOV
2645afb7-c140-490c-b8db-c0dd4fbf6e11|TUITION|2025-12,2645afb7-c140-490c-b8db-c0dd4fbf6e11,TUITION,2025.0,12.0,1500.00,1500.00,0.00,DIC/JUL
2645afb7-c140-490c-b8db-c0dd4fbf6e11|TUITION|2026-07,2645afb7-c140-490c-b8db-c0dd4fbf6e11,TUITION,2026.0,7.0,1500.00,1500.00,0.00,DIC/JUL
2645afb7-c140-490c-b8db-c0dd4fbf6e11|TUITION|2026-01,2645afb7-c140-490c-b8db-c0dd4fbf6e11,TUITION,2026.0,1.0,1500.00,1500.00,0.00,ENE
2645afb7-c140-490c-b8db-c0dd4fbf6e11|TUITION|2026-02,2645afb7-c140-490c-b8db-c0dd4fbf6e11,TUITION,2026.0,2.0,1500.00,1500.00,0.00,FEB
2645afb7-c140-490c-b8db-c0dd4fbf6e11|TUITION|2026-03,2645afb7-c140-490c-b8db-c0dd4fbf6e11,TUITION,2026.0,3.0,1500.00,1500.00,0.00,MAR/AGO
2645afb7-c140-490c-b8db-c0dd4fbf6e11|TUITION|2026-08,2645afb7-c140-490c-b8db-c0dd4fbf6e11,TUITION,2026.0,8.0,1500.00,1500.00,0.00,MAR/AGO
2645afb7-c140-490c-b8db-c0dd4fbf6e11|TUITION|2026-04,2645afb7-c140-490c-b8db-c0dd4fbf6e11,TUITION,2026.0,4.0,1500.00,1500.00,0.00,ABR
2645afb7-c140-490c-b8db-c0dd4fbf6e11|TUITION|2026-05,2645afb7-c140-490c-b8db-c0dd4fbf6e11,TUITION,2026.0,5.0,1500.00,1500.00,0.00,MAY
2645afb7-c140-490c-b8db-c0dd4fbf6e11|TUITION|2026-06,2645afb7-c140-490c-b8db-c0dd4fbf6e11,TUITION,2026.0,6.0,1500.00,1500.00,0.00,JUN
273286ee-1011-4ae2-828e-974f625a6fd2|TUITION|2025-09,273286ee-1011-4ae2-828e-974f625a6fd2,TUITION,2025.0,9.0,1600.00,0.00,1600.00,SEP
273286ee-1011-4ae2-828e-974f625a6fd2|TUITION|2025-10,273286ee-1011-4ae2-828e-974f625a6fd2,TUITION,2025.0,10.0,1600.00,0.00,1600.00,OCT
273286ee-1011-4ae2-828e-974f625a6fd2|TUITION|2025-11,273286ee-1011-4ae2-828e-974f625a6fd2,TUITION,2025.0,11.0,1600.00,0.00,1600.00,NOV
273286ee-1011-4ae2-828e-974f625a6fd2|TUITION|2025-12,273286ee-1011-4ae2-828e-974f625a6fd2,TUITION,2025.0,12.0,1600.00,0.00,1600.00,DIC/JUL
273286ee-1011-4ae2-828e-974f625a6fd2|TUITION|2026-07,273286ee-1011-4ae2-828e-974f625a6fd2,TUITION,2026.0,7.0,1600.00,0.00,1600.00,DIC/JUL
273286ee-1011-4ae2-828e-974f625a6fd2|TUITION|2026-01,273286ee-1011-4ae2-828e-974f625a6fd2,TUITION,2026.0,1.0,1600.00,0.00,1600.00,ENE
273286ee-1011-4ae2-828e-974f625a6fd2|TUITION|2026-02,273286ee-1011-4ae2-828e-974f625a6fd2,TUITION,2026.0,2.0,1600.00,0.00,1600.00,FEB
273286ee-1011-4ae2-828e-974f625a6fd2|TUITION|2026-03,273286ee-1011-4ae2-828e-974f625a6fd2,TUITION,2026.0,3.0,1600.00,0.00,1600.00,MAR/AGO
273286ee-1011-4ae2-828e-974f625a6fd2|TUITION|2026-08,273286ee-1011-4ae2-828e-974f625a6fd2,TUITION,2026.0,8.0,1600.00,0.00,1600.00,MAR/AGO
273286ee-1011-4ae2-828e-974f625a6fd2|TUITION|2026-04,273286ee-1011-4ae2-828e-974f625a6fd2,TUITION,2026.0,4.0,1600.00,0.00,1600.00,ABR
273286ee-1011-4ae2-828e-974f625a6fd2|TUITION|2026-05,273286ee-1011-4ae2-828e-974f625a6fd2,TUITION,2026.0,5.0,1600.00,0.00,1600.00,MAY
273286ee-1011-4ae2-828e-974f625a6fd2|TUITION|2026-06,273286ee-1011-4ae2-828e-974f625a6fd2,TUITION,2026.0,6.0,1600.00,0.00,1600.00,JUN
2a01ea65-7487-4834-ab23-855018d8868e|TUITION|2025-09,2a01ea65-7487-4834-ab23-855018d8868e,TUITION,2025.0,9.0,1500.00,1500.00,0.00,SEP
2a01ea65-7487-4834-ab23-855018d8868e|TUITION|2025-10,2a01ea65-7487-4834-ab23-855018d8868e,TUITION,2025.0,10.0,1500.00,1500.00,0.00,OCT
2a01ea65-7487-4834-ab23-855018d8868e|TUITION|2025-11,2a01ea65-7487-4834-ab23-855018d8868e,TUITION,2025.0,11.0,1500.00,1500.00,0.00,NOV
2a01ea65-7487-4834-ab23-855018d8868e|TUITION|2025-12,2a01ea65-7487-4834-ab23-855018d8868e,TUITION,2025.0,12.0,1500.00,1500.00,0.00,DIC/JUL
2a01ea65-7487-4834-ab23-855018d8868e|TUITION|2026-07,2a01ea65-7487-4834-ab23-855018d8868e,TUITION,2026.0,7.0,1500.00,1500.00,0.00,DIC/JUL
2a01ea65-7487-4834-ab23-855018d8868e|TUITION|2026-01,2a01ea65-7487-4834-ab23-855018d8868e,TUITION,2026.0,1.0,1500.00,1500.00,0.00,ENE
2a01ea65-7487-4834-ab23-855018d8868e|TUITION|2026-02,2a01ea65-7487-4834-ab23-855018d8868e,TUITION,2026.0,2.0,1500.00,1500.00,0.00,FEB
2a01ea65-7487-4834-ab23-855018d8868e|TUITION|2026-03,2a01ea65-7487-4834-ab23-855018d8868e,TUITION,2026.0,3.0,1500.00,1500.00,0.00,MAR/AGO
2a01ea65-7487-4834-ab23-855018d8868e|TUITION|2026-08,2a01ea65-7487-4834-ab23-855018d8868e,TUITION,2026.0,8.0,1500.00,1500.00,0.00,MAR/AGO
2a01ea65-7487-4834-ab23-855018d8868e|TUITION|2026-04,2a01ea65-7487-4834-ab23-855018d8868e,TUITION,2026.0,4.0,1500.00,1500.00,0.00,ABR
2a01ea65-7487-4834-ab23-855018d8868e|TUITION|2026-05,2a01ea65-7487-4834-ab23-855018d8868e,TUITION,2026.0,5.0,1500.00,1500.00,0.00,MAY
2a01ea65-7487-4834-ab23-855018d8868e|TUITION|2026-06,2a01ea65-7487-4834-ab23-855018d8868e,TUITION,2026.0,6.0,1500.00,1500.00,0.00,JUN
2a0d752a-79d5-4658-bf0d-64b137383ac6|TUITION|2025-09,2a0d752a-79d5-4658-bf0d-64b137383ac6,TUITION,2025.0,9.0,900.00,900.00,0.00,SEP
2a0d752a-79d5-4658-bf0d-64b137383ac6|TUITION|2025-10,2a0d752a-79d5-4658-bf0d-64b137383ac6,TUITION,2025.0,10.0,900.00,900.00,0.00,OCT
2a0d752a-79d5-4658-bf0d-64b137383ac6|TUITION|2025-11,2a0d752a-79d5-4658-bf0d-64b137383ac6,TUITION,2025.0,11.0,900.00,900.00,0.00,NOV
2a0d752a-79d5-4658-bf0d-64b137383ac6|TUITION|2025-12,2a0d752a-79d5-4658-bf0d-64b137383ac6,TUITION,2025.0,12.0,900.00,900.00,0.00,DIC/JUL
2a0d752a-79d5-4658-bf0d-64b137383ac6|TUITION|2026-07,2a0d752a-79d5-4658-bf0d-64b137383ac6,TUITION,2026.0,7.0,900.00,900.00,0.00,DIC/JUL
2a0d752a-79d5-4658-bf0d-64b137383ac6|TUITION|2026-01,2a0d752a-79d5-4658-bf0d-64b137383ac6,TUITION,2026.0,1.0,900.00,900.00,0.00,ENE
2a0d752a-79d5-4658-bf0d-64b137383ac6|TUITION|2026-02,2a0d752a-79d5-4658-bf0d-64b137383ac6,TUITION,2026.0,2.0,900.00,900.00,0.00,FEB
2a0d752a-79d5-4658-bf0d-64b137383ac6|TUITION|2026-03,2a0d752a-79d5-4658-bf0d-64b137383ac6,TUITION,2026.0,3.0,900.00,900.00,0.00,MAR/AGO
2a0d752a-79d5-4658-bf0d-64b137383ac6|TUITION|2026-08,2a0d752a-79d5-4658-bf0d-64b137383ac6,TUITION,2026.0,8.0,900.00,900.00,0.00,MAR/AGO
2a0d752a-79d5-4658-bf0d-64b137383ac6|TUITION|2026-04,2a0d752a-79d5-4658-bf0d-64b137383ac6,TUITION,2026.0,4.0,900.00,900.00,0.00,ABR
2a0d752a-79d5-4658-bf0d-64b137383ac6|TUITION|2026-05,2a0d752a-79d5-4658-bf0d-64b137383ac6,TUITION,2026.0,5.0,900.00,900.00,0.00,MAY
2a0d752a-79d5-4658-bf0d-64b137383ac6|TUITION|2026-06,2a0d752a-79d5-4658-bf0d-64b137383ac6,TUITION,2026.0,6.0,900.00,900.00,0.00,JUN
2bc201a6-4c7f-402c-9ed1-a2310ae79d3c|TUITION|2025-09,2bc201a6-4c7f-402c-9ed1-a2310ae79d3c,TUITION,2025.0,9.0,1500.00,1500.00,0.00,SEP
2bc201a6-4c7f-402c-9ed1-a2310ae79d3c|TUITION|2025-10,2bc201a6-4c7f-402c-9ed1-a2310ae79d3c,TUITION,2025.0,10.0,1500.00,1500.00,0.00,OCT
2bc201a6-4c7f-402c-9ed1-a2310ae79d3c|TUITION|2025-11,2bc201a6-4c7f-402c-9ed1-a2310ae79d3c,TUITION,2025.0,11.0,1500.00,1500.00,0.00,NOV
2bc201a6-4c7f-402c-9ed1-a2310ae79d3c|TUITION|2025-12,2bc201a6-4c7f-402c-9ed1-a2310ae79d3c,TUITION,2025.0,12.0,1500.00,1500.00,0.00,DIC/JUL
2bc201a6-4c7f-402c-9ed1-a2310ae79d3c|TUITION|2026-07,2bc201a6-4c7f-402c-9ed1-a2310ae79d3c,TUITION,2026.0,7.0,1500.00,1500.00,0.00,DIC/JUL
2bc201a6-4c7f-402c-9ed1-a2310ae79d3c|TUITION|2026-01,2bc201a6-4c7f-402c-9ed1-a2310ae79d3c,TUITION,2026.0,1.0,1500.00,1500.00,0.00,ENE
2bc201a6-4c7f-402c-9ed1-a2310ae79d3c|TUITION|2026-02,2bc201a6-4c7f-402c-9ed1-a2310ae79d3c,TUITION,2026.0,2.0,1500.00,1500.00,0.00,FEB
2bc201a6-4c7f-402c-9ed1-a2310ae79d3c|TUITION|2026-03,2bc201a6-4c7f-402c-9ed1-a2310ae79d3c,TUITION,2026.0,3.0,1500.00,1500.00,0.00,MAR/AGO
2bc201a6-4c7f-402c-9ed1-a2310ae79d3c|TUITION|2026-08,2bc201a6-4c7f-402c-9ed1-a2310ae79d3c,TUITION,2026.0,8.0,1500.00,1500.00,0.00,MAR/AGO
2bc201a6-4c7f-402c-9ed1-a2310ae79d3c|TUITION|2026-04,2bc201a6-4c7f-402c-9ed1-a2310ae79d3c,TUITION,2026.0,4.0,1500.00,1500.00,0.00,ABR
2bc201a6-4c7f-402c-9ed1-a2310ae79d3c|TUITION|2026-05,2bc201a6-4c7f-402c-9ed1-a2310ae79d3c,TUITION,2026.0,5.0,1500.00,1500.00,0.00,MAY
2bc201a6-4c7f-402c-9ed1-a2310ae79d3c|TUITION|2026-06,2bc201a6-4c7f-402c-9ed1-a2310ae79d3c,TUITION,2026.0,6.0,1500.00,1500.00,0.00,JUN
2d6d6932-f5eb-47d0-989c-4f813b54d973|TUITION|2025-09,2d6d6932-f5eb-47d0-989c-4f813b54d973,TUITION,2025.0,9.0,0.00,0.00,0.00,SEP
2d6d6932-f5eb-47d0-989c-4f813b54d973|TUITION|2025-10,2d6d6932-f5eb-47d0-989c-4f813b54d973,TUITION,2025.0,10.0,0.00,0.00,0.00,OCT
2d6d6932-f5eb-47d0-989c-4f813b54d973|TUITION|2025-11,2d6d6932-f5eb-47d0-989c-4f813b54d973,TUITION,2025.0,11.0,0.00,0.00,0.00,NOV
2d6d6932-f5eb-47d0-989c-4f813b54d973|TUITION|2025-12,2d6d6932-f5eb-47d0-989c-4f813b54d973,TUITION,2025.0,12.0,0.00,0.00,0.00,DIC/JUL
2d6d6932-f5eb-47d0-989c-4f813b54d973|TUITION|2026-07,2d6d6932-f5eb-47d0-989c-4f813b54d973,TUITION,2026.0,7.0,0.00,0.00,0.00,DIC/JUL
2d6d6932-f5eb-47d0-989c-4f813b54d973|TUITION|2026-01,2d6d6932-f5eb-47d0-989c-4f813b54d973,TUITION,2026.0,1.0,0.00,0.00,0.00,ENE
2d6d6932-f5eb-47d0-989c-4f813b54d973|TUITION|2026-02,2d6d6932-f5eb-47d0-989c-4f813b54d973,TUITION,2026.0,2.0,0.00,0.00,0.00,FEB
2d6d6932-f5eb-47d0-989c-4f813b54d973|TUITION|2026-03,2d6d6932-f5eb-47d0-989c-4f813b54d973,TUITION,2026.0,3.0,0.00,0.00,0.00,MAR/AGO
2d6d6932-f5eb-47d0-989c-4f813b54d973|TUITION|2026-08,2d6d6932-f5eb-47d0-989c-4f813b54d973,TUITION,2026.0,8.0,0.00,0.00,0.00,MAR/AGO
2d6d6932-f5eb-47d0-989c-4f813b54d973|TUITION|2026-04,2d6d6932-f5eb-47d0-989c-4f813b54d973,TUITION,2026.0,4.0,0.00,0.00,0.00,ABR
2d6d6932-f5eb-47d0-989c-4f813b54d973|TUITION|2026-05,2d6d6932-f5eb-47d0-989c-4f813b54d973,TUITION,2026.0,5.0,0.00,0.00,0.00,MAY
2d6d6932-f5eb-47d0-989c-4f813b54d973|TUITION|2026-06,2d6d6932-f5eb-47d0-989c-4f813b54d973,TUITION,2026.0,6.0,0.00,0.00,0.00,JUN
2e6b93f5-df65-49fd-8c38-d2325e1f2a4f|TUITION|2025-09,2e6b93f5-df65-49fd-8c38-d2325e1f2a4f,TUITION,2025.0,9.0,900.00,900.00,0.00,SEP
2e6b93f5-df65-49fd-8c38-d2325e1f2a4f|TUITION|2025-10,2e6b93f5-df65-49fd-8c38-d2325e1f2a4f,TUITION,2025.0,10.0,900.00,900.00,0.00,OCT
2e6b93f5-df65-49fd-8c38-d2325e1f2a4f|TUITION|2025-11,2e6b93f5-df65-49fd-8c38-d2325e1f2a4f,TUITION,2025.0,11.0,900.00,900.00,0.00,NOV
2e6b93f5-df65-49fd-8c38-d2325e1f2a4f|TUITION|2025-12,2e6b93f5-df65-49fd-8c38-d2325e1f2a4f,TUITION,2025.0,12.0,900.00,900.00,0.00,DIC/JUL
2e6b93f5-df65-49fd-8c38-d2325e1f2a4f|TUITION|2026-07,2e6b93f5-df65-49fd-8c38-d2325e1f2a4f,TUITION,2026.0,7.0,900.00,900.00,0.00,DIC/JUL
2e6b93f5-df65-49fd-8c38-d2325e1f2a4f|TUITION|2026-01,2e6b93f5-df65-49fd-8c38-d2325e1f2a4f,TUITION,2026.0,1.0,900.00,900.00,0.00,ENE
2e6b93f5-df65-49fd-8c38-d2325e1f2a4f|TUITION|2026-02,2e6b93f5-df65-49fd-8c38-d2325e1f2a4f,TUITION,2026.0,2.0,900.00,900.00,0.00,FEB
2e6b93f5-df65-49fd-8c38-d2325e1f2a4f|TUITION|2026-03,2e6b93f5-df65-49fd-8c38-d2325e1f2a4f,TUITION,2026.0,3.0,900.00,900.00,0.00,MAR/AGO
2e6b93f5-df65-49fd-8c38-d2325e1f2a4f|TUITION|2026-08,2e6b93f5-df65-49fd-8c38-d2325e1f2a4f,TUITION,2026.0,8.0,900.00,900.00,0.00,MAR/AGO
2e6b93f5-df65-49fd-8c38-d2325e1f2a4f|TUITION|2026-04,2e6b93f5-df65-49fd-8c38-d2325e1f2a4f,TUITION,2026.0,4.0,900.00,900.00,0.00,ABR
2e6b93f5-df65-49fd-8c38-d2325e1f2a4f|TUITION|2026-05,2e6b93f5-df65-49fd-8c38-d2325e1f2a4f,TUITION,2026.0,5.0,900.00,0.00,900.00,MAY
2e6b93f5-df65-49fd-8c38-d2325e1f2a4f|TUITION|2026-06,2e6b93f5-df65-49fd-8c38-d2325e1f2a4f,TUITION,2026.0,6.0,900.00,0.00,900.00,JUN
2fe35f28-fbab-491d-91b2-3d939e6b55bd|TUITION|2025-09,2fe35f28-fbab-491d-91b2-3d939e6b55bd,TUITION,2025.0,9.0,1500.00,1500.00,0.00,SEP
2fe35f28-fbab-491d-91b2-3d939e6b55bd|TUITION|2025-10,2fe35f28-fbab-491d-91b2-3d939e6b55bd,TUITION,2025.0,10.0,1500.00,1500.00,0.00,OCT
2fe35f28-fbab-491d-91b2-3d939e6b55bd|TUITION|2025-11,2fe35f28-fbab-491d-91b2-3d939e6b55bd,TUITION,2025.0,11.0,1500.00,1500.00,0.00,NOV
2fe35f28-fbab-491d-91b2-3d939e6b55bd|TUITION|2025-12,2fe35f28-fbab-491d-91b2-3d939e6b55bd,TUITION,2025.0,12.0,1500.00,1500.00,0.00,DIC/JUL
2fe35f28-fbab-491d-91b2-3d939e6b55bd|TUITION|2026-07,2fe35f28-fbab-491d-91b2-3d939e6b55bd,TUITION,2026.0,7.0,1500.00,1500.00,0.00,DIC/JUL
2fe35f28-fbab-491d-91b2-3d939e6b55bd|TUITION|2026-01,2fe35f28-fbab-491d-91b2-3d939e6b55bd,TUITION,2026.0,1.0,1500.00,1500.00,0.00,ENE
2fe35f28-fbab-491d-91b2-3d939e6b55bd|TUITION|2026-02,2fe35f28-fbab-491d-91b2-3d939e6b55bd,TUITION,2026.0,2.0,1500.00,1500.00,0.00,FEB
2fe35f28-fbab-491d-91b2-3d939e6b55bd|TUITION|2026-03,2fe35f28-fbab-491d-91b2-3d939e6b55bd,TUITION,2026.0,3.0,1500.00,0.00,1500.00,MAR/AGO
2fe35f28-fbab-491d-91b2-3d939e6b55bd|TUITION|2026-08,2fe35f28-fbab-491d-91b2-3d939e6b55bd,TUITION,2026.0,8.0,1500.00,0.00,1500.00,MAR/AGO
2fe35f28-fbab-491d-91b2-3d939e6b55bd|TUITION|2026-04,2fe35f28-fbab-491d-91b2-3d939e6b55bd,TUITION,2026.0,4.0,1500.00,0.00,1500.00,ABR
2fe35f28-fbab-491d-91b2-3d939e6b55bd|TUITION|2026-05,2fe35f28-fbab-491d-91b2-3d939e6b55bd,TUITION,2026.0,5.0,1500.00,0.00,1500.00,MAY
2fe35f28-fbab-491d-91b2-3d939e6b55bd|TUITION|2026-06,2fe35f28-fbab-491d-91b2-3d939e6b55bd,TUITION,2026.0,6.0,1500.00,0.00,1500.00,JUN
317e5fd7-d8e6-4476-b348-a0a726649924|TUITION|2025-09,317e5fd7-d8e6-4476-b348-a0a726649924,TUITION,2025.0,9.0,1200.00,1200.00,0.00,SEP
317e5fd7-d8e6-4476-b348-a0a726649924|TUITION|2025-10,317e5fd7-d8e6-4476-b348-a0a726649924,TUITION,2025.0,10.0,1200.00,50.00,1150.00,OCT
317e5fd7-d8e6-4476-b348-a0a726649924|TUITION|2025-11,317e5fd7-d8e6-4476-b348-a0a726649924,TUITION,2025.0,11.0,1200.00,0.00,1200.00,NOV
317e5fd7-d8e6-4476-b348-a0a726649924|TUITION|2025-12,317e5fd7-d8e6-4476-b348-a0a726649924,TUITION,2025.0,12.0,1200.00,0.00,1200.00,DIC/JUL
317e5fd7-d8e6-4476-b348-a0a726649924|TUITION|2026-07,317e5fd7-d8e6-4476-b348-a0a726649924,TUITION,2026.0,7.0,1200.00,0.00,1200.00,DIC/JUL
317e5fd7-d8e6-4476-b348-a0a726649924|TUITION|2026-01,317e5fd7-d8e6-4476-b348-a0a726649924,TUITION,2026.0,1.0,1200.00,0.00,1200.00,ENE
317e5fd7-d8e6-4476-b348-a0a726649924|TUITION|2026-02,317e5fd7-d8e6-4476-b348-a0a726649924,TUITION,2026.0,2.0,1200.00,0.00,1200.00,FEB
317e5fd7-d8e6-4476-b348-a0a726649924|TUITION|2026-03,317e5fd7-d8e6-4476-b348-a0a726649924,TUITION,2026.0,3.0,1200.00,0.00,1200.00,MAR/AGO
317e5fd7-d8e6-4476-b348-a0a726649924|TUITION|2026-08,317e5fd7-d8e6-4476-b348-a0a726649924,TUITION,2026.0,8.0,1200.00,0.00,1200.00,MAR/AGO
317e5fd7-d8e6-4476-b348-a0a726649924|TUITION|2026-04,317e5fd7-d8e6-4476-b348-a0a726649924,TUITION,2026.0,4.0,1200.00,0.00,1200.00,ABR
317e5fd7-d8e6-4476-b348-a0a726649924|TUITION|2026-05,317e5fd7-d8e6-4476-b348-a0a726649924,TUITION,2026.0,5.0,1200.00,0.00,1200.00,MAY
317e5fd7-d8e6-4476-b348-a0a726649924|TUITION|2026-06,317e5fd7-d8e6-4476-b348-a0a726649924,TUITION,2026.0,6.0,1200.00,0.00,1200.00,JUN
3523dbd3-f616-4c1d-9a52-db64d88e0b23|TUITION|2025-09,3523dbd3-f616-4c1d-9a52-db64d88e0b23,TUITION,2025.0,9.0,1400.00,1400.00,0.00,SEP
3523dbd3-f616-4c1d-9a52-db64d88e0b23|TUITION|2025-10,3523dbd3-f616-4c1d-9a52-db64d88e0b23,TUITION,2025.0,10.0,1400.00,1400.00,0.00,OCT
3523dbd3-f616-4c1d-9a52-db64d88e0b23|TUITION|2025-11,3523dbd3-f616-4c1d-9a52-db64d88e0b23,TUITION,2025.0,11.0,1400.00,1400.00,0.00,NOV
3523dbd3-f616-4c1d-9a52-db64d88e0b23|TUITION|2025-12,3523dbd3-f616-4c1d-9a52-db64d88e0b23,TUITION,2025.0,12.0,1400.00,1400.00,0.00,DIC/JUL
3523dbd3-f616-4c1d-9a52-db64d88e0b23|TUITION|2026-07,3523dbd3-f616-4c1d-9a52-db64d88e0b23,TUITION,2026.0,7.0,1400.00,1400.00,0.00,DIC/JUL
3523dbd3-f616-4c1d-9a52-db64d88e0b23|TUITION|2026-01,3523dbd3-f616-4c1d-9a52-db64d88e0b23,TUITION,2026.0,1.0,1400.00,1400.00,0.00,ENE
3523dbd3-f616-4c1d-9a52-db64d88e0b23|TUITION|2026-02,3523dbd3-f616-4c1d-9a52-db64d88e0b23,TUITION,2026.0,2.0,1400.00,1400.00,0.00,FEB
3523dbd3-f616-4c1d-9a52-db64d88e0b23|TUITION|2026-03,3523dbd3-f616-4c1d-9a52-db64d88e0b23,TUITION,2026.0,3.0,1400.00,1400.00,0.00,MAR/AGO
3523dbd3-f616-4c1d-9a52-db64d88e0b23|TUITION|2026-08,3523dbd3-f616-4c1d-9a52-db64d88e0b23,TUITION,2026.0,8.0,1400.00,900.00,500.00,MAR/AGO
3523dbd3-f616-4c1d-9a52-db64d88e0b23|TUITION|2026-04,3523dbd3-f616-4c1d-9a52-db64d88e0b23,TUITION,2026.0,4.0,1400.00,0.00,1400.00,ABR
3523dbd3-f616-4c1d-9a52-db64d88e0b23|TUITION|2026-05,3523dbd3-f616-4c1d-9a52-db64d88e0b23,TUITION,2026.0,5.0,1400.00,0.00,1400.00,MAY
3523dbd3-f616-4c1d-9a52-db64d88e0b23|TUITION|2026-06,3523dbd3-f616-4c1d-9a52-db64d88e0b23,TUITION,2026.0,6.0,1400.00,0.00,1400.00,JUN
37b6c311-9c1a-461e-a70b-d93557cdbc0d|TUITION|2025-09,37b6c311-9c1a-461e-a70b-d93557cdbc0d,TUITION,2025.0,9.0,1000.00,1000.00,0.00,SEP
37b6c311-9c1a-461e-a70b-d93557cdbc0d|TUITION|2025-10,37b6c311-9c1a-461e-a70b-d93557cdbc0d,TUITION,2025.0,10.0,1000.00,0.00,1000.00,OCT
37b6c311-9c1a-461e-a70b-d93557cdbc0d|TUITION|2025-11,37b6c311-9c1a-461e-a70b-d93557cdbc0d,TUITION,2025.0,11.0,1000.00,0.00,1000.00,NOV
37b6c311-9c1a-461e-a70b-d93557cdbc0d|TUITION|2025-12,37b6c311-9c1a-461e-a70b-d93557cdbc0d,TUITION,2025.0,12.0,1000.00,0.00,1000.00,DIC/JUL
37b6c311-9c1a-461e-a70b-d93557cdbc0d|TUITION|2026-07,37b6c311-9c1a-461e-a70b-d93557cdbc0d,TUITION,2026.0,7.0,1000.00,0.00,1000.00,DIC/JUL
37b6c311-9c1a-461e-a70b-d93557cdbc0d|TUITION|2026-01,37b6c311-9c1a-461e-a70b-d93557cdbc0d,TUITION,2026.0,1.0,1000.00,0.00,1000.00,ENE
37b6c311-9c1a-461e-a70b-d93557cdbc0d|TUITION|2026-02,37b6c311-9c1a-461e-a70b-d93557cdbc0d,TUITION,2026.0,2.0,1000.00,0.00,1000.00,FEB
37b6c311-9c1a-461e-a70b-d93557cdbc0d|TUITION|2026-03,37b6c311-9c1a-461e-a70b-d93557cdbc0d,TUITION,2026.0,3.0,1000.00,0.00,1000.00,MAR/AGO
37b6c311-9c1a-461e-a70b-d93557cdbc0d|TUITION|2026-08,37b6c311-9c1a-461e-a70b-d93557cdbc0d,TUITION,2026.0,8.0,1000.00,0.00,1000.00,MAR/AGO
37b6c311-9c1a-461e-a70b-d93557cdbc0d|TUITION|2026-04,37b6c311-9c1a-461e-a70b-d93557cdbc0d,TUITION,2026.0,4.0,1000.00,0.00,1000.00,ABR
37b6c311-9c1a-461e-a70b-d93557cdbc0d|TUITION|2026-05,37b6c311-9c1a-461e-a70b-d93557cdbc0d,TUITION,2026.0,5.0,1000.00,0.00,1000.00,MAY
37b6c311-9c1a-461e-a70b-d93557cdbc0d|TUITION|2026-06,37b6c311-9c1a-461e-a70b-d93557cdbc0d,TUITION,2026.0,6.0,1000.00,0.00,1000.00,JUN
3c1c4ba3-2fb1-42d4-bb72-bf84b00d517c|TUITION|2025-09,3c1c4ba3-2fb1-42d4-bb72-bf84b00d517c,TUITION,2025.0,9.0,0.00,0.00,0.00,SEP
3c1c4ba3-2fb1-42d4-bb72-bf84b00d517c|TUITION|2025-10,3c1c4ba3-2fb1-42d4-bb72-bf84b00d517c,TUITION,2025.0,10.0,0.00,0.00,0.00,OCT
3c1c4ba3-2fb1-42d4-bb72-bf84b00d517c|TUITION|2025-11,3c1c4ba3-2fb1-42d4-bb72-bf84b00d517c,TUITION,2025.0,11.0,0.00,0.00,0.00,NOV
3c1c4ba3-2fb1-42d4-bb72-bf84b00d517c|TUITION|2025-12,3c1c4ba3-2fb1-42d4-bb72-bf84b00d517c,TUITION,2025.0,12.0,0.00,0.00,0.00,DIC/JUL
3c1c4ba3-2fb1-42d4-bb72-bf84b00d517c|TUITION|2026-07,3c1c4ba3-2fb1-42d4-bb72-bf84b00d517c,TUITION,2026.0,7.0,0.00,0.00,0.00,DIC/JUL
3c1c4ba3-2fb1-42d4-bb72-bf84b00d517c|TUITION|2026-01,3c1c4ba3-2fb1-42d4-bb72-bf84b00d517c,TUITION,2026.0,1.0,0.00,0.00,0.00,ENE
3c1c4ba3-2fb1-42d4-bb72-bf84b00d517c|TUITION|2026-02,3c1c4ba3-2fb1-42d4-bb72-bf84b00d517c,TUITION,2026.0,2.0,0.00,0.00,0.00,FEB
3c1c4ba3-2fb1-42d4-bb72-bf84b00d517c|TUITION|2026-03,3c1c4ba3-2fb1-42d4-bb72-bf84b00d517c,TUITION,2026.0,3.0,0.00,0.00,0.00,MAR/AGO
3c1c4ba3-2fb1-42d4-bb72-bf84b00d517c|TUITION|2026-08,3c1c4ba3-2fb1-42d4-bb72-bf84b00d517c,TUITION,2026.0,8.0,0.00,0.00,0.00,MAR/AGO
3c1c4ba3-2fb1-42d4-bb72-bf84b00d517c|TUITION|2026-04,3c1c4ba3-2fb1-42d4-bb72-bf84b00d517c,TUITION,2026.0,4.0,0.00,0.00,0.00,ABR
3c1c4ba3-2fb1-42d4-bb72-bf84b00d517c|TUITION|2026-05,3c1c4ba3-2fb1-42d4-bb72-bf84b00d517c,TUITION,2026.0,5.0,0.00,0.00,0.00,MAY
3c1c4ba3-2fb1-42d4-bb72-bf84b00d517c|TUITION|2026-06,3c1c4ba3-2fb1-42d4-bb72-bf84b00d517c,TUITION,2026.0,6.0,0.00,0.00,0.00,JUN
3f41b6c5-35cb-41d3-a974-762ad0f1c7f3|TUITION|2025-09,3f41b6c5-35cb-41d3-a974-762ad0f1c7f3,TUITION,2025.0,9.0,1600.00,1600.00,0.00,SEP
3f41b6c5-35cb-41d3-a974-762ad0f1c7f3|TUITION|2025-10,3f41b6c5-35cb-41d3-a974-762ad0f1c7f3,TUITION,2025.0,10.0,1600.00,1600.00,0.00,OCT
3f41b6c5-35cb-41d3-a974-762ad0f1c7f3|TUITION|2025-11,3f41b6c5-35cb-41d3-a974-762ad0f1c7f3,TUITION,2025.0,11.0,1600.00,0.00,1600.00,NOV
3f41b6c5-35cb-41d3-a974-762ad0f1c7f3|TUITION|2025-12,3f41b6c5-35cb-41d3-a974-762ad0f1c7f3,TUITION,2025.0,12.0,1600.00,0.00,1600.00,DIC/JUL
3f41b6c5-35cb-41d3-a974-762ad0f1c7f3|TUITION|2026-07,3f41b6c5-35cb-41d3-a974-762ad0f1c7f3,TUITION,2026.0,7.0,1600.00,0.00,1600.00,DIC/JUL
3f41b6c5-35cb-41d3-a974-762ad0f1c7f3|TUITION|2026-01,3f41b6c5-35cb-41d3-a974-762ad0f1c7f3,TUITION,2026.0,1.0,1600.00,0.00,1600.00,ENE
3f41b6c5-35cb-41d3-a974-762ad0f1c7f3|TUITION|2026-02,3f41b6c5-35cb-41d3-a974-762ad0f1c7f3,TUITION,2026.0,2.0,1600.00,0.00,1600.00,FEB
3f41b6c5-35cb-41d3-a974-762ad0f1c7f3|TUITION|2026-03,3f41b6c5-35cb-41d3-a974-762ad0f1c7f3,TUITION,2026.0,3.0,1600.00,0.00,1600.00,MAR/AGO
3f41b6c5-35cb-41d3-a974-762ad0f1c7f3|TUITION|2026-08,3f41b6c5-35cb-41d3-a974-762ad0f1c7f3,TUITION,2026.0,8.0,1600.00,0.00,1600.00,MAR/AGO
3f41b6c5-35cb-41d3-a974-762ad0f1c7f3|TUITION|2026-04,3f41b6c5-35cb-41d3-a974-762ad0f1c7f3,TUITION,2026.0,4.0,1600.00,0.00,1600.00,ABR
3f41b6c5-35cb-41d3-a974-762ad0f1c7f3|TUITION|2026-05,3f41b6c5-35cb-41d3-a974-762ad0f1c7f3,TUITION,2026.0,5.0,1600.00,0.00,1600.00,MAY
3f41b6c5-35cb-41d3-a974-762ad0f1c7f3|TUITION|2026-06,3f41b6c5-35cb-41d3-a974-762ad0f1c7f3,TUITION,2026.0,6.0,1600.00,0.00,1600.00,JUN
3f6663d7-9b89-4ea2-9f06-5035caff6390|TUITION|2025-09,3f6663d7-9b89-4ea2-9f06-5035caff6390,TUITION,2025.0,9.0,900.00,900.00,0.00,SEP
3f6663d7-9b89-4ea2-9f06-5035caff6390|TUITION|2025-10,3f6663d7-9b89-4ea2-9f06-5035caff6390,TUITION,2025.0,10.0,900.00,900.00,0.00,OCT
3f6663d7-9b89-4ea2-9f06-5035caff6390|TUITION|2025-11,3f6663d7-9b89-4ea2-9f06-5035caff6390,TUITION,2025.0,11.0,900.00,900.00,0.00,NOV
3f6663d7-9b89-4ea2-9f06-5035caff6390|TUITION|2025-12,3f6663d7-9b89-4ea2-9f06-5035caff6390,TUITION,2025.0,12.0,900.00,900.00,0.00,DIC/JUL
3f6663d7-9b89-4ea2-9f06-5035caff6390|TUITION|2026-07,3f6663d7-9b89-4ea2-9f06-5035caff6390,TUITION,2026.0,7.0,900.00,900.00,0.00,DIC/JUL
3f6663d7-9b89-4ea2-9f06-5035caff6390|TUITION|2026-01,3f6663d7-9b89-4ea2-9f06-5035caff6390,TUITION,2026.0,1.0,900.00,900.00,0.00,ENE
3f6663d7-9b89-4ea2-9f06-5035caff6390|TUITION|2026-02,3f6663d7-9b89-4ea2-9f06-5035caff6390,TUITION,2026.0,2.0,900.00,900.00,0.00,FEB
3f6663d7-9b89-4ea2-9f06-5035caff6390|TUITION|2026-03,3f6663d7-9b89-4ea2-9f06-5035caff6390,TUITION,2026.0,3.0,900.00,900.00,0.00,MAR/AGO
3f6663d7-9b89-4ea2-9f06-5035caff6390|TUITION|2026-08,3f6663d7-9b89-4ea2-9f06-5035caff6390,TUITION,2026.0,8.0,900.00,900.00,0.00,MAR/AGO
3f6663d7-9b89-4ea2-9f06-5035caff6390|TUITION|2026-04,3f6663d7-9b89-4ea2-9f06-5035caff6390,TUITION,2026.0,4.0,900.00,900.00,0.00,ABR
3f6663d7-9b89-4ea2-9f06-5035caff6390|TUITION|2026-05,3f6663d7-9b89-4ea2-9f06-5035caff6390,TUITION,2026.0,5.0,900.00,0.00,900.00,MAY
3f6663d7-9b89-4ea2-9f06-5035caff6390|TUITION|2026-06,3f6663d7-9b89-4ea2-9f06-5035caff6390,TUITION,2026.0,6.0,900.00,0.00,900.00,JUN
40dc866f-fce4-4635-bf68-fa98f8b87c6e|TUITION|2025-09,40dc866f-fce4-4635-bf68-fa98f8b87c6e,TUITION,2025.0,9.0,1100.00,1100.00,0.00,SEP
40dc866f-fce4-4635-bf68-fa98f8b87c6e|TUITION|2025-10,40dc866f-fce4-4635-bf68-fa98f8b87c6e,TUITION,2025.0,10.0,1100.00,1100.00,0.00,OCT
40dc866f-fce4-4635-bf68-fa98f8b87c6e|TUITION|2025-11,40dc866f-fce4-4635-bf68-fa98f8b87c6e,TUITION,2025.0,11.0,1100.00,1100.00,0.00,NOV
40dc866f-fce4-4635-bf68-fa98f8b87c6e|TUITION|2025-12,40dc866f-fce4-4635-bf68-fa98f8b87c6e,TUITION,2025.0,12.0,1100.00,1100.00,0.00,DIC/JUL
40dc866f-fce4-4635-bf68-fa98f8b87c6e|TUITION|2026-07,40dc866f-fce4-4635-bf68-fa98f8b87c6e,TUITION,2026.0,7.0,1100.00,0.00,1100.00,DIC/JUL
4f28d56c-a1e3-4052-87a3-ecd1d9b0d5b6|TUITION|2025-09,4f28d56c-a1e3-4052-87a3-ecd1d9b0d5b6,TUITION,2025.0,9.0,1500.00,1500.00,0.00,SEP
4f28d56c-a1e3-4052-87a3-ecd1d9b0d5b6|TUITION|2025-10,4f28d56c-a1e3-4052-87a3-ecd1d9b0d5b6,TUITION,2025.0,10.0,1500.00,1500.00,0.00,OCT
4f28d56c-a1e3-4052-87a3-ecd1d9b0d5b6|TUITION|2025-11,4f28d56c-a1e3-4052-87a3-ecd1d9b0d5b6,TUITION,2025.0,11.0,1500.00,1500.00,0.00,NOV
4f28d56c-a1e3-4052-87a3-ecd1d9b0d5b6|TUITION|2025-12,4f28d56c-a1e3-4052-87a3-ecd1d9b0d5b6,TUITION,2025.0,12.0,1500.00,1500.00,0.00,DIC/JUL
4f28d56c-a1e3-4052-87a3-ecd1d9b0d5b6|TUITION|2026-07,4f28d56c-a1e3-4052-87a3-ecd1d9b0d5b6,TUITION,2026.0,7.0,1500.00,1500.00,0.00,DIC/JUL
4f28d56c-a1e3-4052-87a3-ecd1d9b0d5b6|TUITION|2026-01,4f28d56c-a1e3-4052-87a3-ecd1d9b0d5b6,TUITION,2026.0,1.0,1500.00,1500.00,0.00,ENE
4f28d56c-a1e3-4052-87a3-ecd1d9b0d5b6|TUITION|2026-02,4f28d56c-a1e3-4052-87a3-ecd1d9b0d5b6,TUITION,2026.0,2.0,1500.00,1500.00,0.00,FEB
4f28d56c-a1e3-4052-87a3-ecd1d9b0d5b6|TUITION|2026-03,4f28d56c-a1e3-4052-87a3-ecd1d9b0d5b6,TUITION,2026.0,3.0,1500.00,1500.00,0.00,MAR/AGO
4f28d56c-a1e3-4052-87a3-ecd1d9b0d5b6|TUITION|2026-08,4f28d56c-a1e3-4052-87a3-ecd1d9b0d5b6,TUITION,2026.0,8.0,1500.00,1500.00,0.00,MAR/AGO
4f28d56c-a1e3-4052-87a3-ecd1d9b0d5b6|TUITION|2026-04,4f28d56c-a1e3-4052-87a3-ecd1d9b0d5b6,TUITION,2026.0,4.0,1500.00,0.00,1500.00,ABR
4f28d56c-a1e3-4052-87a3-ecd1d9b0d5b6|TUITION|2026-05,4f28d56c-a1e3-4052-87a3-ecd1d9b0d5b6,TUITION,2026.0,5.0,1500.00,0.00,1500.00,MAY
4f28d56c-a1e3-4052-87a3-ecd1d9b0d5b6|TUITION|2026-06,4f28d56c-a1e3-4052-87a3-ecd1d9b0d5b6,TUITION,2026.0,6.0,1500.00,0.00,1500.00,JUN
533aa94a-8eb8-436d-82ac-cb0d104f816e|TUITION|2025-09,533aa94a-8eb8-436d-82ac-cb0d104f816e,TUITION,2025.0,9.0,900.00,900.00,0.00,SEP
533aa94a-8eb8-436d-82ac-cb0d104f816e|TUITION|2025-10,533aa94a-8eb8-436d-82ac-cb0d104f816e,TUITION,2025.0,10.0,900.00,900.00,0.00,OCT
533aa94a-8eb8-436d-82ac-cb0d104f816e|TUITION|2025-11,533aa94a-8eb8-436d-82ac-cb0d104f816e,TUITION,2025.0,11.0,900.00,900.00,0.00,NOV
533aa94a-8eb8-436d-82ac-cb0d104f816e|TUITION|2025-12,533aa94a-8eb8-436d-82ac-cb0d104f816e,TUITION,2025.0,12.0,900.00,900.00,0.00,DIC/JUL
533aa94a-8eb8-436d-82ac-cb0d104f816e|TUITION|2026-07,533aa94a-8eb8-436d-82ac-cb0d104f816e,TUITION,2026.0,7.0,900.00,900.00,0.00,DIC/JUL
533aa94a-8eb8-436d-82ac-cb0d104f816e|TUITION|2026-01,533aa94a-8eb8-436d-82ac-cb0d104f816e,TUITION,2026.0,1.0,900.00,900.00,0.00,ENE
533aa94a-8eb8-436d-82ac-cb0d104f816e|TUITION|2026-02,533aa94a-8eb8-436d-82ac-cb0d104f816e,TUITION,2026.0,2.0,900.00,900.00,0.00,FEB
533aa94a-8eb8-436d-82ac-cb0d104f816e|TUITION|2026-03,533aa94a-8eb8-436d-82ac-cb0d104f816e,TUITION,2026.0,3.0,900.00,900.00,0.00,MAR/AGO
533aa94a-8eb8-436d-82ac-cb0d104f816e|TUITION|2026-08,533aa94a-8eb8-436d-82ac-cb0d104f816e,TUITION,2026.0,8.0,900.00,900.00,0.00,MAR/AGO
533aa94a-8eb8-436d-82ac-cb0d104f816e|TUITION|2026-04,533aa94a-8eb8-436d-82ac-cb0d104f816e,TUITION,2026.0,4.0,900.00,900.00,0.00,ABR
533aa94a-8eb8-436d-82ac-cb0d104f816e|TUITION|2026-05,533aa94a-8eb8-436d-82ac-cb0d104f816e,TUITION,2026.0,5.0,900.00,900.00,0.00,MAY
533aa94a-8eb8-436d-82ac-cb0d104f816e|TUITION|2026-06,533aa94a-8eb8-436d-82ac-cb0d104f816e,TUITION,2026.0,6.0,900.00,900.00,0.00,JUN
54a3ac62-0b3d-4d6f-ae14-f7adec420285|TUITION|2025-09,54a3ac62-0b3d-4d6f-ae14-f7adec420285,TUITION,2025.0,9.0,1600.00,0.00,1600.00,SEP
54a3ac62-0b3d-4d6f-ae14-f7adec420285|TUITION|2025-10,54a3ac62-0b3d-4d6f-ae14-f7adec420285,TUITION,2025.0,10.0,1600.00,0.00,1600.00,OCT
54a3ac62-0b3d-4d6f-ae14-f7adec420285|TUITION|2025-11,54a3ac62-0b3d-4d6f-ae14-f7adec420285,TUITION,2025.0,11.0,1600.00,0.00,1600.00,NOV
54a3ac62-0b3d-4d6f-ae14-f7adec420285|TUITION|2025-12,54a3ac62-0b3d-4d6f-ae14-f7adec420285,TUITION,2025.0,12.0,1600.00,0.00,1600.00,DIC/JUL
54a3ac62-0b3d-4d6f-ae14-f7adec420285|TUITION|2026-07,54a3ac62-0b3d-4d6f-ae14-f7adec420285,TUITION,2026.0,7.0,1600.00,0.00,1600.00,DIC/JUL
54a3ac62-0b3d-4d6f-ae14-f7adec420285|TUITION|2026-01,54a3ac62-0b3d-4d6f-ae14-f7adec420285,TUITION,2026.0,1.0,1600.00,0.00,1600.00,ENE
54a3ac62-0b3d-4d6f-ae14-f7adec420285|TUITION|2026-02,54a3ac62-0b3d-4d6f-ae14-f7adec420285,TUITION,2026.0,2.0,1600.00,0.00,1600.00,FEB
54a3ac62-0b3d-4d6f-ae14-f7adec420285|TUITION|2026-03,54a3ac62-0b3d-4d6f-ae14-f7adec420285,TUITION,2026.0,3.0,1600.00,0.00,1600.00,MAR/AGO
54a3ac62-0b3d-4d6f-ae14-f7adec420285|TUITION|2026-08,54a3ac62-0b3d-4d6f-ae14-f7adec420285,TUITION,2026.0,8.0,1600.00,0.00,1600.00,MAR/AGO
54a3ac62-0b3d-4d6f-ae14-f7adec420285|TUITION|2026-04,54a3ac62-0b3d-4d6f-ae14-f7adec420285,TUITION,2026.0,4.0,1600.00,0.00,1600.00,ABR
54a3ac62-0b3d-4d6f-ae14-f7adec420285|TUITION|2026-05,54a3ac62-0b3d-4d6f-ae14-f7adec420285,TUITION,2026.0,5.0,1600.00,0.00,1600.00,MAY
54a3ac62-0b3d-4d6f-ae14-f7adec420285|TUITION|2026-06,54a3ac62-0b3d-4d6f-ae14-f7adec420285,TUITION,2026.0,6.0,1600.00,0.00,1600.00,JUN
562676d8-327a-4012-97e1-f0cfefc685b0|TUITION|2025-09,562676d8-327a-4012-97e1-f0cfefc685b0,TUITION,2025.0,9.0,1500.00,1500.00,0.00,SEP
562676d8-327a-4012-97e1-f0cfefc685b0|TUITION|2025-10,562676d8-327a-4012-97e1-f0cfefc685b0,TUITION,2025.0,10.0,1500.00,1500.00,0.00,OCT
562676d8-327a-4012-97e1-f0cfefc685b0|TUITION|2025-11,562676d8-327a-4012-97e1-f0cfefc685b0,TUITION,2025.0,11.0,1500.00,1500.00,0.00,NOV
562676d8-327a-4012-97e1-f0cfefc685b0|TUITION|2025-12,562676d8-327a-4012-97e1-f0cfefc685b0,TUITION,2025.0,12.0,1500.00,1500.00,0.00,DIC/JUL
562676d8-327a-4012-97e1-f0cfefc685b0|TUITION|2026-07,562676d8-327a-4012-97e1-f0cfefc685b0,TUITION,2026.0,7.0,1500.00,1500.00,0.00,DIC/JUL
562676d8-327a-4012-97e1-f0cfefc685b0|TUITION|2026-01,562676d8-327a-4012-97e1-f0cfefc685b0,TUITION,2026.0,1.0,1500.00,1500.00,0.00,ENE
562676d8-327a-4012-97e1-f0cfefc685b0|TUITION|2026-02,562676d8-327a-4012-97e1-f0cfefc685b0,TUITION,2026.0,2.0,1500.00,1500.00,0.00,FEB
562676d8-327a-4012-97e1-f0cfefc685b0|TUITION|2026-03,562676d8-327a-4012-97e1-f0cfefc685b0,TUITION,2026.0,3.0,1500.00,1500.00,0.00,MAR/AGO
562676d8-327a-4012-97e1-f0cfefc685b0|TUITION|2026-08,562676d8-327a-4012-97e1-f0cfefc685b0,TUITION,2026.0,8.0,1500.00,1500.00,0.00,MAR/AGO
562676d8-327a-4012-97e1-f0cfefc685b0|TUITION|2026-04,562676d8-327a-4012-97e1-f0cfefc685b0,TUITION,2026.0,4.0,1500.00,1500.00,0.00,ABR
562676d8-327a-4012-97e1-f0cfefc685b0|TUITION|2026-05,562676d8-327a-4012-97e1-f0cfefc685b0,TUITION,2026.0,5.0,1500.00,0.00,1500.00,MAY
562676d8-327a-4012-97e1-f0cfefc685b0|TUITION|2026-06,562676d8-327a-4012-97e1-f0cfefc685b0,TUITION,2026.0,6.0,1500.00,0.00,1500.00,JUN
58676041-fe76-4791-9f8b-7bc1dad83cb8|TUITION|2025-09,58676041-fe76-4791-9f8b-7bc1dad83cb8,TUITION,2025.0,9.0,1500.00,1500.00,0.00,SEP
58676041-fe76-4791-9f8b-7bc1dad83cb8|TUITION|2025-10,58676041-fe76-4791-9f8b-7bc1dad83cb8,TUITION,2025.0,10.0,1500.00,0.00,1500.00,OCT
58676041-fe76-4791-9f8b-7bc1dad83cb8|TUITION|2025-11,58676041-fe76-4791-9f8b-7bc1dad83cb8,TUITION,2025.0,11.0,1500.00,0.00,1500.00,NOV
58676041-fe76-4791-9f8b-7bc1dad83cb8|TUITION|2025-12,58676041-fe76-4791-9f8b-7bc1dad83cb8,TUITION,2025.0,12.0,1500.00,0.00,1500.00,DIC/JUL
58676041-fe76-4791-9f8b-7bc1dad83cb8|TUITION|2026-07,58676041-fe76-4791-9f8b-7bc1dad83cb8,TUITION,2026.0,7.0,1500.00,0.00,1500.00,DIC/JUL
58676041-fe76-4791-9f8b-7bc1dad83cb8|TUITION|2026-01,58676041-fe76-4791-9f8b-7bc1dad83cb8,TUITION,2026.0,1.0,1500.00,0.00,1500.00,ENE
58676041-fe76-4791-9f8b-7bc1dad83cb8|TUITION|2026-02,58676041-fe76-4791-9f8b-7bc1dad83cb8,TUITION,2026.0,2.0,1500.00,0.00,1500.00,FEB
58676041-fe76-4791-9f8b-7bc1dad83cb8|TUITION|2026-03,58676041-fe76-4791-9f8b-7bc1dad83cb8,TUITION,2026.0,3.0,1500.00,0.00,1500.00,MAR/AGO
58676041-fe76-4791-9f8b-7bc1dad83cb8|TUITION|2026-08,58676041-fe76-4791-9f8b-7bc1dad83cb8,TUITION,2026.0,8.0,1500.00,0.00,1500.00,MAR/AGO
58676041-fe76-4791-9f8b-7bc1dad83cb8|TUITION|2026-04,58676041-fe76-4791-9f8b-7bc1dad83cb8,TUITION,2026.0,4.0,1500.00,0.00,1500.00,ABR
58676041-fe76-4791-9f8b-7bc1dad83cb8|TUITION|2026-05,58676041-fe76-4791-9f8b-7bc1dad83cb8,TUITION,2026.0,5.0,1500.00,0.00,1500.00,MAY
58676041-fe76-4791-9f8b-7bc1dad83cb8|TUITION|2026-06,58676041-fe76-4791-9f8b-7bc1dad83cb8,TUITION,2026.0,6.0,1500.00,0.00,1500.00,JUN
58d1397f-6c2f-4806-874f-04e5ac218830|TUITION|2025-09,58d1397f-6c2f-4806-874f-04e5ac218830,TUITION,2025.0,9.0,900.00,0.00,900.00,SEP
58d1397f-6c2f-4806-874f-04e5ac218830|TUITION|2025-10,58d1397f-6c2f-4806-874f-04e5ac218830,TUITION,2025.0,10.0,900.00,0.00,900.00,OCT
58d1397f-6c2f-4806-874f-04e5ac218830|TUITION|2025-11,58d1397f-6c2f-4806-874f-04e5ac218830,TUITION,2025.0,11.0,900.00,0.00,900.00,NOV
58d1397f-6c2f-4806-874f-04e5ac218830|TUITION|2025-12,58d1397f-6c2f-4806-874f-04e5ac218830,TUITION,2025.0,12.0,900.00,0.00,900.00,DIC/JUL
58d1397f-6c2f-4806-874f-04e5ac218830|TUITION|2026-07,58d1397f-6c2f-4806-874f-04e5ac218830,TUITION,2026.0,7.0,900.00,0.00,900.00,DIC/JUL
58d1397f-6c2f-4806-874f-04e5ac218830|TUITION|2026-01,58d1397f-6c2f-4806-874f-04e5ac218830,TUITION,2026.0,1.0,900.00,0.00,900.00,ENE
58d1397f-6c2f-4806-874f-04e5ac218830|TUITION|2026-02,58d1397f-6c2f-4806-874f-04e5ac218830,TUITION,2026.0,2.0,900.00,0.00,900.00,FEB
58d1397f-6c2f-4806-874f-04e5ac218830|TUITION|2026-03,58d1397f-6c2f-4806-874f-04e5ac218830,TUITION,2026.0,3.0,900.00,0.00,900.00,MAR/AGO
58d1397f-6c2f-4806-874f-04e5ac218830|TUITION|2026-08,58d1397f-6c2f-4806-874f-04e5ac218830,TUITION,2026.0,8.0,900.00,0.00,900.00,MAR/AGO
58d1397f-6c2f-4806-874f-04e5ac218830|TUITION|2026-04,58d1397f-6c2f-4806-874f-04e5ac218830,TUITION,2026.0,4.0,900.00,0.00,900.00,ABR
58d1397f-6c2f-4806-874f-04e5ac218830|TUITION|2026-05,58d1397f-6c2f-4806-874f-04e5ac218830,TUITION,2026.0,5.0,900.00,0.00,900.00,MAY
58d1397f-6c2f-4806-874f-04e5ac218830|TUITION|2026-06,58d1397f-6c2f-4806-874f-04e5ac218830,TUITION,2026.0,6.0,900.00,0.00,900.00,JUN
58f5f801-a774-4b45-8960-aec7b7127187|TUITION|2025-09,58f5f801-a774-4b45-8960-aec7b7127187,TUITION,2025.0,9.0,1600.00,1600.00,0.00,SEP
58f5f801-a774-4b45-8960-aec7b7127187|TUITION|2025-10,58f5f801-a774-4b45-8960-aec7b7127187,TUITION,2025.0,10.0,1600.00,1600.00,0.00,OCT
58f5f801-a774-4b45-8960-aec7b7127187|TUITION|2025-11,58f5f801-a774-4b45-8960-aec7b7127187,TUITION,2025.0,11.0,1600.00,1600.00,0.00,NOV
58f5f801-a774-4b45-8960-aec7b7127187|TUITION|2025-12,58f5f801-a774-4b45-8960-aec7b7127187,TUITION,2025.0,12.0,1600.00,1600.00,0.00,DIC/JUL
58f5f801-a774-4b45-8960-aec7b7127187|TUITION|2026-07,58f5f801-a774-4b45-8960-aec7b7127187,TUITION,2026.0,7.0,1600.00,1600.00,0.00,DIC/JUL
58f5f801-a774-4b45-8960-aec7b7127187|TUITION|2026-01,58f5f801-a774-4b45-8960-aec7b7127187,TUITION,2026.0,1.0,1600.00,1600.00,0.00,ENE
58f5f801-a774-4b45-8960-aec7b7127187|TUITION|2026-02,58f5f801-a774-4b45-8960-aec7b7127187,TUITION,2026.0,2.0,1600.00,0.00,1600.00,FEB
58f5f801-a774-4b45-8960-aec7b7127187|TUITION|2026-03,58f5f801-a774-4b45-8960-aec7b7127187,TUITION,2026.0,3.0,1600.00,0.00,1600.00,MAR/AGO
58f5f801-a774-4b45-8960-aec7b7127187|TUITION|2026-08,58f5f801-a774-4b45-8960-aec7b7127187,TUITION,2026.0,8.0,1600.00,0.00,1600.00,MAR/AGO
58f5f801-a774-4b45-8960-aec7b7127187|TUITION|2026-04,58f5f801-a774-4b45-8960-aec7b7127187,TUITION,2026.0,4.0,1600.00,0.00,1600.00,ABR
58f5f801-a774-4b45-8960-aec7b7127187|TUITION|2026-05,58f5f801-a774-4b45-8960-aec7b7127187,TUITION,2026.0,5.0,1600.00,0.00,1600.00,MAY
58f5f801-a774-4b45-8960-aec7b7127187|TUITION|2026-06,58f5f801-a774-4b45-8960-aec7b7127187,TUITION,2026.0,6.0,1600.00,0.00,1600.00,JUN
5af22e45-f9f7-4577-b07b-7ce4a7940329|TUITION|2025-09,5af22e45-f9f7-4577-b07b-7ce4a7940329,TUITION,2025.0,9.0,1500.00,1500.00,0.00,SEP
5af22e45-f9f7-4577-b07b-7ce4a7940329|TUITION|2025-10,5af22e45-f9f7-4577-b07b-7ce4a7940329,TUITION,2025.0,10.0,1500.00,1500.00,0.00,OCT
5af22e45-f9f7-4577-b07b-7ce4a7940329|TUITION|2025-11,5af22e45-f9f7-4577-b07b-7ce4a7940329,TUITION,2025.0,11.0,1500.00,1500.00,0.00,NOV
5af22e45-f9f7-4577-b07b-7ce4a7940329|TUITION|2025-12,5af22e45-f9f7-4577-b07b-7ce4a7940329,TUITION,2025.0,12.0,1500.00,1500.00,0.00,DIC/JUL
5af22e45-f9f7-4577-b07b-7ce4a7940329|TUITION|2026-07,5af22e45-f9f7-4577-b07b-7ce4a7940329,TUITION,2026.0,7.0,1500.00,1500.00,0.00,DIC/JUL
5af22e45-f9f7-4577-b07b-7ce4a7940329|TUITION|2026-01,5af22e45-f9f7-4577-b07b-7ce4a7940329,TUITION,2026.0,1.0,1500.00,1500.00,0.00,ENE
5af22e45-f9f7-4577-b07b-7ce4a7940329|TUITION|2026-02,5af22e45-f9f7-4577-b07b-7ce4a7940329,TUITION,2026.0,2.0,1500.00,1500.00,0.00,FEB
5af22e45-f9f7-4577-b07b-7ce4a7940329|TUITION|2026-03,5af22e45-f9f7-4577-b07b-7ce4a7940329,TUITION,2026.0,3.0,1500.00,0.00,1500.00,MAR/AGO
5af22e45-f9f7-4577-b07b-7ce4a7940329|TUITION|2026-08,5af22e45-f9f7-4577-b07b-7ce4a7940329,TUITION,2026.0,8.0,1500.00,0.00,1500.00,MAR/AGO
5af22e45-f9f7-4577-b07b-7ce4a7940329|TUITION|2026-04,5af22e45-f9f7-4577-b07b-7ce4a7940329,TUITION,2026.0,4.0,1500.00,0.00,1500.00,ABR
5af22e45-f9f7-4577-b07b-7ce4a7940329|TUITION|2026-05,5af22e45-f9f7-4577-b07b-7ce4a7940329,TUITION,2026.0,5.0,1500.00,0.00,1500.00,MAY
5af22e45-f9f7-4577-b07b-7ce4a7940329|TUITION|2026-06,5af22e45-f9f7-4577-b07b-7ce4a7940329,TUITION,2026.0,6.0,1500.00,0.00,1500.00,JUN
5b6f10bf-24ec-4e49-8839-dbf02ee4cd75|TUITION|2025-09,5b6f10bf-24ec-4e49-8839-dbf02ee4cd75,TUITION,2025.0,9.0,1500.00,1500.00,0.00,SEP
5b6f10bf-24ec-4e49-8839-dbf02ee4cd75|TUITION|2025-10,5b6f10bf-24ec-4e49-8839-dbf02ee4cd75,TUITION,2025.0,10.0,1500.00,1500.00,0.00,OCT
5b6f10bf-24ec-4e49-8839-dbf02ee4cd75|TUITION|2025-11,5b6f10bf-24ec-4e49-8839-dbf02ee4cd75,TUITION,2025.0,11.0,1500.00,1500.00,0.00,NOV
5b6f10bf-24ec-4e49-8839-dbf02ee4cd75|TUITION|2025-12,5b6f10bf-24ec-4e49-8839-dbf02ee4cd75,TUITION,2025.0,12.0,1500.00,1500.00,0.00,DIC/JUL
5b6f10bf-24ec-4e49-8839-dbf02ee4cd75|TUITION|2026-07,5b6f10bf-24ec-4e49-8839-dbf02ee4cd75,TUITION,2026.0,7.0,1500.00,1500.00,0.00,DIC/JUL
5b6f10bf-24ec-4e49-8839-dbf02ee4cd75|TUITION|2026-01,5b6f10bf-24ec-4e49-8839-dbf02ee4cd75,TUITION,2026.0,1.0,1500.00,1500.00,0.00,ENE
5b6f10bf-24ec-4e49-8839-dbf02ee4cd75|TUITION|2026-02,5b6f10bf-24ec-4e49-8839-dbf02ee4cd75,TUITION,2026.0,2.0,1500.00,1500.00,0.00,FEB
5b6f10bf-24ec-4e49-8839-dbf02ee4cd75|TUITION|2026-03,5b6f10bf-24ec-4e49-8839-dbf02ee4cd75,TUITION,2026.0,3.0,1500.00,1500.00,0.00,MAR/AGO
5b6f10bf-24ec-4e49-8839-dbf02ee4cd75|TUITION|2026-08,5b6f10bf-24ec-4e49-8839-dbf02ee4cd75,TUITION,2026.0,8.0,1500.00,1500.00,0.00,MAR/AGO
5b6f10bf-24ec-4e49-8839-dbf02ee4cd75|TUITION|2026-04,5b6f10bf-24ec-4e49-8839-dbf02ee4cd75,TUITION,2026.0,4.0,1500.00,0.00,1500.00,ABR
5b6f10bf-24ec-4e49-8839-dbf02ee4cd75|TUITION|2026-05,5b6f10bf-24ec-4e49-8839-dbf02ee4cd75,TUITION,2026.0,5.0,1500.00,0.00,1500.00,MAY
5b6f10bf-24ec-4e49-8839-dbf02ee4cd75|TUITION|2026-06,5b6f10bf-24ec-4e49-8839-dbf02ee4cd75,TUITION,2026.0,6.0,1500.00,0.00,1500.00,JUN
5cb7777e-5664-4929-b875-cddff5a7c18c|TUITION|2025-09,5cb7777e-5664-4929-b875-cddff5a7c18c,TUITION,2025.0,9.0,1500.00,1500.00,0.00,SEP
5cb7777e-5664-4929-b875-cddff5a7c18c|TUITION|2025-10,5cb7777e-5664-4929-b875-cddff5a7c18c,TUITION,2025.0,10.0,1500.00,1500.00,0.00,OCT
5cb7777e-5664-4929-b875-cddff5a7c18c|TUITION|2025-11,5cb7777e-5664-4929-b875-cddff5a7c18c,TUITION,2025.0,11.0,1500.00,1500.00,0.00,NOV
5cb7777e-5664-4929-b875-cddff5a7c18c|TUITION|2025-12,5cb7777e-5664-4929-b875-cddff5a7c18c,TUITION,2025.0,12.0,1500.00,1500.00,0.00,DIC/JUL
5cb7777e-5664-4929-b875-cddff5a7c18c|TUITION|2026-07,5cb7777e-5664-4929-b875-cddff5a7c18c,TUITION,2026.0,7.0,1500.00,1500.00,0.00,DIC/JUL
5cb7777e-5664-4929-b875-cddff5a7c18c|TUITION|2026-01,5cb7777e-5664-4929-b875-cddff5a7c18c,TUITION,2026.0,1.0,1500.00,1500.00,0.00,ENE
5cb7777e-5664-4929-b875-cddff5a7c18c|TUITION|2026-02,5cb7777e-5664-4929-b875-cddff5a7c18c,TUITION,2026.0,2.0,1500.00,1500.00,0.00,FEB
5cb7777e-5664-4929-b875-cddff5a7c18c|TUITION|2026-03,5cb7777e-5664-4929-b875-cddff5a7c18c,TUITION,2026.0,3.0,1500.00,1500.00,0.00,MAR/AGO
5cb7777e-5664-4929-b875-cddff5a7c18c|TUITION|2026-08,5cb7777e-5664-4929-b875-cddff5a7c18c,TUITION,2026.0,8.0,1500.00,1500.00,0.00,MAR/AGO
5cb7777e-5664-4929-b875-cddff5a7c18c|TUITION|2026-04,5cb7777e-5664-4929-b875-cddff5a7c18c,TUITION,2026.0,4.0,1500.00,1500.00,0.00,ABR
5cb7777e-5664-4929-b875-cddff5a7c18c|TUITION|2026-05,5cb7777e-5664-4929-b875-cddff5a7c18c,TUITION,2026.0,5.0,1500.00,1500.00,0.00,MAY
5cb7777e-5664-4929-b875-cddff5a7c18c|TUITION|2026-06,5cb7777e-5664-4929-b875-cddff5a7c18c,TUITION,2026.0,6.0,1500.00,0.00,1500.00,JUN
61565b9f-a82a-49cf-aa9f-3e7df8d7889c|TUITION|2025-09,61565b9f-a82a-49cf-aa9f-3e7df8d7889c,TUITION,2025.0,9.0,1600.00,0.00,1600.00,SEP
61565b9f-a82a-49cf-aa9f-3e7df8d7889c|TUITION|2025-10,61565b9f-a82a-49cf-aa9f-3e7df8d7889c,TUITION,2025.0,10.0,1600.00,0.00,1600.00,OCT
61565b9f-a82a-49cf-aa9f-3e7df8d7889c|TUITION|2025-11,61565b9f-a82a-49cf-aa9f-3e7df8d7889c,TUITION,2025.0,11.0,1600.00,0.00,1600.00,NOV
61565b9f-a82a-49cf-aa9f-3e7df8d7889c|TUITION|2025-12,61565b9f-a82a-49cf-aa9f-3e7df8d7889c,TUITION,2025.0,12.0,1600.00,0.00,1600.00,DIC/JUL
61565b9f-a82a-49cf-aa9f-3e7df8d7889c|TUITION|2026-07,61565b9f-a82a-49cf-aa9f-3e7df8d7889c,TUITION,2026.0,7.0,1600.00,0.00,1600.00,DIC/JUL
61565b9f-a82a-49cf-aa9f-3e7df8d7889c|TUITION|2026-01,61565b9f-a82a-49cf-aa9f-3e7df8d7889c,TUITION,2026.0,1.0,1600.00,0.00,1600.00,ENE
61565b9f-a82a-49cf-aa9f-3e7df8d7889c|TUITION|2026-02,61565b9f-a82a-49cf-aa9f-3e7df8d7889c,TUITION,2026.0,2.0,1600.00,0.00,1600.00,FEB
61565b9f-a82a-49cf-aa9f-3e7df8d7889c|TUITION|2026-03,61565b9f-a82a-49cf-aa9f-3e7df8d7889c,TUITION,2026.0,3.0,1600.00,0.00,1600.00,MAR/AGO
61565b9f-a82a-49cf-aa9f-3e7df8d7889c|TUITION|2026-08,61565b9f-a82a-49cf-aa9f-3e7df8d7889c,TUITION,2026.0,8.0,1600.00,0.00,1600.00,MAR/AGO
61565b9f-a82a-49cf-aa9f-3e7df8d7889c|TUITION|2026-04,61565b9f-a82a-49cf-aa9f-3e7df8d7889c,TUITION,2026.0,4.0,1600.00,0.00,1600.00,ABR
61565b9f-a82a-49cf-aa9f-3e7df8d7889c|TUITION|2026-05,61565b9f-a82a-49cf-aa9f-3e7df8d7889c,TUITION,2026.0,5.0,1600.00,0.00,1600.00,MAY
61565b9f-a82a-49cf-aa9f-3e7df8d7889c|TUITION|2026-06,61565b9f-a82a-49cf-aa9f-3e7df8d7889c,TUITION,2026.0,6.0,1600.00,0.00,1600.00,JUN
61ed3b0d-3542-46bc-a02d-4f73b36cffd3|TUITION|2025-09,61ed3b0d-3542-46bc-a02d-4f73b36cffd3,TUITION,2025.0,9.0,1100.00,1100.00,0.00,SEP
61ed3b0d-3542-46bc-a02d-4f73b36cffd3|TUITION|2025-10,61ed3b0d-3542-46bc-a02d-4f73b36cffd3,TUITION,2025.0,10.0,1100.00,1100.00,0.00,OCT
61ed3b0d-3542-46bc-a02d-4f73b36cffd3|TUITION|2025-11,61ed3b0d-3542-46bc-a02d-4f73b36cffd3,TUITION,2025.0,11.0,1100.00,1100.00,0.00,NOV
61ed3b0d-3542-46bc-a02d-4f73b36cffd3|TUITION|2025-12,61ed3b0d-3542-46bc-a02d-4f73b36cffd3,TUITION,2025.0,12.0,1100.00,1100.00,0.00,DIC/JUL
61ed3b0d-3542-46bc-a02d-4f73b36cffd3|TUITION|2026-07,61ed3b0d-3542-46bc-a02d-4f73b36cffd3,TUITION,2026.0,7.0,1100.00,1100.00,0.00,DIC/JUL
61ed3b0d-3542-46bc-a02d-4f73b36cffd3|TUITION|2026-01,61ed3b0d-3542-46bc-a02d-4f73b36cffd3,TUITION,2026.0,1.0,1100.00,1100.00,0.00,ENE
61ed3b0d-3542-46bc-a02d-4f73b36cffd3|TUITION|2026-02,61ed3b0d-3542-46bc-a02d-4f73b36cffd3,TUITION,2026.0,2.0,1100.00,1100.00,0.00,FEB
61ed3b0d-3542-46bc-a02d-4f73b36cffd3|TUITION|2026-03,61ed3b0d-3542-46bc-a02d-4f73b36cffd3,TUITION,2026.0,3.0,1100.00,1100.00,0.00,MAR/AGO
61ed3b0d-3542-46bc-a02d-4f73b36cffd3|TUITION|2026-08,61ed3b0d-3542-46bc-a02d-4f73b36cffd3,TUITION,2026.0,8.0,1100.00,1100.00,0.00,MAR/AGO
61ed3b0d-3542-46bc-a02d-4f73b36cffd3|TUITION|2026-04,61ed3b0d-3542-46bc-a02d-4f73b36cffd3,TUITION,2026.0,4.0,1100.00,1100.00,0.00,ABR
61ed3b0d-3542-46bc-a02d-4f73b36cffd3|TUITION|2026-05,61ed3b0d-3542-46bc-a02d-4f73b36cffd3,TUITION,2026.0,5.0,1100.00,0.00,1100.00,MAY
61ed3b0d-3542-46bc-a02d-4f73b36cffd3|TUITION|2026-06,61ed3b0d-3542-46bc-a02d-4f73b36cffd3,TUITION,2026.0,6.0,1100.00,0.00,1100.00,JUN
64b7b8c4-c418-4b27-8aa7-31c44d2850f4|TUITION|2025-09,64b7b8c4-c418-4b27-8aa7-31c44d2850f4,TUITION,2025.0,9.0,1200.00,1200.00,0.00,SEP
64b7b8c4-c418-4b27-8aa7-31c44d2850f4|TUITION|2025-10,64b7b8c4-c418-4b27-8aa7-31c44d2850f4,TUITION,2025.0,10.0,1200.00,1200.00,0.00,OCT
64b7b8c4-c418-4b27-8aa7-31c44d2850f4|TUITION|2025-11,64b7b8c4-c418-4b27-8aa7-31c44d2850f4,TUITION,2025.0,11.0,1200.00,1200.00,0.00,NOV
64b7b8c4-c418-4b27-8aa7-31c44d2850f4|TUITION|2025-12,64b7b8c4-c418-4b27-8aa7-31c44d2850f4,TUITION,2025.0,12.0,1200.00,1200.00,0.00,DIC/JUL
64b7b8c4-c418-4b27-8aa7-31c44d2850f4|TUITION|2026-07,64b7b8c4-c418-4b27-8aa7-31c44d2850f4,TUITION,2026.0,7.0,1200.00,1200.00,0.00,DIC/JUL
64b7b8c4-c418-4b27-8aa7-31c44d2850f4|TUITION|2026-01,64b7b8c4-c418-4b27-8aa7-31c44d2850f4,TUITION,2026.0,1.0,1200.00,1200.00,0.00,ENE
64b7b8c4-c418-4b27-8aa7-31c44d2850f4|TUITION|2026-02,64b7b8c4-c418-4b27-8aa7-31c44d2850f4,TUITION,2026.0,2.0,1200.00,1200.00,0.00,FEB
64b7b8c4-c418-4b27-8aa7-31c44d2850f4|TUITION|2026-03,64b7b8c4-c418-4b27-8aa7-31c44d2850f4,TUITION,2026.0,3.0,1200.00,1200.00,0.00,MAR/AGO
64b7b8c4-c418-4b27-8aa7-31c44d2850f4|TUITION|2026-08,64b7b8c4-c418-4b27-8aa7-31c44d2850f4,TUITION,2026.0,8.0,1200.00,1200.00,0.00,MAR/AGO
64b7b8c4-c418-4b27-8aa7-31c44d2850f4|TUITION|2026-04,64b7b8c4-c418-4b27-8aa7-31c44d2850f4,TUITION,2026.0,4.0,1200.00,1200.00,0.00,ABR
64b7b8c4-c418-4b27-8aa7-31c44d2850f4|TUITION|2026-05,64b7b8c4-c418-4b27-8aa7-31c44d2850f4,TUITION,2026.0,5.0,1200.00,1200.00,0.00,MAY
64b7b8c4-c418-4b27-8aa7-31c44d2850f4|TUITION|2026-06,64b7b8c4-c418-4b27-8aa7-31c44d2850f4,TUITION,2026.0,6.0,1200.00,1200.00,0.00,JUN
6539fe6a-8f3f-4a06-aa20-dbb71a0a4ccb|TUITION|2025-09,6539fe6a-8f3f-4a06-aa20-dbb71a0a4ccb,TUITION,2025.0,9.0,1600.00,1600.00,0.00,SEP
6539fe6a-8f3f-4a06-aa20-dbb71a0a4ccb|TUITION|2025-10,6539fe6a-8f3f-4a06-aa20-dbb71a0a4ccb,TUITION,2025.0,10.0,1600.00,1600.00,0.00,OCT
6539fe6a-8f3f-4a06-aa20-dbb71a0a4ccb|TUITION|2025-11,6539fe6a-8f3f-4a06-aa20-dbb71a0a4ccb,TUITION,2025.0,11.0,1600.00,1600.00,0.00,NOV
6539fe6a-8f3f-4a06-aa20-dbb71a0a4ccb|TUITION|2025-12,6539fe6a-8f3f-4a06-aa20-dbb71a0a4ccb,TUITION,2025.0,12.0,1600.00,1600.00,0.00,DIC/JUL
6539fe6a-8f3f-4a06-aa20-dbb71a0a4ccb|TUITION|2026-07,6539fe6a-8f3f-4a06-aa20-dbb71a0a4ccb,TUITION,2026.0,7.0,1600.00,1600.00,0.00,DIC/JUL
6539fe6a-8f3f-4a06-aa20-dbb71a0a4ccb|TUITION|2026-01,6539fe6a-8f3f-4a06-aa20-dbb71a0a4ccb,TUITION,2026.0,1.0,1600.00,1600.00,0.00,ENE
6539fe6a-8f3f-4a06-aa20-dbb71a0a4ccb|TUITION|2026-02,6539fe6a-8f3f-4a06-aa20-dbb71a0a4ccb,TUITION,2026.0,2.0,1600.00,1600.00,0.00,FEB
6539fe6a-8f3f-4a06-aa20-dbb71a0a4ccb|TUITION|2026-03,6539fe6a-8f3f-4a06-aa20-dbb71a0a4ccb,TUITION,2026.0,3.0,1600.00,1600.00,0.00,MAR/AGO
6539fe6a-8f3f-4a06-aa20-dbb71a0a4ccb|TUITION|2026-08,6539fe6a-8f3f-4a06-aa20-dbb71a0a4ccb,TUITION,2026.0,8.0,1600.00,1600.00,0.00,MAR/AGO
6539fe6a-8f3f-4a06-aa20-dbb71a0a4ccb|TUITION|2026-04,6539fe6a-8f3f-4a06-aa20-dbb71a0a4ccb,TUITION,2026.0,4.0,1600.00,1600.00,0.00,ABR
6539fe6a-8f3f-4a06-aa20-dbb71a0a4ccb|TUITION|2026-05,6539fe6a-8f3f-4a06-aa20-dbb71a0a4ccb,TUITION,2026.0,5.0,1600.00,1600.00,0.00,MAY
6539fe6a-8f3f-4a06-aa20-dbb71a0a4ccb|TUITION|2026-06,6539fe6a-8f3f-4a06-aa20-dbb71a0a4ccb,TUITION,2026.0,6.0,1600.00,1600.00,0.00,JUN
69450844-df68-4eb9-a465-967c31417074|TUITION|2025-09,69450844-df68-4eb9-a465-967c31417074,TUITION,2025.0,9.0,1600.00,1600.00,0.00,SEP
69450844-df68-4eb9-a465-967c31417074|TUITION|2025-10,69450844-df68-4eb9-a465-967c31417074,TUITION,2025.0,10.0,1600.00,1600.00,0.00,OCT
69450844-df68-4eb9-a465-967c31417074|TUITION|2025-11,69450844-df68-4eb9-a465-967c31417074,TUITION,2025.0,11.0,1600.00,1600.00,0.00,NOV
69450844-df68-4eb9-a465-967c31417074|TUITION|2025-12,69450844-df68-4eb9-a465-967c31417074,TUITION,2025.0,12.0,1600.00,1600.00,0.00,DIC/JUL
69450844-df68-4eb9-a465-967c31417074|TUITION|2026-07,69450844-df68-4eb9-a465-967c31417074,TUITION,2026.0,7.0,1600.00,1600.00,0.00,DIC/JUL
69450844-df68-4eb9-a465-967c31417074|TUITION|2026-01,69450844-df68-4eb9-a465-967c31417074,TUITION,2026.0,1.0,1600.00,1600.00,0.00,ENE
69450844-df68-4eb9-a465-967c31417074|TUITION|2026-02,69450844-df68-4eb9-a465-967c31417074,TUITION,2026.0,2.0,1600.00,1600.00,0.00,FEB
69450844-df68-4eb9-a465-967c31417074|TUITION|2026-03,69450844-df68-4eb9-a465-967c31417074,TUITION,2026.0,3.0,1600.00,1600.00,0.00,MAR/AGO
69450844-df68-4eb9-a465-967c31417074|TUITION|2026-08,69450844-df68-4eb9-a465-967c31417074,TUITION,2026.0,8.0,1600.00,1600.00,0.00,MAR/AGO
69450844-df68-4eb9-a465-967c31417074|TUITION|2026-04,69450844-df68-4eb9-a465-967c31417074,TUITION,2026.0,4.0,1600.00,1600.00,0.00,ABR
69450844-df68-4eb9-a465-967c31417074|TUITION|2026-05,69450844-df68-4eb9-a465-967c31417074,TUITION,2026.0,5.0,1600.00,0.00,1600.00,MAY
69450844-df68-4eb9-a465-967c31417074|TUITION|2026-06,69450844-df68-4eb9-a465-967c31417074,TUITION,2026.0,6.0,1600.00,0.00,1600.00,JUN
6a9b25d0-e6e4-4cf2-94ef-4ba0a59c5b2d|TUITION|2025-09,6a9b25d0-e6e4-4cf2-94ef-4ba0a59c5b2d,TUITION,2025.0,9.0,1000.00,1000.00,0.00,SEP
6a9b25d0-e6e4-4cf2-94ef-4ba0a59c5b2d|TUITION|2025-10,6a9b25d0-e6e4-4cf2-94ef-4ba0a59c5b2d,TUITION,2025.0,10.0,1000.00,1000.00,0.00,OCT
6a9b25d0-e6e4-4cf2-94ef-4ba0a59c5b2d|TUITION|2025-11,6a9b25d0-e6e4-4cf2-94ef-4ba0a59c5b2d,TUITION,2025.0,11.0,1000.00,1000.00,0.00,NOV
6a9b25d0-e6e4-4cf2-94ef-4ba0a59c5b2d|TUITION|2025-12,6a9b25d0-e6e4-4cf2-94ef-4ba0a59c5b2d,TUITION,2025.0,12.0,1000.00,1000.00,0.00,DIC/JUL
6a9b25d0-e6e4-4cf2-94ef-4ba0a59c5b2d|TUITION|2026-07,6a9b25d0-e6e4-4cf2-94ef-4ba0a59c5b2d,TUITION,2026.0,7.0,1000.00,1000.00,0.00,DIC/JUL
6a9b25d0-e6e4-4cf2-94ef-4ba0a59c5b2d|TUITION|2026-01,6a9b25d0-e6e4-4cf2-94ef-4ba0a59c5b2d,TUITION,2026.0,1.0,1000.00,1000.00,0.00,ENE
6a9b25d0-e6e4-4cf2-94ef-4ba0a59c5b2d|TUITION|2026-02,6a9b25d0-e6e4-4cf2-94ef-4ba0a59c5b2d,TUITION,2026.0,2.0,1000.00,1000.00,0.00,FEB
6a9b25d0-e6e4-4cf2-94ef-4ba0a59c5b2d|TUITION|2026-03,6a9b25d0-e6e4-4cf2-94ef-4ba0a59c5b2d,TUITION,2026.0,3.0,1000.00,1000.00,0.00,MAR/AGO
6a9b25d0-e6e4-4cf2-94ef-4ba0a59c5b2d|TUITION|2026-08,6a9b25d0-e6e4-4cf2-94ef-4ba0a59c5b2d,TUITION,2026.0,8.0,1000.00,1000.00,0.00,MAR/AGO
6a9b25d0-e6e4-4cf2-94ef-4ba0a59c5b2d|TUITION|2026-04,6a9b25d0-e6e4-4cf2-94ef-4ba0a59c5b2d,TUITION,2026.0,4.0,1000.00,1000.00,0.00,ABR
6a9b25d0-e6e4-4cf2-94ef-4ba0a59c5b2d|TUITION|2026-05,6a9b25d0-e6e4-4cf2-94ef-4ba0a59c5b2d,TUITION,2026.0,5.0,1000.00,0.00,1000.00,MAY
6a9b25d0-e6e4-4cf2-94ef-4ba0a59c5b2d|TUITION|2026-06,6a9b25d0-e6e4-4cf2-94ef-4ba0a59c5b2d,TUITION,2026.0,6.0,1000.00,0.00,1000.00,JUN
6d484f92-07ed-4ef5-acde-ed43c7314527|TUITION|2025-09,6d484f92-07ed-4ef5-acde-ed43c7314527,TUITION,2025.0,9.0,1500.00,1500.00,0.00,SEP
6d484f92-07ed-4ef5-acde-ed43c7314527|TUITION|2025-10,6d484f92-07ed-4ef5-acde-ed43c7314527,TUITION,2025.0,10.0,1500.00,1500.00,0.00,OCT
6d484f92-07ed-4ef5-acde-ed43c7314527|TUITION|2025-11,6d484f92-07ed-4ef5-acde-ed43c7314527,TUITION,2025.0,11.0,1500.00,1500.00,0.00,NOV
6d484f92-07ed-4ef5-acde-ed43c7314527|TUITION|2025-12,6d484f92-07ed-4ef5-acde-ed43c7314527,TUITION,2025.0,12.0,1500.00,1500.00,0.00,DIC/JUL
6d484f92-07ed-4ef5-acde-ed43c7314527|TUITION|2026-07,6d484f92-07ed-4ef5-acde-ed43c7314527,TUITION,2026.0,7.0,1500.00,1500.00,0.00,DIC/JUL
6d484f92-07ed-4ef5-acde-ed43c7314527|TUITION|2026-01,6d484f92-07ed-4ef5-acde-ed43c7314527,TUITION,2026.0,1.0,1500.00,1500.00,0.00,ENE
6d484f92-07ed-4ef5-acde-ed43c7314527|TUITION|2026-02,6d484f92-07ed-4ef5-acde-ed43c7314527,TUITION,2026.0,2.0,1500.00,1500.00,0.00,FEB
6d484f92-07ed-4ef5-acde-ed43c7314527|TUITION|2026-03,6d484f92-07ed-4ef5-acde-ed43c7314527,TUITION,2026.0,3.0,1500.00,1500.00,0.00,MAR/AGO
6d484f92-07ed-4ef5-acde-ed43c7314527|TUITION|2026-08,6d484f92-07ed-4ef5-acde-ed43c7314527,TUITION,2026.0,8.0,1500.00,1500.00,0.00,MAR/AGO
6d484f92-07ed-4ef5-acde-ed43c7314527|TUITION|2026-04,6d484f92-07ed-4ef5-acde-ed43c7314527,TUITION,2026.0,4.0,1500.00,1500.00,0.00,ABR
6d484f92-07ed-4ef5-acde-ed43c7314527|TUITION|2026-05,6d484f92-07ed-4ef5-acde-ed43c7314527,TUITION,2026.0,5.0,1500.00,1500.00,0.00,MAY
6d484f92-07ed-4ef5-acde-ed43c7314527|TUITION|2026-06,6d484f92-07ed-4ef5-acde-ed43c7314527,TUITION,2026.0,6.0,1500.00,1500.00,0.00,JUN
6f2f8410-2704-4938-8538-21edb5b8221a|TUITION|2025-09,6f2f8410-2704-4938-8538-21edb5b8221a,TUITION,2025.0,9.0,1000.00,1000.00,0.00,SEP
6f2f8410-2704-4938-8538-21edb5b8221a|TUITION|2025-10,6f2f8410-2704-4938-8538-21edb5b8221a,TUITION,2025.0,10.0,1000.00,1000.00,0.00,OCT
6f2f8410-2704-4938-8538-21edb5b8221a|TUITION|2025-11,6f2f8410-2704-4938-8538-21edb5b8221a,TUITION,2025.0,11.0,1000.00,1000.00,0.00,NOV
6f2f8410-2704-4938-8538-21edb5b8221a|TUITION|2025-12,6f2f8410-2704-4938-8538-21edb5b8221a,TUITION,2025.0,12.0,1000.00,1000.00,0.00,DIC/JUL
6f2f8410-2704-4938-8538-21edb5b8221a|TUITION|2026-07,6f2f8410-2704-4938-8538-21edb5b8221a,TUITION,2026.0,7.0,1000.00,1000.00,0.00,DIC/JUL
6f2f8410-2704-4938-8538-21edb5b8221a|TUITION|2026-01,6f2f8410-2704-4938-8538-21edb5b8221a,TUITION,2026.0,1.0,1000.00,1000.00,0.00,ENE
6f2f8410-2704-4938-8538-21edb5b8221a|TUITION|2026-02,6f2f8410-2704-4938-8538-21edb5b8221a,TUITION,2026.0,2.0,1000.00,1000.00,0.00,FEB
6f2f8410-2704-4938-8538-21edb5b8221a|TUITION|2026-03,6f2f8410-2704-4938-8538-21edb5b8221a,TUITION,2026.0,3.0,1000.00,1000.00,0.00,MAR/AGO
6f2f8410-2704-4938-8538-21edb5b8221a|TUITION|2026-08,6f2f8410-2704-4938-8538-21edb5b8221a,TUITION,2026.0,8.0,1000.00,1000.00,0.00,MAR/AGO
6f2f8410-2704-4938-8538-21edb5b8221a|TUITION|2026-04,6f2f8410-2704-4938-8538-21edb5b8221a,TUITION,2026.0,4.0,1000.00,1000.00,0.00,ABR
6f2f8410-2704-4938-8538-21edb5b8221a|TUITION|2026-05,6f2f8410-2704-4938-8538-21edb5b8221a,TUITION,2026.0,5.0,1000.00,0.00,1000.00,MAY
6f2f8410-2704-4938-8538-21edb5b8221a|TUITION|2026-06,6f2f8410-2704-4938-8538-21edb5b8221a,TUITION,2026.0,6.0,1000.00,0.00,1000.00,JUN
7392fe19-c6bd-489a-9cf5-3f6861139603|TUITION|2026-07,7392fe19-c6bd-489a-9cf5-3f6861139603,TUITION,2026.0,7.0,1300.00,0.00,1300.00,DIC/JUL
7392fe19-c6bd-489a-9cf5-3f6861139603|TUITION|2026-02,7392fe19-c6bd-489a-9cf5-3f6861139603,TUITION,2026.0,2.0,1300.00,1300.00,0.00,FEB
7392fe19-c6bd-489a-9cf5-3f6861139603|TUITION|2026-03,7392fe19-c6bd-489a-9cf5-3f6861139603,TUITION,2026.0,3.0,1300.00,1300.00,0.00,MAR/AGO
7392fe19-c6bd-489a-9cf5-3f6861139603|TUITION|2026-08,7392fe19-c6bd-489a-9cf5-3f6861139603,TUITION,2026.0,8.0,1300.00,1300.00,0.00,MAR/AGO
7392fe19-c6bd-489a-9cf5-3f6861139603|TUITION|2026-04,7392fe19-c6bd-489a-9cf5-3f6861139603,TUITION,2026.0,4.0,1300.00,1300.00,0.00,ABR
7392fe19-c6bd-489a-9cf5-3f6861139603|TUITION|2026-05,7392fe19-c6bd-489a-9cf5-3f6861139603,TUITION,2026.0,5.0,1300.00,0.00,1300.00,MAY
7392fe19-c6bd-489a-9cf5-3f6861139603|TUITION|2026-06,7392fe19-c6bd-489a-9cf5-3f6861139603,TUITION,2026.0,6.0,1300.00,0.00,1300.00,JUN
79810b5e-1376-4f47-8619-11c72b08a14e|TUITION|2025-09,79810b5e-1376-4f47-8619-11c72b08a14e,TUITION,2025.0,9.0,0.00,0.00,0.00,SEP
79810b5e-1376-4f47-8619-11c72b08a14e|TUITION|2025-10,79810b5e-1376-4f47-8619-11c72b08a14e,TUITION,2025.0,10.0,0.00,0.00,0.00,OCT
79810b5e-1376-4f47-8619-11c72b08a14e|TUITION|2025-11,79810b5e-1376-4f47-8619-11c72b08a14e,TUITION,2025.0,11.0,0.00,0.00,0.00,NOV
79810b5e-1376-4f47-8619-11c72b08a14e|TUITION|2025-12,79810b5e-1376-4f47-8619-11c72b08a14e,TUITION,2025.0,12.0,0.00,0.00,0.00,DIC/JUL
79810b5e-1376-4f47-8619-11c72b08a14e|TUITION|2026-07,79810b5e-1376-4f47-8619-11c72b08a14e,TUITION,2026.0,7.0,0.00,0.00,0.00,DIC/JUL
79810b5e-1376-4f47-8619-11c72b08a14e|TUITION|2026-01,79810b5e-1376-4f47-8619-11c72b08a14e,TUITION,2026.0,1.0,0.00,0.00,0.00,ENE
79810b5e-1376-4f47-8619-11c72b08a14e|TUITION|2026-02,79810b5e-1376-4f47-8619-11c72b08a14e,TUITION,2026.0,2.0,0.00,0.00,0.00,FEB
79810b5e-1376-4f47-8619-11c72b08a14e|TUITION|2026-03,79810b5e-1376-4f47-8619-11c72b08a14e,TUITION,2026.0,3.0,0.00,0.00,0.00,MAR/AGO
79810b5e-1376-4f47-8619-11c72b08a14e|TUITION|2026-08,79810b5e-1376-4f47-8619-11c72b08a14e,TUITION,2026.0,8.0,0.00,0.00,0.00,MAR/AGO
79810b5e-1376-4f47-8619-11c72b08a14e|TUITION|2026-04,79810b5e-1376-4f47-8619-11c72b08a14e,TUITION,2026.0,4.0,0.00,0.00,0.00,ABR
79810b5e-1376-4f47-8619-11c72b08a14e|TUITION|2026-05,79810b5e-1376-4f47-8619-11c72b08a14e,TUITION,2026.0,5.0,0.00,0.00,0.00,MAY
79810b5e-1376-4f47-8619-11c72b08a14e|TUITION|2026-06,79810b5e-1376-4f47-8619-11c72b08a14e,TUITION,2026.0,6.0,0.00,0.00,0.00,JUN
7babc8a8-10d3-41e2-bb40-868a18dc2300|TUITION|2025-09,7babc8a8-10d3-41e2-bb40-868a18dc2300,TUITION,2025.0,9.0,1600.00,1600.00,0.00,SEP
7babc8a8-10d3-41e2-bb40-868a18dc2300|TUITION|2025-10,7babc8a8-10d3-41e2-bb40-868a18dc2300,TUITION,2025.0,10.0,1600.00,1600.00,0.00,OCT
7babc8a8-10d3-41e2-bb40-868a18dc2300|TUITION|2025-11,7babc8a8-10d3-41e2-bb40-868a18dc2300,TUITION,2025.0,11.0,1600.00,1600.00,0.00,NOV
7babc8a8-10d3-41e2-bb40-868a18dc2300|TUITION|2025-12,7babc8a8-10d3-41e2-bb40-868a18dc2300,TUITION,2025.0,12.0,1600.00,1200.00,400.00,DIC/JUL
7babc8a8-10d3-41e2-bb40-868a18dc2300|TUITION|2026-07,7babc8a8-10d3-41e2-bb40-868a18dc2300,TUITION,2026.0,7.0,1600.00,0.00,1600.00,DIC/JUL
7babc8a8-10d3-41e2-bb40-868a18dc2300|TUITION|2026-01,7babc8a8-10d3-41e2-bb40-868a18dc2300,TUITION,2026.0,1.0,1600.00,0.00,1600.00,ENE
7babc8a8-10d3-41e2-bb40-868a18dc2300|TUITION|2026-02,7babc8a8-10d3-41e2-bb40-868a18dc2300,TUITION,2026.0,2.0,1600.00,0.00,1600.00,FEB
7babc8a8-10d3-41e2-bb40-868a18dc2300|TUITION|2026-03,7babc8a8-10d3-41e2-bb40-868a18dc2300,TUITION,2026.0,3.0,1600.00,0.00,1600.00,MAR/AGO
7babc8a8-10d3-41e2-bb40-868a18dc2300|TUITION|2026-08,7babc8a8-10d3-41e2-bb40-868a18dc2300,TUITION,2026.0,8.0,1600.00,0.00,1600.00,MAR/AGO
7babc8a8-10d3-41e2-bb40-868a18dc2300|TUITION|2026-04,7babc8a8-10d3-41e2-bb40-868a18dc2300,TUITION,2026.0,4.0,1600.00,0.00,1600.00,ABR
7babc8a8-10d3-41e2-bb40-868a18dc2300|TUITION|2026-05,7babc8a8-10d3-41e2-bb40-868a18dc2300,TUITION,2026.0,5.0,1600.00,0.00,1600.00,MAY
7babc8a8-10d3-41e2-bb40-868a18dc2300|TUITION|2026-06,7babc8a8-10d3-41e2-bb40-868a18dc2300,TUITION,2026.0,6.0,1600.00,0.00,1600.00,JUN
7c1e9bdc-6090-4313-a14b-1a94d13eeec8|TUITION|2025-09,7c1e9bdc-6090-4313-a14b-1a94d13eeec8,TUITION,2025.0,9.0,0.00,0.00,0.00,SEP
7c1e9bdc-6090-4313-a14b-1a94d13eeec8|TUITION|2025-10,7c1e9bdc-6090-4313-a14b-1a94d13eeec8,TUITION,2025.0,10.0,0.00,0.00,0.00,OCT
7c1e9bdc-6090-4313-a14b-1a94d13eeec8|TUITION|2025-11,7c1e9bdc-6090-4313-a14b-1a94d13eeec8,TUITION,2025.0,11.0,0.00,0.00,0.00,NOV
7c1e9bdc-6090-4313-a14b-1a94d13eeec8|TUITION|2025-12,7c1e9bdc-6090-4313-a14b-1a94d13eeec8,TUITION,2025.0,12.0,0.00,0.00,0.00,DIC/JUL
7c1e9bdc-6090-4313-a14b-1a94d13eeec8|TUITION|2026-07,7c1e9bdc-6090-4313-a14b-1a94d13eeec8,TUITION,2026.0,7.0,0.00,0.00,0.00,DIC/JUL
7c1e9bdc-6090-4313-a14b-1a94d13eeec8|TUITION|2026-01,7c1e9bdc-6090-4313-a14b-1a94d13eeec8,TUITION,2026.0,1.0,0.00,0.00,0.00,ENE
7c1e9bdc-6090-4313-a14b-1a94d13eeec8|TUITION|2026-02,7c1e9bdc-6090-4313-a14b-1a94d13eeec8,TUITION,2026.0,2.0,0.00,0.00,0.00,FEB
7c1e9bdc-6090-4313-a14b-1a94d13eeec8|TUITION|2026-03,7c1e9bdc-6090-4313-a14b-1a94d13eeec8,TUITION,2026.0,3.0,0.00,0.00,0.00,MAR/AGO
7c1e9bdc-6090-4313-a14b-1a94d13eeec8|TUITION|2026-08,7c1e9bdc-6090-4313-a14b-1a94d13eeec8,TUITION,2026.0,8.0,0.00,0.00,0.00,MAR/AGO
7c1e9bdc-6090-4313-a14b-1a94d13eeec8|TUITION|2026-04,7c1e9bdc-6090-4313-a14b-1a94d13eeec8,TUITION,2026.0,4.0,0.00,0.00,0.00,ABR
7c1e9bdc-6090-4313-a14b-1a94d13eeec8|TUITION|2026-05,7c1e9bdc-6090-4313-a14b-1a94d13eeec8,TUITION,2026.0,5.0,0.00,0.00,0.00,MAY
7c1e9bdc-6090-4313-a14b-1a94d13eeec8|TUITION|2026-06,7c1e9bdc-6090-4313-a14b-1a94d13eeec8,TUITION,2026.0,6.0,0.00,0.00,0.00,JUN
7dbf3c47-1f14-4b4a-b594-ec98e68218b0|TUITION|2025-09,7dbf3c47-1f14-4b4a-b594-ec98e68218b0,TUITION,2025.0,9.0,0.00,0.00,0.00,SEP
7dbf3c47-1f14-4b4a-b594-ec98e68218b0|TUITION|2025-10,7dbf3c47-1f14-4b4a-b594-ec98e68218b0,TUITION,2025.0,10.0,0.00,0.00,0.00,OCT
7dbf3c47-1f14-4b4a-b594-ec98e68218b0|TUITION|2025-11,7dbf3c47-1f14-4b4a-b594-ec98e68218b0,TUITION,2025.0,11.0,0.00,0.00,0.00,NOV
7dbf3c47-1f14-4b4a-b594-ec98e68218b0|TUITION|2025-12,7dbf3c47-1f14-4b4a-b594-ec98e68218b0,TUITION,2025.0,12.0,0.00,0.00,0.00,DIC/JUL
7dbf3c47-1f14-4b4a-b594-ec98e68218b0|TUITION|2026-07,7dbf3c47-1f14-4b4a-b594-ec98e68218b0,TUITION,2026.0,7.0,0.00,0.00,0.00,DIC/JUL
7dbf3c47-1f14-4b4a-b594-ec98e68218b0|TUITION|2026-01,7dbf3c47-1f14-4b4a-b594-ec98e68218b0,TUITION,2026.0,1.0,0.00,0.00,0.00,ENE
7dbf3c47-1f14-4b4a-b594-ec98e68218b0|TUITION|2026-02,7dbf3c47-1f14-4b4a-b594-ec98e68218b0,TUITION,2026.0,2.0,0.00,0.00,0.00,FEB
7dbf3c47-1f14-4b4a-b594-ec98e68218b0|TUITION|2026-03,7dbf3c47-1f14-4b4a-b594-ec98e68218b0,TUITION,2026.0,3.0,0.00,0.00,0.00,MAR/AGO
7dbf3c47-1f14-4b4a-b594-ec98e68218b0|TUITION|2026-08,7dbf3c47-1f14-4b4a-b594-ec98e68218b0,TUITION,2026.0,8.0,0.00,0.00,0.00,MAR/AGO
7dbf3c47-1f14-4b4a-b594-ec98e68218b0|TUITION|2026-04,7dbf3c47-1f14-4b4a-b594-ec98e68218b0,TUITION,2026.0,4.0,0.00,0.00,0.00,ABR
7dbf3c47-1f14-4b4a-b594-ec98e68218b0|TUITION|2026-05,7dbf3c47-1f14-4b4a-b594-ec98e68218b0,TUITION,2026.0,5.0,0.00,0.00,0.00,MAY
7dbf3c47-1f14-4b4a-b594-ec98e68218b0|TUITION|2026-06,7dbf3c47-1f14-4b4a-b594-ec98e68218b0,TUITION,2026.0,6.0,0.00,0.00,0.00,JUN
81db6f65-f0d0-45e2-93d7-8d0e5c3dc56a|TUITION|2025-09,81db6f65-f0d0-45e2-93d7-8d0e5c3dc56a,TUITION,2025.0,9.0,1000.00,1000.00,0.00,SEP
81db6f65-f0d0-45e2-93d7-8d0e5c3dc56a|TUITION|2025-10,81db6f65-f0d0-45e2-93d7-8d0e5c3dc56a,TUITION,2025.0,10.0,1000.00,1000.00,0.00,OCT
81db6f65-f0d0-45e2-93d7-8d0e5c3dc56a|TUITION|2025-11,81db6f65-f0d0-45e2-93d7-8d0e5c3dc56a,TUITION,2025.0,11.0,1000.00,1000.00,0.00,NOV
81db6f65-f0d0-45e2-93d7-8d0e5c3dc56a|TUITION|2025-12,81db6f65-f0d0-45e2-93d7-8d0e5c3dc56a,TUITION,2025.0,12.0,1000.00,1000.00,0.00,DIC/JUL
81db6f65-f0d0-45e2-93d7-8d0e5c3dc56a|TUITION|2026-07,81db6f65-f0d0-45e2-93d7-8d0e5c3dc56a,TUITION,2026.0,7.0,1000.00,1000.00,0.00,DIC/JUL
81db6f65-f0d0-45e2-93d7-8d0e5c3dc56a|TUITION|2026-01,81db6f65-f0d0-45e2-93d7-8d0e5c3dc56a,TUITION,2026.0,1.0,1000.00,1000.00,0.00,ENE
81db6f65-f0d0-45e2-93d7-8d0e5c3dc56a|TUITION|2026-02,81db6f65-f0d0-45e2-93d7-8d0e5c3dc56a,TUITION,2026.0,2.0,1000.00,1000.00,0.00,FEB
81db6f65-f0d0-45e2-93d7-8d0e5c3dc56a|TUITION|2026-03,81db6f65-f0d0-45e2-93d7-8d0e5c3dc56a,TUITION,2026.0,3.0,1000.00,1000.00,0.00,MAR/AGO
81db6f65-f0d0-45e2-93d7-8d0e5c3dc56a|TUITION|2026-08,81db6f65-f0d0-45e2-93d7-8d0e5c3dc56a,TUITION,2026.0,8.0,1000.00,1000.00,0.00,MAR/AGO
81db6f65-f0d0-45e2-93d7-8d0e5c3dc56a|TUITION|2026-04,81db6f65-f0d0-45e2-93d7-8d0e5c3dc56a,TUITION,2026.0,4.0,1000.00,1000.00,0.00,ABR
81db6f65-f0d0-45e2-93d7-8d0e5c3dc56a|TUITION|2026-05,81db6f65-f0d0-45e2-93d7-8d0e5c3dc56a,TUITION,2026.0,5.0,1000.00,0.00,1000.00,MAY
81db6f65-f0d0-45e2-93d7-8d0e5c3dc56a|TUITION|2026-06,81db6f65-f0d0-45e2-93d7-8d0e5c3dc56a,TUITION,2026.0,6.0,1000.00,0.00,1000.00,JUN
83744ef9-a5f4-4c6a-9c81-a6ea4f9507cf|TUITION|2025-09,83744ef9-a5f4-4c6a-9c81-a6ea4f9507cf,TUITION,2025.0,9.0,1300.00,1300.00,0.00,SEP
83744ef9-a5f4-4c6a-9c81-a6ea4f9507cf|TUITION|2025-10,83744ef9-a5f4-4c6a-9c81-a6ea4f9507cf,TUITION,2025.0,10.0,1300.00,0.00,1300.00,OCT
83744ef9-a5f4-4c6a-9c81-a6ea4f9507cf|TUITION|2025-11,83744ef9-a5f4-4c6a-9c81-a6ea4f9507cf,TUITION,2025.0,11.0,1300.00,0.00,1300.00,NOV
83744ef9-a5f4-4c6a-9c81-a6ea4f9507cf|TUITION|2025-12,83744ef9-a5f4-4c6a-9c81-a6ea4f9507cf,TUITION,2025.0,12.0,1300.00,0.00,1300.00,DIC/JUL
83744ef9-a5f4-4c6a-9c81-a6ea4f9507cf|TUITION|2026-07,83744ef9-a5f4-4c6a-9c81-a6ea4f9507cf,TUITION,2026.0,7.0,1300.00,0.00,1300.00,DIC/JUL
83744ef9-a5f4-4c6a-9c81-a6ea4f9507cf|TUITION|2026-01,83744ef9-a5f4-4c6a-9c81-a6ea4f9507cf,TUITION,2026.0,1.0,1300.00,0.00,1300.00,ENE
83744ef9-a5f4-4c6a-9c81-a6ea4f9507cf|TUITION|2026-02,83744ef9-a5f4-4c6a-9c81-a6ea4f9507cf,TUITION,2026.0,2.0,1300.00,0.00,1300.00,FEB
83744ef9-a5f4-4c6a-9c81-a6ea4f9507cf|TUITION|2026-03,83744ef9-a5f4-4c6a-9c81-a6ea4f9507cf,TUITION,2026.0,3.0,1300.00,0.00,1300.00,MAR/AGO
83744ef9-a5f4-4c6a-9c81-a6ea4f9507cf|TUITION|2026-08,83744ef9-a5f4-4c6a-9c81-a6ea4f9507cf,TUITION,2026.0,8.0,1300.00,0.00,1300.00,MAR/AGO
83744ef9-a5f4-4c6a-9c81-a6ea4f9507cf|TUITION|2026-04,83744ef9-a5f4-4c6a-9c81-a6ea4f9507cf,TUITION,2026.0,4.0,1300.00,0.00,1300.00,ABR
83744ef9-a5f4-4c6a-9c81-a6ea4f9507cf|TUITION|2026-05,83744ef9-a5f4-4c6a-9c81-a6ea4f9507cf,TUITION,2026.0,5.0,1300.00,0.00,1300.00,MAY
83744ef9-a5f4-4c6a-9c81-a6ea4f9507cf|TUITION|2026-06,83744ef9-a5f4-4c6a-9c81-a6ea4f9507cf,TUITION,2026.0,6.0,1300.00,0.00,1300.00,JUN
845acc82-5357-4263-a24c-e03f7ea60a49|TUITION|2025-09,845acc82-5357-4263-a24c-e03f7ea60a49,TUITION,2025.0,9.0,900.00,900.00,0.00,SEP
845acc82-5357-4263-a24c-e03f7ea60a49|TUITION|2025-10,845acc82-5357-4263-a24c-e03f7ea60a49,TUITION,2025.0,10.0,900.00,900.00,0.00,OCT
845acc82-5357-4263-a24c-e03f7ea60a49|TUITION|2025-11,845acc82-5357-4263-a24c-e03f7ea60a49,TUITION,2025.0,11.0,900.00,900.00,0.00,NOV
845acc82-5357-4263-a24c-e03f7ea60a49|TUITION|2025-12,845acc82-5357-4263-a24c-e03f7ea60a49,TUITION,2025.0,12.0,900.00,900.00,0.00,DIC/JUL
845acc82-5357-4263-a24c-e03f7ea60a49|TUITION|2026-07,845acc82-5357-4263-a24c-e03f7ea60a49,TUITION,2026.0,7.0,900.00,900.00,0.00,DIC/JUL
845acc82-5357-4263-a24c-e03f7ea60a49|TUITION|2026-01,845acc82-5357-4263-a24c-e03f7ea60a49,TUITION,2026.0,1.0,900.00,900.00,0.00,ENE
845acc82-5357-4263-a24c-e03f7ea60a49|TUITION|2026-02,845acc82-5357-4263-a24c-e03f7ea60a49,TUITION,2026.0,2.0,900.00,900.00,0.00,FEB
845acc82-5357-4263-a24c-e03f7ea60a49|TUITION|2026-03,845acc82-5357-4263-a24c-e03f7ea60a49,TUITION,2026.0,3.0,900.00,900.00,0.00,MAR/AGO
845acc82-5357-4263-a24c-e03f7ea60a49|TUITION|2026-08,845acc82-5357-4263-a24c-e03f7ea60a49,TUITION,2026.0,8.0,900.00,900.00,0.00,MAR/AGO
845acc82-5357-4263-a24c-e03f7ea60a49|TUITION|2026-04,845acc82-5357-4263-a24c-e03f7ea60a49,TUITION,2026.0,4.0,900.00,900.00,0.00,ABR
845acc82-5357-4263-a24c-e03f7ea60a49|TUITION|2026-05,845acc82-5357-4263-a24c-e03f7ea60a49,TUITION,2026.0,5.0,900.00,900.00,0.00,MAY
845acc82-5357-4263-a24c-e03f7ea60a49|TUITION|2026-06,845acc82-5357-4263-a24c-e03f7ea60a49,TUITION,2026.0,6.0,900.00,900.00,0.00,JUN
84e478c3-33cf-44e4-a8d3-2fa0be7ff15d|TUITION|2025-09,84e478c3-33cf-44e4-a8d3-2fa0be7ff15d,TUITION,2025.0,9.0,0.00,0.00,0.00,SEP
84e478c3-33cf-44e4-a8d3-2fa0be7ff15d|TUITION|2025-10,84e478c3-33cf-44e4-a8d3-2fa0be7ff15d,TUITION,2025.0,10.0,0.00,0.00,0.00,OCT
84e478c3-33cf-44e4-a8d3-2fa0be7ff15d|TUITION|2025-11,84e478c3-33cf-44e4-a8d3-2fa0be7ff15d,TUITION,2025.0,11.0,0.00,0.00,0.00,NOV
84e478c3-33cf-44e4-a8d3-2fa0be7ff15d|TUITION|2025-12,84e478c3-33cf-44e4-a8d3-2fa0be7ff15d,TUITION,2025.0,12.0,0.00,0.00,0.00,DIC/JUL
84e478c3-33cf-44e4-a8d3-2fa0be7ff15d|TUITION|2026-07,84e478c3-33cf-44e4-a8d3-2fa0be7ff15d,TUITION,2026.0,7.0,0.00,0.00,0.00,DIC/JUL
84e478c3-33cf-44e4-a8d3-2fa0be7ff15d|TUITION|2026-01,84e478c3-33cf-44e4-a8d3-2fa0be7ff15d,TUITION,2026.0,1.0,0.00,0.00,0.00,ENE
84e478c3-33cf-44e4-a8d3-2fa0be7ff15d|TUITION|2026-02,84e478c3-33cf-44e4-a8d3-2fa0be7ff15d,TUITION,2026.0,2.0,0.00,0.00,0.00,FEB
84e478c3-33cf-44e4-a8d3-2fa0be7ff15d|TUITION|2026-03,84e478c3-33cf-44e4-a8d3-2fa0be7ff15d,TUITION,2026.0,3.0,0.00,0.00,0.00,MAR/AGO
84e478c3-33cf-44e4-a8d3-2fa0be7ff15d|TUITION|2026-08,84e478c3-33cf-44e4-a8d3-2fa0be7ff15d,TUITION,2026.0,8.0,0.00,0.00,0.00,MAR/AGO
84e478c3-33cf-44e4-a8d3-2fa0be7ff15d|TUITION|2026-04,84e478c3-33cf-44e4-a8d3-2fa0be7ff15d,TUITION,2026.0,4.0,0.00,0.00,0.00,ABR
84e478c3-33cf-44e4-a8d3-2fa0be7ff15d|TUITION|2026-05,84e478c3-33cf-44e4-a8d3-2fa0be7ff15d,TUITION,2026.0,5.0,0.00,0.00,0.00,MAY
84e478c3-33cf-44e4-a8d3-2fa0be7ff15d|TUITION|2026-06,84e478c3-33cf-44e4-a8d3-2fa0be7ff15d,TUITION,2026.0,6.0,0.00,0.00,0.00,JUN
8526d610-1516-448b-80fe-67bed0d43c11|TUITION|2025-09,8526d610-1516-448b-80fe-67bed0d43c11,TUITION,2025.0,9.0,0.00,0.00,0.00,SEP
8526d610-1516-448b-80fe-67bed0d43c11|TUITION|2025-10,8526d610-1516-448b-80fe-67bed0d43c11,TUITION,2025.0,10.0,0.00,0.00,0.00,OCT
8526d610-1516-448b-80fe-67bed0d43c11|TUITION|2025-11,8526d610-1516-448b-80fe-67bed0d43c11,TUITION,2025.0,11.0,0.00,0.00,0.00,NOV
8526d610-1516-448b-80fe-67bed0d43c11|TUITION|2025-12,8526d610-1516-448b-80fe-67bed0d43c11,TUITION,2025.0,12.0,0.00,0.00,0.00,DIC/JUL
8526d610-1516-448b-80fe-67bed0d43c11|TUITION|2026-07,8526d610-1516-448b-80fe-67bed0d43c11,TUITION,2026.0,7.0,0.00,0.00,0.00,DIC/JUL
8526d610-1516-448b-80fe-67bed0d43c11|TUITION|2026-01,8526d610-1516-448b-80fe-67bed0d43c11,TUITION,2026.0,1.0,0.00,0.00,0.00,ENE
8526d610-1516-448b-80fe-67bed0d43c11|TUITION|2026-02,8526d610-1516-448b-80fe-67bed0d43c11,TUITION,2026.0,2.0,0.00,0.00,0.00,FEB
8526d610-1516-448b-80fe-67bed0d43c11|TUITION|2026-03,8526d610-1516-448b-80fe-67bed0d43c11,TUITION,2026.0,3.0,0.00,0.00,0.00,MAR/AGO
8526d610-1516-448b-80fe-67bed0d43c11|TUITION|2026-08,8526d610-1516-448b-80fe-67bed0d43c11,TUITION,2026.0,8.0,0.00,0.00,0.00,MAR/AGO
8526d610-1516-448b-80fe-67bed0d43c11|TUITION|2026-04,8526d610-1516-448b-80fe-67bed0d43c11,TUITION,2026.0,4.0,0.00,0.00,0.00,ABR
8526d610-1516-448b-80fe-67bed0d43c11|TUITION|2026-05,8526d610-1516-448b-80fe-67bed0d43c11,TUITION,2026.0,5.0,0.00,0.00,0.00,MAY
8526d610-1516-448b-80fe-67bed0d43c11|TUITION|2026-06,8526d610-1516-448b-80fe-67bed0d43c11,TUITION,2026.0,6.0,0.00,0.00,0.00,JUN
8568473f-3a83-4adb-8aed-358e4481b99c|TUITION|2025-09,8568473f-3a83-4adb-8aed-358e4481b99c,TUITION,2025.0,9.0,0.00,0.00,0.00,SEP
8568473f-3a83-4adb-8aed-358e4481b99c|TUITION|2025-10,8568473f-3a83-4adb-8aed-358e4481b99c,TUITION,2025.0,10.0,0.00,0.00,0.00,OCT
8568473f-3a83-4adb-8aed-358e4481b99c|TUITION|2025-11,8568473f-3a83-4adb-8aed-358e4481b99c,TUITION,2025.0,11.0,0.00,0.00,0.00,NOV
8568473f-3a83-4adb-8aed-358e4481b99c|TUITION|2025-12,8568473f-3a83-4adb-8aed-358e4481b99c,TUITION,2025.0,12.0,0.00,0.00,0.00,DIC/JUL
8568473f-3a83-4adb-8aed-358e4481b99c|TUITION|2026-07,8568473f-3a83-4adb-8aed-358e4481b99c,TUITION,2026.0,7.0,0.00,0.00,0.00,DIC/JUL
8568473f-3a83-4adb-8aed-358e4481b99c|TUITION|2026-01,8568473f-3a83-4adb-8aed-358e4481b99c,TUITION,2026.0,1.0,0.00,0.00,0.00,ENE
8568473f-3a83-4adb-8aed-358e4481b99c|TUITION|2026-02,8568473f-3a83-4adb-8aed-358e4481b99c,TUITION,2026.0,2.0,0.00,0.00,0.00,FEB
8568473f-3a83-4adb-8aed-358e4481b99c|TUITION|2026-03,8568473f-3a83-4adb-8aed-358e4481b99c,TUITION,2026.0,3.0,0.00,0.00,0.00,MAR/AGO
8568473f-3a83-4adb-8aed-358e4481b99c|TUITION|2026-08,8568473f-3a83-4adb-8aed-358e4481b99c,TUITION,2026.0,8.0,0.00,0.00,0.00,MAR/AGO
8568473f-3a83-4adb-8aed-358e4481b99c|TUITION|2026-04,8568473f-3a83-4adb-8aed-358e4481b99c,TUITION,2026.0,4.0,0.00,0.00,0.00,ABR
8568473f-3a83-4adb-8aed-358e4481b99c|TUITION|2026-05,8568473f-3a83-4adb-8aed-358e4481b99c,TUITION,2026.0,5.0,0.00,0.00,0.00,MAY
8568473f-3a83-4adb-8aed-358e4481b99c|TUITION|2026-06,8568473f-3a83-4adb-8aed-358e4481b99c,TUITION,2026.0,6.0,0.00,0.00,0.00,JUN
8d1da005-457e-4b91-b44a-605b0ca3c47a|TUITION|2025-09,8d1da005-457e-4b91-b44a-605b0ca3c47a,TUITION,2025.0,9.0,1600.00,1600.00,0.00,SEP
8d1da005-457e-4b91-b44a-605b0ca3c47a|TUITION|2025-10,8d1da005-457e-4b91-b44a-605b0ca3c47a,TUITION,2025.0,10.0,1600.00,1600.00,0.00,OCT
8d1da005-457e-4b91-b44a-605b0ca3c47a|TUITION|2025-11,8d1da005-457e-4b91-b44a-605b0ca3c47a,TUITION,2025.0,11.0,1600.00,1600.00,0.00,NOV
8d1da005-457e-4b91-b44a-605b0ca3c47a|TUITION|2025-12,8d1da005-457e-4b91-b44a-605b0ca3c47a,TUITION,2025.0,12.0,1600.00,1600.00,0.00,DIC/JUL
8d1da005-457e-4b91-b44a-605b0ca3c47a|TUITION|2026-07,8d1da005-457e-4b91-b44a-605b0ca3c47a,TUITION,2026.0,7.0,1600.00,1600.00,0.00,DIC/JUL
8d1da005-457e-4b91-b44a-605b0ca3c47a|TUITION|2026-01,8d1da005-457e-4b91-b44a-605b0ca3c47a,TUITION,2026.0,1.0,1600.00,1600.00,0.00,ENE
8d1da005-457e-4b91-b44a-605b0ca3c47a|TUITION|2026-02,8d1da005-457e-4b91-b44a-605b0ca3c47a,TUITION,2026.0,2.0,1600.00,1600.00,0.00,FEB
8d1da005-457e-4b91-b44a-605b0ca3c47a|TUITION|2026-03,8d1da005-457e-4b91-b44a-605b0ca3c47a,TUITION,2026.0,3.0,1600.00,0.00,1600.00,MAR/AGO
8d1da005-457e-4b91-b44a-605b0ca3c47a|TUITION|2026-08,8d1da005-457e-4b91-b44a-605b0ca3c47a,TUITION,2026.0,8.0,1600.00,0.00,1600.00,MAR/AGO
8d1da005-457e-4b91-b44a-605b0ca3c47a|TUITION|2026-04,8d1da005-457e-4b91-b44a-605b0ca3c47a,TUITION,2026.0,4.0,1600.00,0.00,1600.00,ABR
8d1da005-457e-4b91-b44a-605b0ca3c47a|TUITION|2026-05,8d1da005-457e-4b91-b44a-605b0ca3c47a,TUITION,2026.0,5.0,1600.00,0.00,1600.00,MAY
8d1da005-457e-4b91-b44a-605b0ca3c47a|TUITION|2026-06,8d1da005-457e-4b91-b44a-605b0ca3c47a,TUITION,2026.0,6.0,1600.00,0.00,1600.00,JUN
8f7b36f8-3e15-40c5-bdda-da05aead70c2|TUITION|2025-09,8f7b36f8-3e15-40c5-bdda-da05aead70c2,TUITION,2025.0,9.0,0.00,0.00,0.00,SEP
8f7b36f8-3e15-40c5-bdda-da05aead70c2|TUITION|2025-10,8f7b36f8-3e15-40c5-bdda-da05aead70c2,TUITION,2025.0,10.0,0.00,0.00,0.00,OCT
8f7b36f8-3e15-40c5-bdda-da05aead70c2|TUITION|2025-11,8f7b36f8-3e15-40c5-bdda-da05aead70c2,TUITION,2025.0,11.0,0.00,0.00,0.00,NOV
8f7b36f8-3e15-40c5-bdda-da05aead70c2|TUITION|2025-12,8f7b36f8-3e15-40c5-bdda-da05aead70c2,TUITION,2025.0,12.0,0.00,0.00,0.00,DIC/JUL
8f7b36f8-3e15-40c5-bdda-da05aead70c2|TUITION|2026-07,8f7b36f8-3e15-40c5-bdda-da05aead70c2,TUITION,2026.0,7.0,0.00,0.00,0.00,DIC/JUL
8f7b36f8-3e15-40c5-bdda-da05aead70c2|TUITION|2026-01,8f7b36f8-3e15-40c5-bdda-da05aead70c2,TUITION,2026.0,1.0,0.00,0.00,0.00,ENE
8f7b36f8-3e15-40c5-bdda-da05aead70c2|TUITION|2026-02,8f7b36f8-3e15-40c5-bdda-da05aead70c2,TUITION,2026.0,2.0,0.00,0.00,0.00,FEB
8f7b36f8-3e15-40c5-bdda-da05aead70c2|TUITION|2026-03,8f7b36f8-3e15-40c5-bdda-da05aead70c2,TUITION,2026.0,3.0,0.00,0.00,0.00,MAR/AGO
8f7b36f8-3e15-40c5-bdda-da05aead70c2|TUITION|2026-08,8f7b36f8-3e15-40c5-bdda-da05aead70c2,TUITION,2026.0,8.0,0.00,0.00,0.00,MAR/AGO
8f7b36f8-3e15-40c5-bdda-da05aead70c2|TUITION|2026-04,8f7b36f8-3e15-40c5-bdda-da05aead70c2,TUITION,2026.0,4.0,0.00,0.00,0.00,ABR
8f7b36f8-3e15-40c5-bdda-da05aead70c2|TUITION|2026-05,8f7b36f8-3e15-40c5-bdda-da05aead70c2,TUITION,2026.0,5.0,0.00,0.00,0.00,MAY
8f7b36f8-3e15-40c5-bdda-da05aead70c2|TUITION|2026-06,8f7b36f8-3e15-40c5-bdda-da05aead70c2,TUITION,2026.0,6.0,0.00,0.00,0.00,JUN
95149f3e-bf90-4279-8471-a562bd517960|TUITION|2025-09,95149f3e-bf90-4279-8471-a562bd517960,TUITION,2025.0,9.0,1600.00,1600.00,0.00,SEP
95149f3e-bf90-4279-8471-a562bd517960|TUITION|2025-10,95149f3e-bf90-4279-8471-a562bd517960,TUITION,2025.0,10.0,1600.00,1600.00,0.00,OCT
95149f3e-bf90-4279-8471-a562bd517960|TUITION|2025-11,95149f3e-bf90-4279-8471-a562bd517960,TUITION,2025.0,11.0,1600.00,1600.00,0.00,NOV
95149f3e-bf90-4279-8471-a562bd517960|TUITION|2025-12,95149f3e-bf90-4279-8471-a562bd517960,TUITION,2025.0,12.0,1600.00,1600.00,0.00,DIC/JUL
95149f3e-bf90-4279-8471-a562bd517960|TUITION|2026-07,95149f3e-bf90-4279-8471-a562bd517960,TUITION,2026.0,7.0,1600.00,1600.00,0.00,DIC/JUL
95149f3e-bf90-4279-8471-a562bd517960|TUITION|2026-01,95149f3e-bf90-4279-8471-a562bd517960,TUITION,2026.0,1.0,1600.00,1600.00,0.00,ENE
95149f3e-bf90-4279-8471-a562bd517960|TUITION|2026-02,95149f3e-bf90-4279-8471-a562bd517960,TUITION,2026.0,2.0,1600.00,1600.00,0.00,FEB
95149f3e-bf90-4279-8471-a562bd517960|TUITION|2026-03,95149f3e-bf90-4279-8471-a562bd517960,TUITION,2026.0,3.0,1600.00,1600.00,0.00,MAR/AGO
95149f3e-bf90-4279-8471-a562bd517960|TUITION|2026-08,95149f3e-bf90-4279-8471-a562bd517960,TUITION,2026.0,8.0,1600.00,1600.00,0.00,MAR/AGO
95149f3e-bf90-4279-8471-a562bd517960|TUITION|2026-04,95149f3e-bf90-4279-8471-a562bd517960,TUITION,2026.0,4.0,1600.00,700.00,900.00,ABR
95149f3e-bf90-4279-8471-a562bd517960|TUITION|2026-05,95149f3e-bf90-4279-8471-a562bd517960,TUITION,2026.0,5.0,1600.00,0.00,1600.00,MAY
95149f3e-bf90-4279-8471-a562bd517960|TUITION|2026-06,95149f3e-bf90-4279-8471-a562bd517960,TUITION,2026.0,6.0,1600.00,0.00,1600.00,JUN
9722dc2c-e45a-49f8-84e5-b1591c35e7c2|TUITION|2025-09,9722dc2c-e45a-49f8-84e5-b1591c35e7c2,TUITION,2025.0,9.0,0.00,0.00,0.00,SEP
9722dc2c-e45a-49f8-84e5-b1591c35e7c2|TUITION|2025-10,9722dc2c-e45a-49f8-84e5-b1591c35e7c2,TUITION,2025.0,10.0,0.00,0.00,0.00,OCT
9722dc2c-e45a-49f8-84e5-b1591c35e7c2|TUITION|2025-11,9722dc2c-e45a-49f8-84e5-b1591c35e7c2,TUITION,2025.0,11.0,0.00,0.00,0.00,NOV
9722dc2c-e45a-49f8-84e5-b1591c35e7c2|TUITION|2025-12,9722dc2c-e45a-49f8-84e5-b1591c35e7c2,TUITION,2025.0,12.0,0.00,0.00,0.00,DIC/JUL
9722dc2c-e45a-49f8-84e5-b1591c35e7c2|TUITION|2026-07,9722dc2c-e45a-49f8-84e5-b1591c35e7c2,TUITION,2026.0,7.0,0.00,0.00,0.00,DIC/JUL
9722dc2c-e45a-49f8-84e5-b1591c35e7c2|TUITION|2026-01,9722dc2c-e45a-49f8-84e5-b1591c35e7c2,TUITION,2026.0,1.0,0.00,0.00,0.00,ENE
9722dc2c-e45a-49f8-84e5-b1591c35e7c2|TUITION|2026-02,9722dc2c-e45a-49f8-84e5-b1591c35e7c2,TUITION,2026.0,2.0,0.00,0.00,0.00,FEB
9722dc2c-e45a-49f8-84e5-b1591c35e7c2|TUITION|2026-03,9722dc2c-e45a-49f8-84e5-b1591c35e7c2,TUITION,2026.0,3.0,0.00,0.00,0.00,MAR/AGO
9722dc2c-e45a-49f8-84e5-b1591c35e7c2|TUITION|2026-08,9722dc2c-e45a-49f8-84e5-b1591c35e7c2,TUITION,2026.0,8.0,0.00,0.00,0.00,MAR/AGO
9722dc2c-e45a-49f8-84e5-b1591c35e7c2|TUITION|2026-04,9722dc2c-e45a-49f8-84e5-b1591c35e7c2,TUITION,2026.0,4.0,0.00,0.00,0.00,ABR
9722dc2c-e45a-49f8-84e5-b1591c35e7c2|TUITION|2026-05,9722dc2c-e45a-49f8-84e5-b1591c35e7c2,TUITION,2026.0,5.0,0.00,0.00,0.00,MAY
9722dc2c-e45a-49f8-84e5-b1591c35e7c2|TUITION|2026-06,9722dc2c-e45a-49f8-84e5-b1591c35e7c2,TUITION,2026.0,6.0,0.00,0.00,0.00,JUN
99237104-4f6b-415e-88b1-7241d4cbfda3|TUITION|2025-09,99237104-4f6b-415e-88b1-7241d4cbfda3,TUITION,2025.0,9.0,0.00,0.00,0.00,SEP
99237104-4f6b-415e-88b1-7241d4cbfda3|TUITION|2025-10,99237104-4f6b-415e-88b1-7241d4cbfda3,TUITION,2025.0,10.0,0.00,0.00,0.00,OCT
99237104-4f6b-415e-88b1-7241d4cbfda3|TUITION|2025-11,99237104-4f6b-415e-88b1-7241d4cbfda3,TUITION,2025.0,11.0,0.00,0.00,0.00,NOV
99237104-4f6b-415e-88b1-7241d4cbfda3|TUITION|2025-12,99237104-4f6b-415e-88b1-7241d4cbfda3,TUITION,2025.0,12.0,0.00,0.00,0.00,DIC/JUL
99237104-4f6b-415e-88b1-7241d4cbfda3|TUITION|2026-07,99237104-4f6b-415e-88b1-7241d4cbfda3,TUITION,2026.0,7.0,0.00,0.00,0.00,DIC/JUL
99237104-4f6b-415e-88b1-7241d4cbfda3|TUITION|2026-01,99237104-4f6b-415e-88b1-7241d4cbfda3,TUITION,2026.0,1.0,0.00,0.00,0.00,ENE
99237104-4f6b-415e-88b1-7241d4cbfda3|TUITION|2026-02,99237104-4f6b-415e-88b1-7241d4cbfda3,TUITION,2026.0,2.0,0.00,0.00,0.00,FEB
99237104-4f6b-415e-88b1-7241d4cbfda3|TUITION|2026-03,99237104-4f6b-415e-88b1-7241d4cbfda3,TUITION,2026.0,3.0,0.00,0.00,0.00,MAR/AGO
99237104-4f6b-415e-88b1-7241d4cbfda3|TUITION|2026-08,99237104-4f6b-415e-88b1-7241d4cbfda3,TUITION,2026.0,8.0,0.00,0.00,0.00,MAR/AGO
99237104-4f6b-415e-88b1-7241d4cbfda3|TUITION|2026-04,99237104-4f6b-415e-88b1-7241d4cbfda3,TUITION,2026.0,4.0,0.00,0.00,0.00,ABR
99237104-4f6b-415e-88b1-7241d4cbfda3|TUITION|2026-05,99237104-4f6b-415e-88b1-7241d4cbfda3,TUITION,2026.0,5.0,0.00,0.00,0.00,MAY
99237104-4f6b-415e-88b1-7241d4cbfda3|TUITION|2026-06,99237104-4f6b-415e-88b1-7241d4cbfda3,TUITION,2026.0,6.0,0.00,0.00,0.00,JUN
9ace76f4-cf42-4715-ba18-951ec5af9103|TUITION|2026-07,9ace76f4-cf42-4715-ba18-951ec5af9103,TUITION,2026.0,7.0,1000.00,0.00,1000.00,DIC/JUL
9ace76f4-cf42-4715-ba18-951ec5af9103|TUITION|2026-02,9ace76f4-cf42-4715-ba18-951ec5af9103,TUITION,2026.0,2.0,1000.00,1000.00,0.00,FEB
9ace76f4-cf42-4715-ba18-951ec5af9103|TUITION|2026-03,9ace76f4-cf42-4715-ba18-951ec5af9103,TUITION,2026.0,3.0,1000.00,1000.00,0.00,MAR/AGO
9ace76f4-cf42-4715-ba18-951ec5af9103|TUITION|2026-08,9ace76f4-cf42-4715-ba18-951ec5af9103,TUITION,2026.0,8.0,1000.00,0.00,1000.00,MAR/AGO
9ace76f4-cf42-4715-ba18-951ec5af9103|TUITION|2026-04,9ace76f4-cf42-4715-ba18-951ec5af9103,TUITION,2026.0,4.0,1000.00,0.00,1000.00,ABR
9ace76f4-cf42-4715-ba18-951ec5af9103|TUITION|2026-05,9ace76f4-cf42-4715-ba18-951ec5af9103,TUITION,2026.0,5.0,1000.00,0.00,1000.00,MAY
9ace76f4-cf42-4715-ba18-951ec5af9103|TUITION|2026-06,9ace76f4-cf42-4715-ba18-951ec5af9103,TUITION,2026.0,6.0,1000.00,0.00,1000.00,JUN
a289cbad-dbdb-4e9c-8afd-aeef6bbd7fcb|TUITION|2025-09,a289cbad-dbdb-4e9c-8afd-aeef6bbd7fcb,TUITION,2025.0,9.0,1400.00,1400.00,0.00,SEP
a289cbad-dbdb-4e9c-8afd-aeef6bbd7fcb|TUITION|2025-10,a289cbad-dbdb-4e9c-8afd-aeef6bbd7fcb,TUITION,2025.0,10.0,1400.00,1400.00,0.00,OCT
a289cbad-dbdb-4e9c-8afd-aeef6bbd7fcb|TUITION|2025-11,a289cbad-dbdb-4e9c-8afd-aeef6bbd7fcb,TUITION,2025.0,11.0,1400.00,1400.00,0.00,NOV
a289cbad-dbdb-4e9c-8afd-aeef6bbd7fcb|TUITION|2025-12,a289cbad-dbdb-4e9c-8afd-aeef6bbd7fcb,TUITION,2025.0,12.0,1400.00,1400.00,0.00,DIC/JUL
a289cbad-dbdb-4e9c-8afd-aeef6bbd7fcb|TUITION|2026-07,a289cbad-dbdb-4e9c-8afd-aeef6bbd7fcb,TUITION,2026.0,7.0,1400.00,1400.00,0.00,DIC/JUL
a289cbad-dbdb-4e9c-8afd-aeef6bbd7fcb|TUITION|2026-01,a289cbad-dbdb-4e9c-8afd-aeef6bbd7fcb,TUITION,2026.0,1.0,1400.00,1400.00,0.00,ENE
a289cbad-dbdb-4e9c-8afd-aeef6bbd7fcb|TUITION|2026-02,a289cbad-dbdb-4e9c-8afd-aeef6bbd7fcb,TUITION,2026.0,2.0,1400.00,1400.00,0.00,FEB
a289cbad-dbdb-4e9c-8afd-aeef6bbd7fcb|TUITION|2026-03,a289cbad-dbdb-4e9c-8afd-aeef6bbd7fcb,TUITION,2026.0,3.0,1400.00,1400.00,0.00,MAR/AGO
a289cbad-dbdb-4e9c-8afd-aeef6bbd7fcb|TUITION|2026-08,a289cbad-dbdb-4e9c-8afd-aeef6bbd7fcb,TUITION,2026.0,8.0,1400.00,1400.00,0.00,MAR/AGO
a289cbad-dbdb-4e9c-8afd-aeef6bbd7fcb|TUITION|2026-04,a289cbad-dbdb-4e9c-8afd-aeef6bbd7fcb,TUITION,2026.0,4.0,1400.00,1400.00,0.00,ABR
a289cbad-dbdb-4e9c-8afd-aeef6bbd7fcb|TUITION|2026-05,a289cbad-dbdb-4e9c-8afd-aeef6bbd7fcb,TUITION,2026.0,5.0,1400.00,1400.00,0.00,MAY
a289cbad-dbdb-4e9c-8afd-aeef6bbd7fcb|TUITION|2026-06,a289cbad-dbdb-4e9c-8afd-aeef6bbd7fcb,TUITION,2026.0,6.0,1400.00,1400.00,0.00,JUN
a4c9cada-bb7c-4116-8091-8b3e944aba30|TUITION|2025-09,a4c9cada-bb7c-4116-8091-8b3e944aba30,TUITION,2025.0,9.0,1000.00,1000.00,0.00,SEP
a4c9cada-bb7c-4116-8091-8b3e944aba30|TUITION|2025-10,a4c9cada-bb7c-4116-8091-8b3e944aba30,TUITION,2025.0,10.0,1000.00,1000.00,0.00,OCT
a4c9cada-bb7c-4116-8091-8b3e944aba30|TUITION|2025-11,a4c9cada-bb7c-4116-8091-8b3e944aba30,TUITION,2025.0,11.0,1000.00,1000.00,0.00,NOV
a4c9cada-bb7c-4116-8091-8b3e944aba30|TUITION|2025-12,a4c9cada-bb7c-4116-8091-8b3e944aba30,TUITION,2025.0,12.0,1000.00,1000.00,0.00,DIC/JUL
a4c9cada-bb7c-4116-8091-8b3e944aba30|TUITION|2026-07,a4c9cada-bb7c-4116-8091-8b3e944aba30,TUITION,2026.0,7.0,1000.00,1000.00,0.00,DIC/JUL
a4c9cada-bb7c-4116-8091-8b3e944aba30|TUITION|2026-01,a4c9cada-bb7c-4116-8091-8b3e944aba30,TUITION,2026.0,1.0,1000.00,1000.00,0.00,ENE
a4c9cada-bb7c-4116-8091-8b3e944aba30|TUITION|2026-02,a4c9cada-bb7c-4116-8091-8b3e944aba30,TUITION,2026.0,2.0,1000.00,1000.00,0.00,FEB
a4c9cada-bb7c-4116-8091-8b3e944aba30|TUITION|2026-03,a4c9cada-bb7c-4116-8091-8b3e944aba30,TUITION,2026.0,3.0,1000.00,1000.00,0.00,MAR/AGO
a4c9cada-bb7c-4116-8091-8b3e944aba30|TUITION|2026-08,a4c9cada-bb7c-4116-8091-8b3e944aba30,TUITION,2026.0,8.0,1000.00,1000.00,0.00,MAR/AGO
a4c9cada-bb7c-4116-8091-8b3e944aba30|TUITION|2026-04,a4c9cada-bb7c-4116-8091-8b3e944aba30,TUITION,2026.0,4.0,1000.00,1000.00,0.00,ABR
a4c9cada-bb7c-4116-8091-8b3e944aba30|TUITION|2026-05,a4c9cada-bb7c-4116-8091-8b3e944aba30,TUITION,2026.0,5.0,1000.00,0.00,1000.00,MAY
a4c9cada-bb7c-4116-8091-8b3e944aba30|TUITION|2026-06,a4c9cada-bb7c-4116-8091-8b3e944aba30,TUITION,2026.0,6.0,1000.00,0.00,1000.00,JUN
a6b37970-a2fa-4a7b-8b11-d3e5151b40b3|TUITION|2025-09,a6b37970-a2fa-4a7b-8b11-d3e5151b40b3,TUITION,2025.0,9.0,1600.00,1600.00,0.00,SEP
a6b37970-a2fa-4a7b-8b11-d3e5151b40b3|TUITION|2025-10,a6b37970-a2fa-4a7b-8b11-d3e5151b40b3,TUITION,2025.0,10.0,1600.00,1600.00,0.00,OCT
a6b37970-a2fa-4a7b-8b11-d3e5151b40b3|TUITION|2025-11,a6b37970-a2fa-4a7b-8b11-d3e5151b40b3,TUITION,2025.0,11.0,1600.00,1600.00,0.00,NOV
a6b37970-a2fa-4a7b-8b11-d3e5151b40b3|TUITION|2025-12,a6b37970-a2fa-4a7b-8b11-d3e5151b40b3,TUITION,2025.0,12.0,1600.00,1600.00,0.00,DIC/JUL
a6b37970-a2fa-4a7b-8b11-d3e5151b40b3|TUITION|2026-07,a6b37970-a2fa-4a7b-8b11-d3e5151b40b3,TUITION,2026.0,7.0,1600.00,1600.00,0.00,DIC/JUL
a6b37970-a2fa-4a7b-8b11-d3e5151b40b3|TUITION|2026-01,a6b37970-a2fa-4a7b-8b11-d3e5151b40b3,TUITION,2026.0,1.0,1600.00,1600.00,0.00,ENE
a6b37970-a2fa-4a7b-8b11-d3e5151b40b3|TUITION|2026-02,a6b37970-a2fa-4a7b-8b11-d3e5151b40b3,TUITION,2026.0,2.0,1600.00,1600.00,0.00,FEB
a6b37970-a2fa-4a7b-8b11-d3e5151b40b3|TUITION|2026-03,a6b37970-a2fa-4a7b-8b11-d3e5151b40b3,TUITION,2026.0,3.0,1600.00,1600.00,0.00,MAR/AGO
a6b37970-a2fa-4a7b-8b11-d3e5151b40b3|TUITION|2026-08,a6b37970-a2fa-4a7b-8b11-d3e5151b40b3,TUITION,2026.0,8.0,1600.00,1600.00,0.00,MAR/AGO
a6b37970-a2fa-4a7b-8b11-d3e5151b40b3|TUITION|2026-04,a6b37970-a2fa-4a7b-8b11-d3e5151b40b3,TUITION,2026.0,4.0,1600.00,1600.00,0.00,ABR
a6b37970-a2fa-4a7b-8b11-d3e5151b40b3|TUITION|2026-05,a6b37970-a2fa-4a7b-8b11-d3e5151b40b3,TUITION,2026.0,5.0,1600.00,0.00,1600.00,MAY
a6b37970-a2fa-4a7b-8b11-d3e5151b40b3|TUITION|2026-06,a6b37970-a2fa-4a7b-8b11-d3e5151b40b3,TUITION,2026.0,6.0,1600.00,0.00,1600.00,JUN
a71be5b5-f484-434a-912c-d679234166b5|TUITION|2025-09,a71be5b5-f484-434a-912c-d679234166b5,TUITION,2025.0,9.0,1600.00,1600.00,0.00,SEP
a71be5b5-f484-434a-912c-d679234166b5|TUITION|2025-10,a71be5b5-f484-434a-912c-d679234166b5,TUITION,2025.0,10.0,1600.00,1600.00,0.00,OCT
a71be5b5-f484-434a-912c-d679234166b5|TUITION|2025-11,a71be5b5-f484-434a-912c-d679234166b5,TUITION,2025.0,11.0,1600.00,1600.00,0.00,NOV
a71be5b5-f484-434a-912c-d679234166b5|TUITION|2025-12,a71be5b5-f484-434a-912c-d679234166b5,TUITION,2025.0,12.0,1600.00,1600.00,0.00,DIC/JUL
a71be5b5-f484-434a-912c-d679234166b5|TUITION|2026-07,a71be5b5-f484-434a-912c-d679234166b5,TUITION,2026.0,7.0,1600.00,0.00,1600.00,DIC/JUL
a71be5b5-f484-434a-912c-d679234166b5|TUITION|2026-01,a71be5b5-f484-434a-912c-d679234166b5,TUITION,2026.0,1.0,1600.00,0.00,1600.00,ENE
a71be5b5-f484-434a-912c-d679234166b5|TUITION|2026-02,a71be5b5-f484-434a-912c-d679234166b5,TUITION,2026.0,2.0,1600.00,0.00,1600.00,FEB
a71be5b5-f484-434a-912c-d679234166b5|TUITION|2026-03,a71be5b5-f484-434a-912c-d679234166b5,TUITION,2026.0,3.0,1600.00,0.00,1600.00,MAR/AGO
a71be5b5-f484-434a-912c-d679234166b5|TUITION|2026-08,a71be5b5-f484-434a-912c-d679234166b5,TUITION,2026.0,8.0,1600.00,0.00,1600.00,MAR/AGO
a71be5b5-f484-434a-912c-d679234166b5|TUITION|2026-04,a71be5b5-f484-434a-912c-d679234166b5,TUITION,2026.0,4.0,1600.00,0.00,1600.00,ABR
a71be5b5-f484-434a-912c-d679234166b5|TUITION|2026-05,a71be5b5-f484-434a-912c-d679234166b5,TUITION,2026.0,5.0,1600.00,0.00,1600.00,MAY
a71be5b5-f484-434a-912c-d679234166b5|TUITION|2026-06,a71be5b5-f484-434a-912c-d679234166b5,TUITION,2026.0,6.0,1600.00,0.00,1600.00,JUN
a8144361-4bce-487c-bc3a-949391e8d895|TUITION|2025-09,a8144361-4bce-487c-bc3a-949391e8d895,TUITION,2025.0,9.0,900.00,900.00,0.00,SEP
a8144361-4bce-487c-bc3a-949391e8d895|TUITION|2025-10,a8144361-4bce-487c-bc3a-949391e8d895,TUITION,2025.0,10.0,900.00,900.00,0.00,OCT
a8144361-4bce-487c-bc3a-949391e8d895|TUITION|2025-11,a8144361-4bce-487c-bc3a-949391e8d895,TUITION,2025.0,11.0,900.00,900.00,0.00,NOV
a8144361-4bce-487c-bc3a-949391e8d895|TUITION|2025-12,a8144361-4bce-487c-bc3a-949391e8d895,TUITION,2025.0,12.0,900.00,900.00,0.00,DIC/JUL
a8144361-4bce-487c-bc3a-949391e8d895|TUITION|2026-07,a8144361-4bce-487c-bc3a-949391e8d895,TUITION,2026.0,7.0,900.00,900.00,0.00,DIC/JUL
a8144361-4bce-487c-bc3a-949391e8d895|TUITION|2026-01,a8144361-4bce-487c-bc3a-949391e8d895,TUITION,2026.0,1.0,900.00,900.00,0.00,ENE
a8144361-4bce-487c-bc3a-949391e8d895|TUITION|2026-02,a8144361-4bce-487c-bc3a-949391e8d895,TUITION,2026.0,2.0,900.00,900.00,0.00,FEB
a8144361-4bce-487c-bc3a-949391e8d895|TUITION|2026-03,a8144361-4bce-487c-bc3a-949391e8d895,TUITION,2026.0,3.0,900.00,900.00,0.00,MAR/AGO
a8144361-4bce-487c-bc3a-949391e8d895|TUITION|2026-08,a8144361-4bce-487c-bc3a-949391e8d895,TUITION,2026.0,8.0,900.00,900.00,0.00,MAR/AGO
a8144361-4bce-487c-bc3a-949391e8d895|TUITION|2026-04,a8144361-4bce-487c-bc3a-949391e8d895,TUITION,2026.0,4.0,900.00,900.00,0.00,ABR
a8144361-4bce-487c-bc3a-949391e8d895|TUITION|2026-05,a8144361-4bce-487c-bc3a-949391e8d895,TUITION,2026.0,5.0,900.00,900.00,0.00,MAY
a8144361-4bce-487c-bc3a-949391e8d895|TUITION|2026-06,a8144361-4bce-487c-bc3a-949391e8d895,TUITION,2026.0,6.0,900.00,900.00,0.00,JUN
abea3641-4bdf-451a-8710-fa95ab34cab7|TUITION|2025-09,abea3641-4bdf-451a-8710-fa95ab34cab7,TUITION,2025.0,9.0,1600.00,1600.00,0.00,SEP
abea3641-4bdf-451a-8710-fa95ab34cab7|TUITION|2025-10,abea3641-4bdf-451a-8710-fa95ab34cab7,TUITION,2025.0,10.0,1600.00,1600.00,0.00,OCT
abea3641-4bdf-451a-8710-fa95ab34cab7|TUITION|2025-11,abea3641-4bdf-451a-8710-fa95ab34cab7,TUITION,2025.0,11.0,1600.00,1600.00,0.00,NOV
abea3641-4bdf-451a-8710-fa95ab34cab7|TUITION|2025-12,abea3641-4bdf-451a-8710-fa95ab34cab7,TUITION,2025.0,12.0,1600.00,1600.00,0.00,DIC/JUL
abea3641-4bdf-451a-8710-fa95ab34cab7|TUITION|2026-07,abea3641-4bdf-451a-8710-fa95ab34cab7,TUITION,2026.0,7.0,1600.00,1600.00,0.00,DIC/JUL
abea3641-4bdf-451a-8710-fa95ab34cab7|TUITION|2026-01,abea3641-4bdf-451a-8710-fa95ab34cab7,TUITION,2026.0,1.0,1600.00,1600.00,0.00,ENE
abea3641-4bdf-451a-8710-fa95ab34cab7|TUITION|2026-02,abea3641-4bdf-451a-8710-fa95ab34cab7,TUITION,2026.0,2.0,1600.00,1600.00,0.00,FEB
abea3641-4bdf-451a-8710-fa95ab34cab7|TUITION|2026-03,abea3641-4bdf-451a-8710-fa95ab34cab7,TUITION,2026.0,3.0,1600.00,1600.00,0.00,MAR/AGO
abea3641-4bdf-451a-8710-fa95ab34cab7|TUITION|2026-08,abea3641-4bdf-451a-8710-fa95ab34cab7,TUITION,2026.0,8.0,1600.00,1600.00,0.00,MAR/AGO
abea3641-4bdf-451a-8710-fa95ab34cab7|TUITION|2026-04,abea3641-4bdf-451a-8710-fa95ab34cab7,TUITION,2026.0,4.0,1600.00,0.00,1600.00,ABR
abea3641-4bdf-451a-8710-fa95ab34cab7|TUITION|2026-05,abea3641-4bdf-451a-8710-fa95ab34cab7,TUITION,2026.0,5.0,1600.00,0.00,1600.00,MAY
abea3641-4bdf-451a-8710-fa95ab34cab7|TUITION|2026-06,abea3641-4bdf-451a-8710-fa95ab34cab7,TUITION,2026.0,6.0,1600.00,0.00,1600.00,JUN
ade9cbc4-6693-4456-b351-ef101774e7e4|TUITION|2025-09,ade9cbc4-6693-4456-b351-ef101774e7e4,TUITION,2025.0,9.0,500.00,0.00,500.00,SEP
ade9cbc4-6693-4456-b351-ef101774e7e4|TUITION|2025-10,ade9cbc4-6693-4456-b351-ef101774e7e4,TUITION,2025.0,10.0,500.00,0.00,500.00,OCT
ade9cbc4-6693-4456-b351-ef101774e7e4|TUITION|2025-11,ade9cbc4-6693-4456-b351-ef101774e7e4,TUITION,2025.0,11.0,500.00,0.00,500.00,NOV
ade9cbc4-6693-4456-b351-ef101774e7e4|TUITION|2025-12,ade9cbc4-6693-4456-b351-ef101774e7e4,TUITION,2025.0,12.0,500.00,0.00,500.00,DIC/JUL
ade9cbc4-6693-4456-b351-ef101774e7e4|TUITION|2026-07,ade9cbc4-6693-4456-b351-ef101774e7e4,TUITION,2026.0,7.0,500.00,0.00,500.00,DIC/JUL
ade9cbc4-6693-4456-b351-ef101774e7e4|TUITION|2026-01,ade9cbc4-6693-4456-b351-ef101774e7e4,TUITION,2026.0,1.0,500.00,0.00,500.00,ENE
ade9cbc4-6693-4456-b351-ef101774e7e4|TUITION|2026-02,ade9cbc4-6693-4456-b351-ef101774e7e4,TUITION,2026.0,2.0,500.00,0.00,500.00,FEB
ade9cbc4-6693-4456-b351-ef101774e7e4|TUITION|2026-03,ade9cbc4-6693-4456-b351-ef101774e7e4,TUITION,2026.0,3.0,500.00,0.00,500.00,MAR/AGO
ade9cbc4-6693-4456-b351-ef101774e7e4|TUITION|2026-08,ade9cbc4-6693-4456-b351-ef101774e7e4,TUITION,2026.0,8.0,500.00,0.00,500.00,MAR/AGO
ade9cbc4-6693-4456-b351-ef101774e7e4|TUITION|2026-04,ade9cbc4-6693-4456-b351-ef101774e7e4,TUITION,2026.0,4.0,500.00,0.00,500.00,ABR
ade9cbc4-6693-4456-b351-ef101774e7e4|TUITION|2026-05,ade9cbc4-6693-4456-b351-ef101774e7e4,TUITION,2026.0,5.0,500.00,0.00,500.00,MAY
ade9cbc4-6693-4456-b351-ef101774e7e4|TUITION|2026-06,ade9cbc4-6693-4456-b351-ef101774e7e4,TUITION,2026.0,6.0,500.00,0.00,500.00,JUN
ae5f806a-46b0-4a53-8eb3-9a5dd3e9d0dd|TUITION|2025-09,ae5f806a-46b0-4a53-8eb3-9a5dd3e9d0dd,TUITION,2025.0,9.0,1300.00,1300.00,0.00,SEP
ae5f806a-46b0-4a53-8eb3-9a5dd3e9d0dd|TUITION|2025-10,ae5f806a-46b0-4a53-8eb3-9a5dd3e9d0dd,TUITION,2025.0,10.0,1300.00,1300.00,0.00,OCT
ae5f806a-46b0-4a53-8eb3-9a5dd3e9d0dd|TUITION|2025-11,ae5f806a-46b0-4a53-8eb3-9a5dd3e9d0dd,TUITION,2025.0,11.0,1300.00,1300.00,0.00,NOV
ae5f806a-46b0-4a53-8eb3-9a5dd3e9d0dd|TUITION|2025-12,ae5f806a-46b0-4a53-8eb3-9a5dd3e9d0dd,TUITION,2025.0,12.0,1300.00,1300.00,0.00,DIC/JUL
ae5f806a-46b0-4a53-8eb3-9a5dd3e9d0dd|TUITION|2026-07,ae5f806a-46b0-4a53-8eb3-9a5dd3e9d0dd,TUITION,2026.0,7.0,1300.00,1300.00,0.00,DIC/JUL
ae5f806a-46b0-4a53-8eb3-9a5dd3e9d0dd|TUITION|2026-01,ae5f806a-46b0-4a53-8eb3-9a5dd3e9d0dd,TUITION,2026.0,1.0,1300.00,1300.00,0.00,ENE
ae5f806a-46b0-4a53-8eb3-9a5dd3e9d0dd|TUITION|2026-02,ae5f806a-46b0-4a53-8eb3-9a5dd3e9d0dd,TUITION,2026.0,2.0,1300.00,1300.00,0.00,FEB
ae5f806a-46b0-4a53-8eb3-9a5dd3e9d0dd|TUITION|2026-03,ae5f806a-46b0-4a53-8eb3-9a5dd3e9d0dd,TUITION,2026.0,3.0,1300.00,1300.00,0.00,MAR/AGO
ae5f806a-46b0-4a53-8eb3-9a5dd3e9d0dd|TUITION|2026-08,ae5f806a-46b0-4a53-8eb3-9a5dd3e9d0dd,TUITION,2026.0,8.0,1300.00,0.00,1300.00,MAR/AGO
ae5f806a-46b0-4a53-8eb3-9a5dd3e9d0dd|TUITION|2026-04,ae5f806a-46b0-4a53-8eb3-9a5dd3e9d0dd,TUITION,2026.0,4.0,1300.00,0.00,1300.00,ABR
ae5f806a-46b0-4a53-8eb3-9a5dd3e9d0dd|TUITION|2026-05,ae5f806a-46b0-4a53-8eb3-9a5dd3e9d0dd,TUITION,2026.0,5.0,1300.00,0.00,1300.00,MAY
ae5f806a-46b0-4a53-8eb3-9a5dd3e9d0dd|TUITION|2026-06,ae5f806a-46b0-4a53-8eb3-9a5dd3e9d0dd,TUITION,2026.0,6.0,1300.00,0.00,1300.00,JUN
afa0658f-b7b9-4fb1-997b-0e0fcf93b4e1|TUITION|2025-09,afa0658f-b7b9-4fb1-997b-0e0fcf93b4e1,TUITION,2025.0,9.0,1500.00,1500.00,0.00,SEP
afa0658f-b7b9-4fb1-997b-0e0fcf93b4e1|TUITION|2025-10,afa0658f-b7b9-4fb1-997b-0e0fcf93b4e1,TUITION,2025.0,10.0,1500.00,1500.00,0.00,OCT
afa0658f-b7b9-4fb1-997b-0e0fcf93b4e1|TUITION|2025-11,afa0658f-b7b9-4fb1-997b-0e0fcf93b4e1,TUITION,2025.0,11.0,1500.00,1500.00,0.00,NOV
afa0658f-b7b9-4fb1-997b-0e0fcf93b4e1|TUITION|2025-12,afa0658f-b7b9-4fb1-997b-0e0fcf93b4e1,TUITION,2025.0,12.0,1500.00,1500.00,0.00,DIC/JUL
afa0658f-b7b9-4fb1-997b-0e0fcf93b4e1|TUITION|2026-07,afa0658f-b7b9-4fb1-997b-0e0fcf93b4e1,TUITION,2026.0,7.0,1500.00,1500.00,0.00,DIC/JUL
afa0658f-b7b9-4fb1-997b-0e0fcf93b4e1|TUITION|2026-01,afa0658f-b7b9-4fb1-997b-0e0fcf93b4e1,TUITION,2026.0,1.0,1500.00,1500.00,0.00,ENE
afa0658f-b7b9-4fb1-997b-0e0fcf93b4e1|TUITION|2026-02,afa0658f-b7b9-4fb1-997b-0e0fcf93b4e1,TUITION,2026.0,2.0,1500.00,1500.00,0.00,FEB
afa0658f-b7b9-4fb1-997b-0e0fcf93b4e1|TUITION|2026-03,afa0658f-b7b9-4fb1-997b-0e0fcf93b4e1,TUITION,2026.0,3.0,1500.00,1500.00,0.00,MAR/AGO
afa0658f-b7b9-4fb1-997b-0e0fcf93b4e1|TUITION|2026-08,afa0658f-b7b9-4fb1-997b-0e0fcf93b4e1,TUITION,2026.0,8.0,1500.00,0.00,1500.00,MAR/AGO
afa0658f-b7b9-4fb1-997b-0e0fcf93b4e1|TUITION|2026-04,afa0658f-b7b9-4fb1-997b-0e0fcf93b4e1,TUITION,2026.0,4.0,1500.00,0.00,1500.00,ABR
afa0658f-b7b9-4fb1-997b-0e0fcf93b4e1|TUITION|2026-05,afa0658f-b7b9-4fb1-997b-0e0fcf93b4e1,TUITION,2026.0,5.0,1500.00,0.00,1500.00,MAY
afa0658f-b7b9-4fb1-997b-0e0fcf93b4e1|TUITION|2026-06,afa0658f-b7b9-4fb1-997b-0e0fcf93b4e1,TUITION,2026.0,6.0,1500.00,0.00,1500.00,JUN
b032b2a8-6144-4f39-8707-e4b41330b9d8|TUITION|2025-09,b032b2a8-6144-4f39-8707-e4b41330b9d8,TUITION,2025.0,9.0,900.00,0.00,900.00,SEP
b032b2a8-6144-4f39-8707-e4b41330b9d8|TUITION|2025-10,b032b2a8-6144-4f39-8707-e4b41330b9d8,TUITION,2025.0,10.0,900.00,0.00,900.00,OCT
b032b2a8-6144-4f39-8707-e4b41330b9d8|TUITION|2025-11,b032b2a8-6144-4f39-8707-e4b41330b9d8,TUITION,2025.0,11.0,900.00,0.00,900.00,NOV
b032b2a8-6144-4f39-8707-e4b41330b9d8|TUITION|2025-12,b032b2a8-6144-4f39-8707-e4b41330b9d8,TUITION,2025.0,12.0,900.00,0.00,900.00,DIC/JUL
b032b2a8-6144-4f39-8707-e4b41330b9d8|TUITION|2026-07,b032b2a8-6144-4f39-8707-e4b41330b9d8,TUITION,2026.0,7.0,900.00,0.00,900.00,DIC/JUL
b032b2a8-6144-4f39-8707-e4b41330b9d8|TUITION|2026-01,b032b2a8-6144-4f39-8707-e4b41330b9d8,TUITION,2026.0,1.0,900.00,0.00,900.00,ENE
b032b2a8-6144-4f39-8707-e4b41330b9d8|TUITION|2026-02,b032b2a8-6144-4f39-8707-e4b41330b9d8,TUITION,2026.0,2.0,900.00,0.00,900.00,FEB
b032b2a8-6144-4f39-8707-e4b41330b9d8|TUITION|2026-03,b032b2a8-6144-4f39-8707-e4b41330b9d8,TUITION,2026.0,3.0,900.00,0.00,900.00,MAR/AGO
b032b2a8-6144-4f39-8707-e4b41330b9d8|TUITION|2026-08,b032b2a8-6144-4f39-8707-e4b41330b9d8,TUITION,2026.0,8.0,900.00,0.00,900.00,MAR/AGO
b032b2a8-6144-4f39-8707-e4b41330b9d8|TUITION|2026-04,b032b2a8-6144-4f39-8707-e4b41330b9d8,TUITION,2026.0,4.0,900.00,0.00,900.00,ABR
b032b2a8-6144-4f39-8707-e4b41330b9d8|TUITION|2026-05,b032b2a8-6144-4f39-8707-e4b41330b9d8,TUITION,2026.0,5.0,900.00,0.00,900.00,MAY
b032b2a8-6144-4f39-8707-e4b41330b9d8|TUITION|2026-06,b032b2a8-6144-4f39-8707-e4b41330b9d8,TUITION,2026.0,6.0,900.00,0.00,900.00,JUN
b7f24e9c-6a1d-4b5a-9b34-c72abe5f4c40|TUITION|2026-07,b7f24e9c-6a1d-4b5a-9b34-c72abe5f4c40,TUITION,2026.0,7.0,1600.00,1600.00,0.00,DIC/JUL
b7f24e9c-6a1d-4b5a-9b34-c72abe5f4c40|TUITION|2026-08,b7f24e9c-6a1d-4b5a-9b34-c72abe5f4c40,TUITION,2026.0,8.0,1600.00,1600.00,0.00,MAR/AGO
b7f24e9c-6a1d-4b5a-9b34-c72abe5f4c40|TUITION|2026-04,b7f24e9c-6a1d-4b5a-9b34-c72abe5f4c40,TUITION,2026.0,4.0,1600.00,1600.00,0.00,ABR
b7f24e9c-6a1d-4b5a-9b34-c72abe5f4c40|TUITION|2026-05,b7f24e9c-6a1d-4b5a-9b34-c72abe5f4c40,TUITION,2026.0,5.0,1600.00,1600.00,0.00,MAY
b7f24e9c-6a1d-4b5a-9b34-c72abe5f4c40|TUITION|2026-06,b7f24e9c-6a1d-4b5a-9b34-c72abe5f4c40,TUITION,2026.0,6.0,1600.00,1600.00,0.00,JUN
bcb7ffd8-0cfa-449a-88d5-626f505cb19c|TUITION|2026-07,bcb7ffd8-0cfa-449a-88d5-626f505cb19c,TUITION,2026.0,7.0,1100.00,0.00,1100.00,DIC/JUL
bcb7ffd8-0cfa-449a-88d5-626f505cb19c|TUITION|2026-02,bcb7ffd8-0cfa-449a-88d5-626f505cb19c,TUITION,2026.0,2.0,1100.00,1100.00,0.00,FEB
bcb7ffd8-0cfa-449a-88d5-626f505cb19c|TUITION|2026-03,bcb7ffd8-0cfa-449a-88d5-626f505cb19c,TUITION,2026.0,3.0,1100.00,1100.00,0.00,MAR/AGO
bcb7ffd8-0cfa-449a-88d5-626f505cb19c|TUITION|2026-08,bcb7ffd8-0cfa-449a-88d5-626f505cb19c,TUITION,2026.0,8.0,1100.00,1100.00,0.00,MAR/AGO
bcb7ffd8-0cfa-449a-88d5-626f505cb19c|TUITION|2026-04,bcb7ffd8-0cfa-449a-88d5-626f505cb19c,TUITION,2026.0,4.0,1100.00,0.00,1100.00,ABR
bcb7ffd8-0cfa-449a-88d5-626f505cb19c|TUITION|2026-05,bcb7ffd8-0cfa-449a-88d5-626f505cb19c,TUITION,2026.0,5.0,1100.00,0.00,1100.00,MAY
bcb7ffd8-0cfa-449a-88d5-626f505cb19c|TUITION|2026-06,bcb7ffd8-0cfa-449a-88d5-626f505cb19c,TUITION,2026.0,6.0,1100.00,0.00,1100.00,JUN
bfce22f5-d7f1-4b93-8fc1-eb5907831b0c|TUITION|2025-09,bfce22f5-d7f1-4b93-8fc1-eb5907831b0c,TUITION,2025.0,9.0,1500.00,1500.00,0.00,SEP
bfce22f5-d7f1-4b93-8fc1-eb5907831b0c|TUITION|2025-10,bfce22f5-d7f1-4b93-8fc1-eb5907831b0c,TUITION,2025.0,10.0,1500.00,1500.00,0.00,OCT
bfce22f5-d7f1-4b93-8fc1-eb5907831b0c|TUITION|2025-11,bfce22f5-d7f1-4b93-8fc1-eb5907831b0c,TUITION,2025.0,11.0,1500.00,0.00,1500.00,NOV
bfce22f5-d7f1-4b93-8fc1-eb5907831b0c|TUITION|2025-12,bfce22f5-d7f1-4b93-8fc1-eb5907831b0c,TUITION,2025.0,12.0,1500.00,0.00,1500.00,DIC/JUL
bfce22f5-d7f1-4b93-8fc1-eb5907831b0c|TUITION|2026-07,bfce22f5-d7f1-4b93-8fc1-eb5907831b0c,TUITION,2026.0,7.0,1500.00,0.00,1500.00,DIC/JUL
bfce22f5-d7f1-4b93-8fc1-eb5907831b0c|TUITION|2026-01,bfce22f5-d7f1-4b93-8fc1-eb5907831b0c,TUITION,2026.0,1.0,1500.00,0.00,1500.00,ENE
bfce22f5-d7f1-4b93-8fc1-eb5907831b0c|TUITION|2026-02,bfce22f5-d7f1-4b93-8fc1-eb5907831b0c,TUITION,2026.0,2.0,1500.00,0.00,1500.00,FEB
bfce22f5-d7f1-4b93-8fc1-eb5907831b0c|TUITION|2026-03,bfce22f5-d7f1-4b93-8fc1-eb5907831b0c,TUITION,2026.0,3.0,1500.00,0.00,1500.00,MAR/AGO
bfce22f5-d7f1-4b93-8fc1-eb5907831b0c|TUITION|2026-08,bfce22f5-d7f1-4b93-8fc1-eb5907831b0c,TUITION,2026.0,8.0,1500.00,0.00,1500.00,MAR/AGO
bfce22f5-d7f1-4b93-8fc1-eb5907831b0c|TUITION|2026-04,bfce22f5-d7f1-4b93-8fc1-eb5907831b0c,TUITION,2026.0,4.0,1500.00,0.00,1500.00,ABR
bfce22f5-d7f1-4b93-8fc1-eb5907831b0c|TUITION|2026-05,bfce22f5-d7f1-4b93-8fc1-eb5907831b0c,TUITION,2026.0,5.0,1500.00,0.00,1500.00,MAY
bfce22f5-d7f1-4b93-8fc1-eb5907831b0c|TUITION|2026-06,bfce22f5-d7f1-4b93-8fc1-eb5907831b0c,TUITION,2026.0,6.0,1500.00,0.00,1500.00,JUN
c56d34dd-a1d8-4603-9194-4da21924592b|TUITION|2025-09,c56d34dd-a1d8-4603-9194-4da21924592b,TUITION,2025.0,9.0,1000.00,1000.00,0.00,SEP
c56d34dd-a1d8-4603-9194-4da21924592b|TUITION|2025-10,c56d34dd-a1d8-4603-9194-4da21924592b,TUITION,2025.0,10.0,1000.00,0.00,1000.00,OCT
c56d34dd-a1d8-4603-9194-4da21924592b|TUITION|2025-11,c56d34dd-a1d8-4603-9194-4da21924592b,TUITION,2025.0,11.0,1000.00,0.00,1000.00,NOV
c56d34dd-a1d8-4603-9194-4da21924592b|TUITION|2025-12,c56d34dd-a1d8-4603-9194-4da21924592b,TUITION,2025.0,12.0,1000.00,0.00,1000.00,DIC/JUL
c56d34dd-a1d8-4603-9194-4da21924592b|TUITION|2026-07,c56d34dd-a1d8-4603-9194-4da21924592b,TUITION,2026.0,7.0,1000.00,0.00,1000.00,DIC/JUL
c56d34dd-a1d8-4603-9194-4da21924592b|TUITION|2026-01,c56d34dd-a1d8-4603-9194-4da21924592b,TUITION,2026.0,1.0,1000.00,0.00,1000.00,ENE
c56d34dd-a1d8-4603-9194-4da21924592b|TUITION|2026-02,c56d34dd-a1d8-4603-9194-4da21924592b,TUITION,2026.0,2.0,1000.00,0.00,1000.00,FEB
c56d34dd-a1d8-4603-9194-4da21924592b|TUITION|2026-03,c56d34dd-a1d8-4603-9194-4da21924592b,TUITION,2026.0,3.0,1000.00,0.00,1000.00,MAR/AGO
c56d34dd-a1d8-4603-9194-4da21924592b|TUITION|2026-08,c56d34dd-a1d8-4603-9194-4da21924592b,TUITION,2026.0,8.0,1000.00,0.00,1000.00,MAR/AGO
c56d34dd-a1d8-4603-9194-4da21924592b|TUITION|2026-04,c56d34dd-a1d8-4603-9194-4da21924592b,TUITION,2026.0,4.0,1000.00,0.00,1000.00,ABR
c56d34dd-a1d8-4603-9194-4da21924592b|TUITION|2026-05,c56d34dd-a1d8-4603-9194-4da21924592b,TUITION,2026.0,5.0,1000.00,0.00,1000.00,MAY
c56d34dd-a1d8-4603-9194-4da21924592b|TUITION|2026-06,c56d34dd-a1d8-4603-9194-4da21924592b,TUITION,2026.0,6.0,1000.00,0.00,1000.00,JUN
c94e75bd-f940-4e2f-a9b3-2d1dc8ad0554|TUITION|2025-09,c94e75bd-f940-4e2f-a9b3-2d1dc8ad0554,TUITION,2025.0,9.0,1500.00,1500.00,0.00,SEP
c94e75bd-f940-4e2f-a9b3-2d1dc8ad0554|TUITION|2025-10,c94e75bd-f940-4e2f-a9b3-2d1dc8ad0554,TUITION,2025.0,10.0,1500.00,1500.00,0.00,OCT
c94e75bd-f940-4e2f-a9b3-2d1dc8ad0554|TUITION|2025-11,c94e75bd-f940-4e2f-a9b3-2d1dc8ad0554,TUITION,2025.0,11.0,1500.00,1500.00,0.00,NOV
c94e75bd-f940-4e2f-a9b3-2d1dc8ad0554|TUITION|2025-12,c94e75bd-f940-4e2f-a9b3-2d1dc8ad0554,TUITION,2025.0,12.0,1500.00,1500.00,0.00,DIC/JUL
c94e75bd-f940-4e2f-a9b3-2d1dc8ad0554|TUITION|2026-07,c94e75bd-f940-4e2f-a9b3-2d1dc8ad0554,TUITION,2026.0,7.0,1500.00,1500.00,0.00,DIC/JUL
c94e75bd-f940-4e2f-a9b3-2d1dc8ad0554|TUITION|2026-01,c94e75bd-f940-4e2f-a9b3-2d1dc8ad0554,TUITION,2026.0,1.0,1500.00,1500.00,0.00,ENE
c94e75bd-f940-4e2f-a9b3-2d1dc8ad0554|TUITION|2026-02,c94e75bd-f940-4e2f-a9b3-2d1dc8ad0554,TUITION,2026.0,2.0,1500.00,1500.00,0.00,FEB
c94e75bd-f940-4e2f-a9b3-2d1dc8ad0554|TUITION|2026-03,c94e75bd-f940-4e2f-a9b3-2d1dc8ad0554,TUITION,2026.0,3.0,1500.00,1500.00,0.00,MAR/AGO
c94e75bd-f940-4e2f-a9b3-2d1dc8ad0554|TUITION|2026-08,c94e75bd-f940-4e2f-a9b3-2d1dc8ad0554,TUITION,2026.0,8.0,1500.00,1500.00,0.00,MAR/AGO
c94e75bd-f940-4e2f-a9b3-2d1dc8ad0554|TUITION|2026-04,c94e75bd-f940-4e2f-a9b3-2d1dc8ad0554,TUITION,2026.0,4.0,1500.00,1500.00,0.00,ABR
c94e75bd-f940-4e2f-a9b3-2d1dc8ad0554|TUITION|2026-05,c94e75bd-f940-4e2f-a9b3-2d1dc8ad0554,TUITION,2026.0,5.0,1500.00,1500.00,0.00,MAY
c94e75bd-f940-4e2f-a9b3-2d1dc8ad0554|TUITION|2026-06,c94e75bd-f940-4e2f-a9b3-2d1dc8ad0554,TUITION,2026.0,6.0,1500.00,0.00,1500.00,JUN
d08fe665-bb14-41a1-b1b8-902320280075|TUITION|2025-09,d08fe665-bb14-41a1-b1b8-902320280075,TUITION,2025.0,9.0,1600.00,1600.00,0.00,SEP
d08fe665-bb14-41a1-b1b8-902320280075|TUITION|2025-10,d08fe665-bb14-41a1-b1b8-902320280075,TUITION,2025.0,10.0,1600.00,1600.00,0.00,OCT
d08fe665-bb14-41a1-b1b8-902320280075|TUITION|2025-11,d08fe665-bb14-41a1-b1b8-902320280075,TUITION,2025.0,11.0,1600.00,1600.00,0.00,NOV
d08fe665-bb14-41a1-b1b8-902320280075|TUITION|2025-12,d08fe665-bb14-41a1-b1b8-902320280075,TUITION,2025.0,12.0,1600.00,1600.00,0.00,DIC/JUL
d08fe665-bb14-41a1-b1b8-902320280075|TUITION|2026-07,d08fe665-bb14-41a1-b1b8-902320280075,TUITION,2026.0,7.0,1600.00,1600.00,0.00,DIC/JUL
d08fe665-bb14-41a1-b1b8-902320280075|TUITION|2026-01,d08fe665-bb14-41a1-b1b8-902320280075,TUITION,2026.0,1.0,1600.00,1600.00,0.00,ENE
d08fe665-bb14-41a1-b1b8-902320280075|TUITION|2026-02,d08fe665-bb14-41a1-b1b8-902320280075,TUITION,2026.0,2.0,1600.00,0.00,1600.00,FEB
d08fe665-bb14-41a1-b1b8-902320280075|TUITION|2026-03,d08fe665-bb14-41a1-b1b8-902320280075,TUITION,2026.0,3.0,1600.00,0.00,1600.00,MAR/AGO
d08fe665-bb14-41a1-b1b8-902320280075|TUITION|2026-08,d08fe665-bb14-41a1-b1b8-902320280075,TUITION,2026.0,8.0,1600.00,0.00,1600.00,MAR/AGO
d08fe665-bb14-41a1-b1b8-902320280075|TUITION|2026-04,d08fe665-bb14-41a1-b1b8-902320280075,TUITION,2026.0,4.0,1600.00,0.00,1600.00,ABR
d08fe665-bb14-41a1-b1b8-902320280075|TUITION|2026-05,d08fe665-bb14-41a1-b1b8-902320280075,TUITION,2026.0,5.0,1600.00,0.00,1600.00,MAY
d08fe665-bb14-41a1-b1b8-902320280075|TUITION|2026-06,d08fe665-bb14-41a1-b1b8-902320280075,TUITION,2026.0,6.0,1600.00,0.00,1600.00,JUN
d2ce7388-b95d-4fac-865f-c1372e8f1f99|TUITION|2025-09,d2ce7388-b95d-4fac-865f-c1372e8f1f99,TUITION,2025.0,9.0,0.00,0.00,0.00,SEP
d2ce7388-b95d-4fac-865f-c1372e8f1f99|TUITION|2025-10,d2ce7388-b95d-4fac-865f-c1372e8f1f99,TUITION,2025.0,10.0,0.00,0.00,0.00,OCT
d2ce7388-b95d-4fac-865f-c1372e8f1f99|TUITION|2025-11,d2ce7388-b95d-4fac-865f-c1372e8f1f99,TUITION,2025.0,11.0,0.00,0.00,0.00,NOV
d2ce7388-b95d-4fac-865f-c1372e8f1f99|TUITION|2025-12,d2ce7388-b95d-4fac-865f-c1372e8f1f99,TUITION,2025.0,12.0,0.00,0.00,0.00,DIC/JUL
d2ce7388-b95d-4fac-865f-c1372e8f1f99|TUITION|2026-07,d2ce7388-b95d-4fac-865f-c1372e8f1f99,TUITION,2026.0,7.0,0.00,0.00,0.00,DIC/JUL
d2ce7388-b95d-4fac-865f-c1372e8f1f99|TUITION|2026-01,d2ce7388-b95d-4fac-865f-c1372e8f1f99,TUITION,2026.0,1.0,0.00,0.00,0.00,ENE
d2ce7388-b95d-4fac-865f-c1372e8f1f99|TUITION|2026-02,d2ce7388-b95d-4fac-865f-c1372e8f1f99,TUITION,2026.0,2.0,0.00,0.00,0.00,FEB
d2ce7388-b95d-4fac-865f-c1372e8f1f99|TUITION|2026-03,d2ce7388-b95d-4fac-865f-c1372e8f1f99,TUITION,2026.0,3.0,0.00,0.00,0.00,MAR/AGO
d2ce7388-b95d-4fac-865f-c1372e8f1f99|TUITION|2026-08,d2ce7388-b95d-4fac-865f-c1372e8f1f99,TUITION,2026.0,8.0,0.00,0.00,0.00,MAR/AGO
d2ce7388-b95d-4fac-865f-c1372e8f1f99|TUITION|2026-04,d2ce7388-b95d-4fac-865f-c1372e8f1f99,TUITION,2026.0,4.0,0.00,0.00,0.00,ABR
d2ce7388-b95d-4fac-865f-c1372e8f1f99|TUITION|2026-05,d2ce7388-b95d-4fac-865f-c1372e8f1f99,TUITION,2026.0,5.0,0.00,0.00,0.00,MAY
d2ce7388-b95d-4fac-865f-c1372e8f1f99|TUITION|2026-06,d2ce7388-b95d-4fac-865f-c1372e8f1f99,TUITION,2026.0,6.0,0.00,0.00,0.00,JUN
d81e498e-7690-4676-9957-8b832ccf8ea0|TUITION|2025-09,d81e498e-7690-4676-9957-8b832ccf8ea0,TUITION,2025.0,9.0,1200.00,1200.00,0.00,SEP
d81e498e-7690-4676-9957-8b832ccf8ea0|TUITION|2025-10,d81e498e-7690-4676-9957-8b832ccf8ea0,TUITION,2025.0,10.0,1200.00,1050.00,150.00,OCT
d81e498e-7690-4676-9957-8b832ccf8ea0|TUITION|2025-11,d81e498e-7690-4676-9957-8b832ccf8ea0,TUITION,2025.0,11.0,1200.00,0.00,1200.00,NOV
d81e498e-7690-4676-9957-8b832ccf8ea0|TUITION|2025-12,d81e498e-7690-4676-9957-8b832ccf8ea0,TUITION,2025.0,12.0,1200.00,0.00,1200.00,DIC/JUL
d81e498e-7690-4676-9957-8b832ccf8ea0|TUITION|2026-07,d81e498e-7690-4676-9957-8b832ccf8ea0,TUITION,2026.0,7.0,1200.00,0.00,1200.00,DIC/JUL
d81e498e-7690-4676-9957-8b832ccf8ea0|TUITION|2026-01,d81e498e-7690-4676-9957-8b832ccf8ea0,TUITION,2026.0,1.0,1200.00,0.00,1200.00,ENE
d81e498e-7690-4676-9957-8b832ccf8ea0|TUITION|2026-02,d81e498e-7690-4676-9957-8b832ccf8ea0,TUITION,2026.0,2.0,1200.00,0.00,1200.00,FEB
d81e498e-7690-4676-9957-8b832ccf8ea0|TUITION|2026-03,d81e498e-7690-4676-9957-8b832ccf8ea0,TUITION,2026.0,3.0,1200.00,0.00,1200.00,MAR/AGO
d81e498e-7690-4676-9957-8b832ccf8ea0|TUITION|2026-08,d81e498e-7690-4676-9957-8b832ccf8ea0,TUITION,2026.0,8.0,1200.00,0.00,1200.00,MAR/AGO
d81e498e-7690-4676-9957-8b832ccf8ea0|TUITION|2026-04,d81e498e-7690-4676-9957-8b832ccf8ea0,TUITION,2026.0,4.0,1200.00,0.00,1200.00,ABR
d81e498e-7690-4676-9957-8b832ccf8ea0|TUITION|2026-05,d81e498e-7690-4676-9957-8b832ccf8ea0,TUITION,2026.0,5.0,1200.00,0.00,1200.00,MAY
d81e498e-7690-4676-9957-8b832ccf8ea0|TUITION|2026-06,d81e498e-7690-4676-9957-8b832ccf8ea0,TUITION,2026.0,6.0,1200.00,0.00,1200.00,JUN
d8b23e94-04f7-4eed-9748-9c90f9758257|TUITION|2025-09,d8b23e94-04f7-4eed-9748-9c90f9758257,TUITION,2025.0,9.0,1200.00,1200.00,0.00,SEP
d8b23e94-04f7-4eed-9748-9c90f9758257|TUITION|2025-10,d8b23e94-04f7-4eed-9748-9c90f9758257,TUITION,2025.0,10.0,1200.00,1200.00,0.00,OCT
d8b23e94-04f7-4eed-9748-9c90f9758257|TUITION|2025-11,d8b23e94-04f7-4eed-9748-9c90f9758257,TUITION,2025.0,11.0,1200.00,1200.00,0.00,NOV
d8b23e94-04f7-4eed-9748-9c90f9758257|TUITION|2025-12,d8b23e94-04f7-4eed-9748-9c90f9758257,TUITION,2025.0,12.0,1200.00,1200.00,0.00,DIC/JUL
d8b23e94-04f7-4eed-9748-9c90f9758257|TUITION|2026-07,d8b23e94-04f7-4eed-9748-9c90f9758257,TUITION,2026.0,7.0,1200.00,1200.00,0.00,DIC/JUL
d8b23e94-04f7-4eed-9748-9c90f9758257|TUITION|2026-01,d8b23e94-04f7-4eed-9748-9c90f9758257,TUITION,2026.0,1.0,1200.00,1200.00,0.00,ENE
d8b23e94-04f7-4eed-9748-9c90f9758257|TUITION|2026-02,d8b23e94-04f7-4eed-9748-9c90f9758257,TUITION,2026.0,2.0,1200.00,1200.00,0.00,FEB
d8b23e94-04f7-4eed-9748-9c90f9758257|TUITION|2026-03,d8b23e94-04f7-4eed-9748-9c90f9758257,TUITION,2026.0,3.0,1200.00,1200.00,0.00,MAR/AGO
d8b23e94-04f7-4eed-9748-9c90f9758257|TUITION|2026-08,d8b23e94-04f7-4eed-9748-9c90f9758257,TUITION,2026.0,8.0,1200.00,1200.00,0.00,MAR/AGO
d8b23e94-04f7-4eed-9748-9c90f9758257|TUITION|2026-04,d8b23e94-04f7-4eed-9748-9c90f9758257,TUITION,2026.0,4.0,1200.00,1200.00,0.00,ABR
d8b23e94-04f7-4eed-9748-9c90f9758257|TUITION|2026-05,d8b23e94-04f7-4eed-9748-9c90f9758257,TUITION,2026.0,5.0,1200.00,1200.00,0.00,MAY
d8b23e94-04f7-4eed-9748-9c90f9758257|TUITION|2026-06,d8b23e94-04f7-4eed-9748-9c90f9758257,TUITION,2026.0,6.0,1200.00,0.00,1200.00,JUN
df9c3a2b-804a-47bc-9b11-eb45575dad16|TUITION|2025-09,df9c3a2b-804a-47bc-9b11-eb45575dad16,TUITION,2025.0,9.0,1200.00,1200.00,0.00,SEP
df9c3a2b-804a-47bc-9b11-eb45575dad16|TUITION|2025-10,df9c3a2b-804a-47bc-9b11-eb45575dad16,TUITION,2025.0,10.0,1200.00,1200.00,0.00,OCT
df9c3a2b-804a-47bc-9b11-eb45575dad16|TUITION|2025-11,df9c3a2b-804a-47bc-9b11-eb45575dad16,TUITION,2025.0,11.0,1200.00,1200.00,0.00,NOV
df9c3a2b-804a-47bc-9b11-eb45575dad16|TUITION|2025-12,df9c3a2b-804a-47bc-9b11-eb45575dad16,TUITION,2025.0,12.0,1200.00,1200.00,0.00,DIC/JUL
df9c3a2b-804a-47bc-9b11-eb45575dad16|TUITION|2026-07,df9c3a2b-804a-47bc-9b11-eb45575dad16,TUITION,2026.0,7.0,1200.00,1200.00,0.00,DIC/JUL
df9c3a2b-804a-47bc-9b11-eb45575dad16|TUITION|2026-01,df9c3a2b-804a-47bc-9b11-eb45575dad16,TUITION,2026.0,1.0,1200.00,1200.00,0.00,ENE
df9c3a2b-804a-47bc-9b11-eb45575dad16|TUITION|2026-02,df9c3a2b-804a-47bc-9b11-eb45575dad16,TUITION,2026.0,2.0,1200.00,1200.00,0.00,FEB
df9c3a2b-804a-47bc-9b11-eb45575dad16|TUITION|2026-03,df9c3a2b-804a-47bc-9b11-eb45575dad16,TUITION,2026.0,3.0,1200.00,1200.00,0.00,MAR/AGO
df9c3a2b-804a-47bc-9b11-eb45575dad16|TUITION|2026-08,df9c3a2b-804a-47bc-9b11-eb45575dad16,TUITION,2026.0,8.0,1200.00,1200.00,0.00,MAR/AGO
df9c3a2b-804a-47bc-9b11-eb45575dad16|TUITION|2026-04,df9c3a2b-804a-47bc-9b11-eb45575dad16,TUITION,2026.0,4.0,1200.00,1200.00,0.00,ABR
df9c3a2b-804a-47bc-9b11-eb45575dad16|TUITION|2026-05,df9c3a2b-804a-47bc-9b11-eb45575dad16,TUITION,2026.0,5.0,1200.00,1200.00,0.00,MAY
df9c3a2b-804a-47bc-9b11-eb45575dad16|TUITION|2026-06,df9c3a2b-804a-47bc-9b11-eb45575dad16,TUITION,2026.0,6.0,1200.00,1200.00,0.00,JUN
e2808836-b027-41af-8918-de113abd6e4a|TUITION|2025-09,e2808836-b027-41af-8918-de113abd6e4a,TUITION,2025.0,9.0,1600.00,1600.00,0.00,SEP
e2808836-b027-41af-8918-de113abd6e4a|TUITION|2025-10,e2808836-b027-41af-8918-de113abd6e4a,TUITION,2025.0,10.0,1600.00,1600.00,0.00,OCT
e2808836-b027-41af-8918-de113abd6e4a|TUITION|2025-11,e2808836-b027-41af-8918-de113abd6e4a,TUITION,2025.0,11.0,1600.00,1600.00,0.00,NOV
e2808836-b027-41af-8918-de113abd6e4a|TUITION|2025-12,e2808836-b027-41af-8918-de113abd6e4a,TUITION,2025.0,12.0,1600.00,1600.00,0.00,DIC/JUL
e2808836-b027-41af-8918-de113abd6e4a|TUITION|2026-07,e2808836-b027-41af-8918-de113abd6e4a,TUITION,2026.0,7.0,1600.00,1600.00,0.00,DIC/JUL
e2808836-b027-41af-8918-de113abd6e4a|TUITION|2026-01,e2808836-b027-41af-8918-de113abd6e4a,TUITION,2026.0,1.0,1600.00,1600.00,0.00,ENE
e2808836-b027-41af-8918-de113abd6e4a|TUITION|2026-02,e2808836-b027-41af-8918-de113abd6e4a,TUITION,2026.0,2.0,1600.00,1600.00,0.00,FEB
e2808836-b027-41af-8918-de113abd6e4a|TUITION|2026-03,e2808836-b027-41af-8918-de113abd6e4a,TUITION,2026.0,3.0,1600.00,1600.00,0.00,MAR/AGO
e2808836-b027-41af-8918-de113abd6e4a|TUITION|2026-08,e2808836-b027-41af-8918-de113abd6e4a,TUITION,2026.0,8.0,1600.00,0.00,1600.00,MAR/AGO
e2808836-b027-41af-8918-de113abd6e4a|TUITION|2026-04,e2808836-b027-41af-8918-de113abd6e4a,TUITION,2026.0,4.0,1600.00,0.00,1600.00,ABR
e2808836-b027-41af-8918-de113abd6e4a|TUITION|2026-05,e2808836-b027-41af-8918-de113abd6e4a,TUITION,2026.0,5.0,1600.00,0.00,1600.00,MAY
e2808836-b027-41af-8918-de113abd6e4a|TUITION|2026-06,e2808836-b027-41af-8918-de113abd6e4a,TUITION,2026.0,6.0,1600.00,0.00,1600.00,JUN
e3a81bd9-718d-4a32-8722-37f4723b7edc|TUITION|2025-09,e3a81bd9-718d-4a32-8722-37f4723b7edc,TUITION,2025.0,9.0,500.00,0.00,500.00,SEP
e3a81bd9-718d-4a32-8722-37f4723b7edc|TUITION|2025-10,e3a81bd9-718d-4a32-8722-37f4723b7edc,TUITION,2025.0,10.0,500.00,0.00,500.00,OCT
e3a81bd9-718d-4a32-8722-37f4723b7edc|TUITION|2025-11,e3a81bd9-718d-4a32-8722-37f4723b7edc,TUITION,2025.0,11.0,500.00,0.00,500.00,NOV
e3a81bd9-718d-4a32-8722-37f4723b7edc|TUITION|2025-12,e3a81bd9-718d-4a32-8722-37f4723b7edc,TUITION,2025.0,12.0,500.00,0.00,500.00,DIC/JUL
e3a81bd9-718d-4a32-8722-37f4723b7edc|TUITION|2026-07,e3a81bd9-718d-4a32-8722-37f4723b7edc,TUITION,2026.0,7.0,500.00,0.00,500.00,DIC/JUL
e3a81bd9-718d-4a32-8722-37f4723b7edc|TUITION|2026-01,e3a81bd9-718d-4a32-8722-37f4723b7edc,TUITION,2026.0,1.0,500.00,0.00,500.00,ENE
e3a81bd9-718d-4a32-8722-37f4723b7edc|TUITION|2026-02,e3a81bd9-718d-4a32-8722-37f4723b7edc,TUITION,2026.0,2.0,500.00,0.00,500.00,FEB
e3a81bd9-718d-4a32-8722-37f4723b7edc|TUITION|2026-03,e3a81bd9-718d-4a32-8722-37f4723b7edc,TUITION,2026.0,3.0,500.00,0.00,500.00,MAR/AGO
e3a81bd9-718d-4a32-8722-37f4723b7edc|TUITION|2026-08,e3a81bd9-718d-4a32-8722-37f4723b7edc,TUITION,2026.0,8.0,500.00,0.00,500.00,MAR/AGO
e3a81bd9-718d-4a32-8722-37f4723b7edc|TUITION|2026-04,e3a81bd9-718d-4a32-8722-37f4723b7edc,TUITION,2026.0,4.0,500.00,0.00,500.00,ABR
e3a81bd9-718d-4a32-8722-37f4723b7edc|TUITION|2026-05,e3a81bd9-718d-4a32-8722-37f4723b7edc,TUITION,2026.0,5.0,500.00,0.00,500.00,MAY
e3a81bd9-718d-4a32-8722-37f4723b7edc|TUITION|2026-06,e3a81bd9-718d-4a32-8722-37f4723b7edc,TUITION,2026.0,6.0,500.00,0.00,500.00,JUN
e57db8cf-8012-4fa3-b822-41d98008dc00|TUITION|2025-09,e57db8cf-8012-4fa3-b822-41d98008dc00,TUITION,2025.0,9.0,1500.00,1500.00,0.00,SEP
e57db8cf-8012-4fa3-b822-41d98008dc00|TUITION|2025-10,e57db8cf-8012-4fa3-b822-41d98008dc00,TUITION,2025.0,10.0,1500.00,1500.00,0.00,OCT
e57db8cf-8012-4fa3-b822-41d98008dc00|TUITION|2025-11,e57db8cf-8012-4fa3-b822-41d98008dc00,TUITION,2025.0,11.0,1500.00,1500.00,0.00,NOV
e57db8cf-8012-4fa3-b822-41d98008dc00|TUITION|2025-12,e57db8cf-8012-4fa3-b822-41d98008dc00,TUITION,2025.0,12.0,1500.00,1500.00,0.00,DIC/JUL
e57db8cf-8012-4fa3-b822-41d98008dc00|TUITION|2026-07,e57db8cf-8012-4fa3-b822-41d98008dc00,TUITION,2026.0,7.0,1500.00,1500.00,0.00,DIC/JUL
e57db8cf-8012-4fa3-b822-41d98008dc00|TUITION|2026-01,e57db8cf-8012-4fa3-b822-41d98008dc00,TUITION,2026.0,1.0,1500.00,0.00,1500.00,ENE
e57db8cf-8012-4fa3-b822-41d98008dc00|TUITION|2026-02,e57db8cf-8012-4fa3-b822-41d98008dc00,TUITION,2026.0,2.0,1500.00,0.00,1500.00,FEB
e57db8cf-8012-4fa3-b822-41d98008dc00|TUITION|2026-03,e57db8cf-8012-4fa3-b822-41d98008dc00,TUITION,2026.0,3.0,1500.00,0.00,1500.00,MAR/AGO
e57db8cf-8012-4fa3-b822-41d98008dc00|TUITION|2026-08,e57db8cf-8012-4fa3-b822-41d98008dc00,TUITION,2026.0,8.0,1500.00,0.00,1500.00,MAR/AGO
e57db8cf-8012-4fa3-b822-41d98008dc00|TUITION|2026-04,e57db8cf-8012-4fa3-b822-41d98008dc00,TUITION,2026.0,4.0,1500.00,0.00,1500.00,ABR
e57db8cf-8012-4fa3-b822-41d98008dc00|TUITION|2026-05,e57db8cf-8012-4fa3-b822-41d98008dc00,TUITION,2026.0,5.0,1500.00,0.00,1500.00,MAY
e57db8cf-8012-4fa3-b822-41d98008dc00|TUITION|2026-06,e57db8cf-8012-4fa3-b822-41d98008dc00,TUITION,2026.0,6.0,1500.00,0.00,1500.00,JUN
e5a7742b-06e9-4add-a1c7-4049a93b2b75|TUITION|2025-11,e5a7742b-06e9-4add-a1c7-4049a93b2b75,TUITION,2025.0,11.0,1100.00,1100.00,0.00,NOV
e5a7742b-06e9-4add-a1c7-4049a93b2b75|TUITION|2025-12,e5a7742b-06e9-4add-a1c7-4049a93b2b75,TUITION,2025.0,12.0,1100.00,1100.00,0.00,DIC/JUL
e5a7742b-06e9-4add-a1c7-4049a93b2b75|TUITION|2026-07,e5a7742b-06e9-4add-a1c7-4049a93b2b75,TUITION,2026.0,7.0,1100.00,1100.00,0.00,DIC/JUL
e5a7742b-06e9-4add-a1c7-4049a93b2b75|TUITION|2026-01,e5a7742b-06e9-4add-a1c7-4049a93b2b75,TUITION,2026.0,1.0,1100.00,1100.00,0.00,ENE
e5a7742b-06e9-4add-a1c7-4049a93b2b75|TUITION|2026-02,e5a7742b-06e9-4add-a1c7-4049a93b2b75,TUITION,2026.0,2.0,1100.00,1100.00,0.00,FEB
e5a7742b-06e9-4add-a1c7-4049a93b2b75|TUITION|2026-03,e5a7742b-06e9-4add-a1c7-4049a93b2b75,TUITION,2026.0,3.0,1100.00,1100.00,0.00,MAR/AGO
e5a7742b-06e9-4add-a1c7-4049a93b2b75|TUITION|2026-08,e5a7742b-06e9-4add-a1c7-4049a93b2b75,TUITION,2026.0,8.0,1100.00,1100.00,0.00,MAR/AGO
e5a7742b-06e9-4add-a1c7-4049a93b2b75|TUITION|2026-04,e5a7742b-06e9-4add-a1c7-4049a93b2b75,TUITION,2026.0,4.0,1100.00,1100.00,0.00,ABR
e5a7742b-06e9-4add-a1c7-4049a93b2b75|TUITION|2026-05,e5a7742b-06e9-4add-a1c7-4049a93b2b75,TUITION,2026.0,5.0,1100.00,0.00,1100.00,MAY
e5a7742b-06e9-4add-a1c7-4049a93b2b75|TUITION|2026-06,e5a7742b-06e9-4add-a1c7-4049a93b2b75,TUITION,2026.0,6.0,1100.00,0.00,1100.00,JUN
ea4ba647-d045-4e06-ae83-397c1aa0fb8d|TUITION|2025-09,ea4ba647-d045-4e06-ae83-397c1aa0fb8d,TUITION,2025.0,9.0,1500.00,1500.00,0.00,SEP
ea4ba647-d045-4e06-ae83-397c1aa0fb8d|TUITION|2025-10,ea4ba647-d045-4e06-ae83-397c1aa0fb8d,TUITION,2025.0,10.0,1500.00,1500.00,0.00,OCT
ea4ba647-d045-4e06-ae83-397c1aa0fb8d|TUITION|2025-11,ea4ba647-d045-4e06-ae83-397c1aa0fb8d,TUITION,2025.0,11.0,1500.00,1500.00,0.00,NOV
ea4ba647-d045-4e06-ae83-397c1aa0fb8d|TUITION|2025-12,ea4ba647-d045-4e06-ae83-397c1aa0fb8d,TUITION,2025.0,12.0,1500.00,1500.00,0.00,DIC/JUL
ea4ba647-d045-4e06-ae83-397c1aa0fb8d|TUITION|2026-07,ea4ba647-d045-4e06-ae83-397c1aa0fb8d,TUITION,2026.0,7.0,1500.00,1500.00,0.00,DIC/JUL
ea4ba647-d045-4e06-ae83-397c1aa0fb8d|TUITION|2026-01,ea4ba647-d045-4e06-ae83-397c1aa0fb8d,TUITION,2026.0,1.0,1500.00,1500.00,0.00,ENE
ea4ba647-d045-4e06-ae83-397c1aa0fb8d|TUITION|2026-02,ea4ba647-d045-4e06-ae83-397c1aa0fb8d,TUITION,2026.0,2.0,1500.00,1500.00,0.00,FEB
ea4ba647-d045-4e06-ae83-397c1aa0fb8d|TUITION|2026-03,ea4ba647-d045-4e06-ae83-397c1aa0fb8d,TUITION,2026.0,3.0,1500.00,1500.00,0.00,MAR/AGO
ea4ba647-d045-4e06-ae83-397c1aa0fb8d|TUITION|2026-08,ea4ba647-d045-4e06-ae83-397c1aa0fb8d,TUITION,2026.0,8.0,1500.00,1500.00,0.00,MAR/AGO
ea4ba647-d045-4e06-ae83-397c1aa0fb8d|TUITION|2026-04,ea4ba647-d045-4e06-ae83-397c1aa0fb8d,TUITION,2026.0,4.0,1500.00,1500.00,0.00,ABR
ea4ba647-d045-4e06-ae83-397c1aa0fb8d|TUITION|2026-05,ea4ba647-d045-4e06-ae83-397c1aa0fb8d,TUITION,2026.0,5.0,1500.00,1500.00,0.00,MAY
ea4ba647-d045-4e06-ae83-397c1aa0fb8d|TUITION|2026-06,ea4ba647-d045-4e06-ae83-397c1aa0fb8d,TUITION,2026.0,6.0,1500.00,0.00,1500.00,JUN
eb5427dd-f41c-4408-8815-26493a90c351|TUITION|2025-09,eb5427dd-f41c-4408-8815-26493a90c351,TUITION,2025.0,9.0,1100.00,1100.00,0.00,SEP
eb5427dd-f41c-4408-8815-26493a90c351|TUITION|2025-10,eb5427dd-f41c-4408-8815-26493a90c351,TUITION,2025.0,10.0,1100.00,1100.00,0.00,OCT
eb5427dd-f41c-4408-8815-26493a90c351|TUITION|2025-11,eb5427dd-f41c-4408-8815-26493a90c351,TUITION,2025.0,11.0,1100.00,1100.00,0.00,NOV
eb5427dd-f41c-4408-8815-26493a90c351|TUITION|2025-12,eb5427dd-f41c-4408-8815-26493a90c351,TUITION,2025.0,12.0,1100.00,1100.00,0.00,DIC/JUL
eb5427dd-f41c-4408-8815-26493a90c351|TUITION|2026-07,eb5427dd-f41c-4408-8815-26493a90c351,TUITION,2026.0,7.0,1100.00,0.00,1100.00,DIC/JUL
edd2b7ac-5bca-4650-8c2e-75f65e70849f|TUITION|2025-09,edd2b7ac-5bca-4650-8c2e-75f65e70849f,TUITION,2025.0,9.0,1200.00,1200.00,0.00,SEP
edd2b7ac-5bca-4650-8c2e-75f65e70849f|TUITION|2025-10,edd2b7ac-5bca-4650-8c2e-75f65e70849f,TUITION,2025.0,10.0,1200.00,1200.00,0.00,OCT
edd2b7ac-5bca-4650-8c2e-75f65e70849f|TUITION|2025-11,edd2b7ac-5bca-4650-8c2e-75f65e70849f,TUITION,2025.0,11.0,1200.00,1200.00,0.00,NOV
edd2b7ac-5bca-4650-8c2e-75f65e70849f|TUITION|2025-12,edd2b7ac-5bca-4650-8c2e-75f65e70849f,TUITION,2025.0,12.0,1200.00,1200.00,0.00,DIC/JUL
edd2b7ac-5bca-4650-8c2e-75f65e70849f|TUITION|2026-07,edd2b7ac-5bca-4650-8c2e-75f65e70849f,TUITION,2026.0,7.0,1200.00,1200.00,0.00,DIC/JUL
edd2b7ac-5bca-4650-8c2e-75f65e70849f|TUITION|2026-01,edd2b7ac-5bca-4650-8c2e-75f65e70849f,TUITION,2026.0,1.0,1200.00,1200.00,0.00,ENE
edd2b7ac-5bca-4650-8c2e-75f65e70849f|TUITION|2026-02,edd2b7ac-5bca-4650-8c2e-75f65e70849f,TUITION,2026.0,2.0,1200.00,1200.00,0.00,FEB
edd2b7ac-5bca-4650-8c2e-75f65e70849f|TUITION|2026-03,edd2b7ac-5bca-4650-8c2e-75f65e70849f,TUITION,2026.0,3.0,1200.00,1200.00,0.00,MAR/AGO
edd2b7ac-5bca-4650-8c2e-75f65e70849f|TUITION|2026-08,edd2b7ac-5bca-4650-8c2e-75f65e70849f,TUITION,2026.0,8.0,1200.00,1200.00,0.00,MAR/AGO
edd2b7ac-5bca-4650-8c2e-75f65e70849f|TUITION|2026-04,edd2b7ac-5bca-4650-8c2e-75f65e70849f,TUITION,2026.0,4.0,1200.00,1200.00,0.00,ABR
edd2b7ac-5bca-4650-8c2e-75f65e70849f|TUITION|2026-05,edd2b7ac-5bca-4650-8c2e-75f65e70849f,TUITION,2026.0,5.0,1200.00,1200.00,0.00,MAY
edd2b7ac-5bca-4650-8c2e-75f65e70849f|TUITION|2026-06,edd2b7ac-5bca-4650-8c2e-75f65e70849f,TUITION,2026.0,6.0,1200.00,1200.00,0.00,JUN
f0fe1f2d-d8f7-4f5d-b713-d15b3cc1f577|TUITION|2025-09,f0fe1f2d-d8f7-4f5d-b713-d15b3cc1f577,TUITION,2025.0,9.0,1100.00,1100.00,0.00,SEP
f0fe1f2d-d8f7-4f5d-b713-d15b3cc1f577|TUITION|2025-10,f0fe1f2d-d8f7-4f5d-b713-d15b3cc1f577,TUITION,2025.0,10.0,1100.00,1100.00,0.00,OCT
f0fe1f2d-d8f7-4f5d-b713-d15b3cc1f577|TUITION|2025-11,f0fe1f2d-d8f7-4f5d-b713-d15b3cc1f577,TUITION,2025.0,11.0,1100.00,1100.00,0.00,NOV
f0fe1f2d-d8f7-4f5d-b713-d15b3cc1f577|TUITION|2025-12,f0fe1f2d-d8f7-4f5d-b713-d15b3cc1f577,TUITION,2025.0,12.0,1100.00,1100.00,0.00,DIC/JUL
f0fe1f2d-d8f7-4f5d-b713-d15b3cc1f577|TUITION|2026-07,f0fe1f2d-d8f7-4f5d-b713-d15b3cc1f577,TUITION,2026.0,7.0,1100.00,0.00,1100.00,DIC/JUL
f425a981-e85a-4cb0-95a0-1de810c18a53|TUITION|2025-09,f425a981-e85a-4cb0-95a0-1de810c18a53,TUITION,2025.0,9.0,1000.00,1000.00,0.00,SEP
f425a981-e85a-4cb0-95a0-1de810c18a53|TUITION|2025-10,f425a981-e85a-4cb0-95a0-1de810c18a53,TUITION,2025.0,10.0,1000.00,1000.00,0.00,OCT
f425a981-e85a-4cb0-95a0-1de810c18a53|TUITION|2025-11,f425a981-e85a-4cb0-95a0-1de810c18a53,TUITION,2025.0,11.0,1000.00,200.00,800.00,NOV
f425a981-e85a-4cb0-95a0-1de810c18a53|TUITION|2025-12,f425a981-e85a-4cb0-95a0-1de810c18a53,TUITION,2025.0,12.0,1000.00,0.00,1000.00,DIC/JUL
f425a981-e85a-4cb0-95a0-1de810c18a53|TUITION|2026-07,f425a981-e85a-4cb0-95a0-1de810c18a53,TUITION,2026.0,7.0,1000.00,0.00,1000.00,DIC/JUL
f425a981-e85a-4cb0-95a0-1de810c18a53|TUITION|2026-01,f425a981-e85a-4cb0-95a0-1de810c18a53,TUITION,2026.0,1.0,1000.00,0.00,1000.00,ENE
f425a981-e85a-4cb0-95a0-1de810c18a53|TUITION|2026-02,f425a981-e85a-4cb0-95a0-1de810c18a53,TUITION,2026.0,2.0,1000.00,0.00,1000.00,FEB
f425a981-e85a-4cb0-95a0-1de810c18a53|TUITION|2026-03,f425a981-e85a-4cb0-95a0-1de810c18a53,TUITION,2026.0,3.0,1000.00,0.00,1000.00,MAR/AGO
f425a981-e85a-4cb0-95a0-1de810c18a53|TUITION|2026-08,f425a981-e85a-4cb0-95a0-1de810c18a53,TUITION,2026.0,8.0,1000.00,0.00,1000.00,MAR/AGO
f425a981-e85a-4cb0-95a0-1de810c18a53|TUITION|2026-04,f425a981-e85a-4cb0-95a0-1de810c18a53,TUITION,2026.0,4.0,1000.00,0.00,1000.00,ABR
f425a981-e85a-4cb0-95a0-1de810c18a53|TUITION|2026-05,f425a981-e85a-4cb0-95a0-1de810c18a53,TUITION,2026.0,5.0,1000.00,0.00,1000.00,MAY
f425a981-e85a-4cb0-95a0-1de810c18a53|TUITION|2026-06,f425a981-e85a-4cb0-95a0-1de810c18a53,TUITION,2026.0,6.0,1000.00,0.00,1000.00,JUN
f55dbff7-6831-4d96-8262-f103ccf4bd43|TUITION|2025-09,f55dbff7-6831-4d96-8262-f103ccf4bd43,TUITION,2025.0,9.0,1200.00,1200.00,0.00,SEP
f55dbff7-6831-4d96-8262-f103ccf4bd43|TUITION|2025-10,f55dbff7-6831-4d96-8262-f103ccf4bd43,TUITION,2025.0,10.0,1200.00,1200.00,0.00,OCT
f55dbff7-6831-4d96-8262-f103ccf4bd43|TUITION|2025-11,f55dbff7-6831-4d96-8262-f103ccf4bd43,TUITION,2025.0,11.0,1200.00,1200.00,0.00,NOV
f55dbff7-6831-4d96-8262-f103ccf4bd43|TUITION|2025-12,f55dbff7-6831-4d96-8262-f103ccf4bd43,TUITION,2025.0,12.0,1200.00,1200.00,0.00,DIC/JUL
f55dbff7-6831-4d96-8262-f103ccf4bd43|TUITION|2026-07,f55dbff7-6831-4d96-8262-f103ccf4bd43,TUITION,2026.0,7.0,1200.00,1200.00,0.00,DIC/JUL
f55dbff7-6831-4d96-8262-f103ccf4bd43|TUITION|2026-01,f55dbff7-6831-4d96-8262-f103ccf4bd43,TUITION,2026.0,1.0,1200.00,1200.00,0.00,ENE
f55dbff7-6831-4d96-8262-f103ccf4bd43|TUITION|2026-02,f55dbff7-6831-4d96-8262-f103ccf4bd43,TUITION,2026.0,2.0,1200.00,1200.00,0.00,FEB
f55dbff7-6831-4d96-8262-f103ccf4bd43|TUITION|2026-03,f55dbff7-6831-4d96-8262-f103ccf4bd43,TUITION,2026.0,3.0,1200.00,1200.00,0.00,MAR/AGO
f55dbff7-6831-4d96-8262-f103ccf4bd43|TUITION|2026-08,f55dbff7-6831-4d96-8262-f103ccf4bd43,TUITION,2026.0,8.0,1200.00,1200.00,0.00,MAR/AGO
f55dbff7-6831-4d96-8262-f103ccf4bd43|TUITION|2026-04,f55dbff7-6831-4d96-8262-f103ccf4bd43,TUITION,2026.0,4.0,1200.00,1200.00,0.00,ABR
f55dbff7-6831-4d96-8262-f103ccf4bd43|TUITION|2026-05,f55dbff7-6831-4d96-8262-f103ccf4bd43,TUITION,2026.0,5.0,1200.00,1200.00,0.00,MAY
f55dbff7-6831-4d96-8262-f103ccf4bd43|TUITION|2026-06,f55dbff7-6831-4d96-8262-f103ccf4bd43,TUITION,2026.0,6.0,1200.00,0.00,1200.00,JUN
f5bb300e-d8ed-4cca-b176-cb11e46338bd|TUITION|2025-09,f5bb300e-d8ed-4cca-b176-cb11e46338bd,TUITION,2025.0,9.0,1400.00,1400.00,0.00,SEP
f5bb300e-d8ed-4cca-b176-cb11e46338bd|TUITION|2025-10,f5bb300e-d8ed-4cca-b176-cb11e46338bd,TUITION,2025.0,10.0,1400.00,1400.00,0.00,OCT
f5bb300e-d8ed-4cca-b176-cb11e46338bd|TUITION|2025-11,f5bb300e-d8ed-4cca-b176-cb11e46338bd,TUITION,2025.0,11.0,1400.00,1400.00,0.00,NOV
f5bb300e-d8ed-4cca-b176-cb11e46338bd|TUITION|2025-12,f5bb300e-d8ed-4cca-b176-cb11e46338bd,TUITION,2025.0,12.0,1400.00,1400.00,0.00,DIC/JUL
f5bb300e-d8ed-4cca-b176-cb11e46338bd|TUITION|2026-07,f5bb300e-d8ed-4cca-b176-cb11e46338bd,TUITION,2026.0,7.0,1400.00,1400.00,0.00,DIC/JUL
f5bb300e-d8ed-4cca-b176-cb11e46338bd|TUITION|2026-01,f5bb300e-d8ed-4cca-b176-cb11e46338bd,TUITION,2026.0,1.0,1400.00,1400.00,0.00,ENE
f5bb300e-d8ed-4cca-b176-cb11e46338bd|TUITION|2026-02,f5bb300e-d8ed-4cca-b176-cb11e46338bd,TUITION,2026.0,2.0,1400.00,1400.00,0.00,FEB
f5bb300e-d8ed-4cca-b176-cb11e46338bd|TUITION|2026-03,f5bb300e-d8ed-4cca-b176-cb11e46338bd,TUITION,2026.0,3.0,1400.00,1400.00,0.00,MAR/AGO
f5bb300e-d8ed-4cca-b176-cb11e46338bd|TUITION|2026-08,f5bb300e-d8ed-4cca-b176-cb11e46338bd,TUITION,2026.0,8.0,1400.00,1400.00,0.00,MAR/AGO
f5bb300e-d8ed-4cca-b176-cb11e46338bd|TUITION|2026-04,f5bb300e-d8ed-4cca-b176-cb11e46338bd,TUITION,2026.0,4.0,1400.00,1400.00,0.00,ABR
f5bb300e-d8ed-4cca-b176-cb11e46338bd|TUITION|2026-05,f5bb300e-d8ed-4cca-b176-cb11e46338bd,TUITION,2026.0,5.0,1400.00,1400.00,0.00,MAY
f5bb300e-d8ed-4cca-b176-cb11e46338bd|TUITION|2026-06,f5bb300e-d8ed-4cca-b176-cb11e46338bd,TUITION,2026.0,6.0,1400.00,1400.00,0.00,JUN
f618e808-f64d-40f7-ac44-d3b6ddc0f0a7|TUITION|2025-09,f618e808-f64d-40f7-ac44-d3b6ddc0f0a7,TUITION,2025.0,9.0,1500.00,1500.00,0.00,SEP
f618e808-f64d-40f7-ac44-d3b6ddc0f0a7|TUITION|2025-10,f618e808-f64d-40f7-ac44-d3b6ddc0f0a7,TUITION,2025.0,10.0,1500.00,1500.00,0.00,OCT
f618e808-f64d-40f7-ac44-d3b6ddc0f0a7|TUITION|2025-11,f618e808-f64d-40f7-ac44-d3b6ddc0f0a7,TUITION,2025.0,11.0,1500.00,1500.00,0.00,NOV
f618e808-f64d-40f7-ac44-d3b6ddc0f0a7|TUITION|2025-12,f618e808-f64d-40f7-ac44-d3b6ddc0f0a7,TUITION,2025.0,12.0,1500.00,1500.00,0.00,DIC/JUL
f618e808-f64d-40f7-ac44-d3b6ddc0f0a7|TUITION|2026-07,f618e808-f64d-40f7-ac44-d3b6ddc0f0a7,TUITION,2026.0,7.0,1500.00,1500.00,0.00,DIC/JUL
f618e808-f64d-40f7-ac44-d3b6ddc0f0a7|TUITION|2026-01,f618e808-f64d-40f7-ac44-d3b6ddc0f0a7,TUITION,2026.0,1.0,1500.00,1500.00,0.00,ENE
f618e808-f64d-40f7-ac44-d3b6ddc0f0a7|TUITION|2026-02,f618e808-f64d-40f7-ac44-d3b6ddc0f0a7,TUITION,2026.0,2.0,1500.00,1500.00,0.00,FEB
f618e808-f64d-40f7-ac44-d3b6ddc0f0a7|TUITION|2026-03,f618e808-f64d-40f7-ac44-d3b6ddc0f0a7,TUITION,2026.0,3.0,1500.00,1500.00,0.00,MAR/AGO
f618e808-f64d-40f7-ac44-d3b6ddc0f0a7|TUITION|2026-08,f618e808-f64d-40f7-ac44-d3b6ddc0f0a7,TUITION,2026.0,8.0,1500.00,1500.00,0.00,MAR/AGO
f618e808-f64d-40f7-ac44-d3b6ddc0f0a7|TUITION|2026-04,f618e808-f64d-40f7-ac44-d3b6ddc0f0a7,TUITION,2026.0,4.0,1500.00,1500.00,0.00,ABR
f618e808-f64d-40f7-ac44-d3b6ddc0f0a7|TUITION|2026-05,f618e808-f64d-40f7-ac44-d3b6ddc0f0a7,TUITION,2026.0,5.0,1500.00,1500.00,0.00,MAY
f618e808-f64d-40f7-ac44-d3b6ddc0f0a7|TUITION|2026-06,f618e808-f64d-40f7-ac44-d3b6ddc0f0a7,TUITION,2026.0,6.0,1500.00,1500.00,0.00,JUN
f9b527e1-7319-4c6c-b3bf-431bf9843bfb|TUITION|2025-09,f9b527e1-7319-4c6c-b3bf-431bf9843bfb,TUITION,2025.0,9.0,0.00,0.00,0.00,SEP
f9b527e1-7319-4c6c-b3bf-431bf9843bfb|TUITION|2025-10,f9b527e1-7319-4c6c-b3bf-431bf9843bfb,TUITION,2025.0,10.0,0.00,0.00,0.00,OCT
f9b527e1-7319-4c6c-b3bf-431bf9843bfb|TUITION|2025-11,f9b527e1-7319-4c6c-b3bf-431bf9843bfb,TUITION,2025.0,11.0,0.00,0.00,0.00,NOV
f9b527e1-7319-4c6c-b3bf-431bf9843bfb|TUITION|2025-12,f9b527e1-7319-4c6c-b3bf-431bf9843bfb,TUITION,2025.0,12.0,0.00,0.00,0.00,DIC/JUL
f9b527e1-7319-4c6c-b3bf-431bf9843bfb|TUITION|2026-07,f9b527e1-7319-4c6c-b3bf-431bf9843bfb,TUITION,2026.0,7.0,0.00,0.00,0.00,DIC/JUL
f9b527e1-7319-4c6c-b3bf-431bf9843bfb|TUITION|2026-01,f9b527e1-7319-4c6c-b3bf-431bf9843bfb,TUITION,2026.0,1.0,0.00,0.00,0.00,ENE
f9b527e1-7319-4c6c-b3bf-431bf9843bfb|TUITION|2026-02,f9b527e1-7319-4c6c-b3bf-431bf9843bfb,TUITION,2026.0,2.0,0.00,0.00,0.00,FEB
f9b527e1-7319-4c6c-b3bf-431bf9843bfb|TUITION|2026-03,f9b527e1-7319-4c6c-b3bf-431bf9843bfb,TUITION,2026.0,3.0,0.00,0.00,0.00,MAR/AGO
f9b527e1-7319-4c6c-b3bf-431bf9843bfb|TUITION|2026-08,f9b527e1-7319-4c6c-b3bf-431bf9843bfb,TUITION,2026.0,8.0,0.00,0.00,0.00,MAR/AGO
f9b527e1-7319-4c6c-b3bf-431bf9843bfb|TUITION|2026-04,f9b527e1-7319-4c6c-b3bf-431bf9843bfb,TUITION,2026.0,4.0,0.00,0.00,0.00,ABR
f9b527e1-7319-4c6c-b3bf-431bf9843bfb|TUITION|2026-05,f9b527e1-7319-4c6c-b3bf-431bf9843bfb,TUITION,2026.0,5.0,0.00,0.00,0.00,MAY
f9b527e1-7319-4c6c-b3bf-431bf9843bfb|TUITION|2026-06,f9b527e1-7319-4c6c-b3bf-431bf9843bfb,TUITION,2026.0,6.0,0.00,0.00,0.00,JUN
fa437269-6375-40e4-87dc-f133c454a67b|TUITION|2025-09,fa437269-6375-40e4-87dc-f133c454a67b,TUITION,2025.0,9.0,900.00,900.00,0.00,SEP
fa437269-6375-40e4-87dc-f133c454a67b|TUITION|2025-10,fa437269-6375-40e4-87dc-f133c454a67b,TUITION,2025.0,10.0,900.00,900.00,0.00,OCT
fa437269-6375-40e4-87dc-f133c454a67b|TUITION|2025-11,fa437269-6375-40e4-87dc-f133c454a67b,TUITION,2025.0,11.0,900.00,900.00,0.00,NOV
fa437269-6375-40e4-87dc-f133c454a67b|TUITION|2025-12,fa437269-6375-40e4-87dc-f133c454a67b,TUITION,2025.0,12.0,900.00,900.00,0.00,DIC/JUL
fa437269-6375-40e4-87dc-f133c454a67b|TUITION|2026-07,fa437269-6375-40e4-87dc-f133c454a67b,TUITION,2026.0,7.0,900.00,900.00,0.00,DIC/JUL
fa437269-6375-40e4-87dc-f133c454a67b|TUITION|2026-01,fa437269-6375-40e4-87dc-f133c454a67b,TUITION,2026.0,1.0,900.00,900.00,0.00,ENE
fa437269-6375-40e4-87dc-f133c454a67b|TUITION|2026-02,fa437269-6375-40e4-87dc-f133c454a67b,TUITION,2026.0,2.0,900.00,900.00,0.00,FEB
fa437269-6375-40e4-87dc-f133c454a67b|TUITION|2026-03,fa437269-6375-40e4-87dc-f133c454a67b,TUITION,2026.0,3.0,900.00,900.00,0.00,MAR/AGO
fa437269-6375-40e4-87dc-f133c454a67b|TUITION|2026-08,fa437269-6375-40e4-87dc-f133c454a67b,TUITION,2026.0,8.0,900.00,900.00,0.00,MAR/AGO
fa437269-6375-40e4-87dc-f133c454a67b|TUITION|2026-04,fa437269-6375-40e4-87dc-f133c454a67b,TUITION,2026.0,4.0,900.00,900.00,0.00,ABR
fa437269-6375-40e4-87dc-f133c454a67b|TUITION|2026-05,fa437269-6375-40e4-87dc-f133c454a67b,TUITION,2026.0,5.0,900.00,900.00,0.00,MAY
fa437269-6375-40e4-87dc-f133c454a67b|TUITION|2026-06,fa437269-6375-40e4-87dc-f133c454a67b,TUITION,2026.0,6.0,900.00,900.00,0.00,JUN
fdee6234-bf6d-4d45-bbd4-731a1c453987|TUITION|2025-09,fdee6234-bf6d-4d45-bbd4-731a1c453987,TUITION,2025.0,9.0,950.00,950.00,0.00,SEP
fdee6234-bf6d-4d45-bbd4-731a1c453987|TUITION|2025-10,fdee6234-bf6d-4d45-bbd4-731a1c453987,TUITION,2025.0,10.0,950.00,950.00,0.00,OCT
fdee6234-bf6d-4d45-bbd4-731a1c453987|TUITION|2025-11,fdee6234-bf6d-4d45-bbd4-731a1c453987,TUITION,2025.0,11.0,950.00,950.00,0.00,NOV
fdee6234-bf6d-4d45-bbd4-731a1c453987|TUITION|2025-12,fdee6234-bf6d-4d45-bbd4-731a1c453987,TUITION,2025.0,12.0,950.00,950.00,0.00,DIC/JUL
fdee6234-bf6d-4d45-bbd4-731a1c453987|TUITION|2026-07,fdee6234-bf6d-4d45-bbd4-731a1c453987,TUITION,2026.0,7.0,950.00,950.00,0.00,DIC/JUL
fdee6234-bf6d-4d45-bbd4-731a1c453987|TUITION|2026-01,fdee6234-bf6d-4d45-bbd4-731a1c453987,TUITION,2026.0,1.0,950.00,950.00,0.00,ENE
fdee6234-bf6d-4d45-bbd4-731a1c453987|TUITION|2026-02,fdee6234-bf6d-4d45-bbd4-731a1c453987,TUITION,2026.0,2.0,950.00,950.00,0.00,FEB
fdee6234-bf6d-4d45-bbd4-731a1c453987|TUITION|2026-03,fdee6234-bf6d-4d45-bbd4-731a1c453987,TUITION,2026.0,3.0,950.00,950.00,0.00,MAR/AGO
fdee6234-bf6d-4d45-bbd4-731a1c453987|TUITION|2026-08,fdee6234-bf6d-4d45-bbd4-731a1c453987,TUITION,2026.0,8.0,950.00,950.00,0.00,MAR/AGO
fdee6234-bf6d-4d45-bbd4-731a1c453987|TUITION|2026-04,fdee6234-bf6d-4d45-bbd4-731a1c453987,TUITION,2026.0,4.0,950.00,950.00,0.00,ABR
fdee6234-bf6d-4d45-bbd4-731a1c453987|TUITION|2026-05,fdee6234-bf6d-4d45-bbd4-731a1c453987,TUITION,2026.0,5.0,950.00,950.00,0.00,MAY
fdee6234-bf6d-4d45-bbd4-731a1c453987|TUITION|2026-06,fdee6234-bf6d-4d45-bbd4-731a1c453987,TUITION,2026.0,6.0,950.00,950.00,0.00,JUN
