legacy_payment_id,payment_code,legacy_student_id,received_at,amount,method,status,received_by,received_by_name_snapshot,notes,legacy_payment_type,legacy_receiver_original,legacy_created_at,legacy_comprobante_url,source,approximate_date
00245035-6ff9-4022-acc9-a0af3fdd980d,LEGACY-00245035-6ff9-4022-acc9-a0af3fdd980d,69450844-df68-4eb9-a465-967c31417074,2025-09-09T12:00:00-07:00,1600.00,CASH,CONFIRMED,,Christian,septiembre,TUITION,Christian,2025-10-20 08:23:00.07682-07,,,
00cce7ee-4b15-4693-bda7-1d41d3c43ab9,LEGACY-00cce7ee-4b15-4693-bda7-1d41d3c43ab9,02b5e8d1-89fb-4a1d-a9d3-58817df86b24,2026-02-06T12:00:00-07:00,1600.00,CASH,CONFIRMED,,Christian,Colegiatura Febrero,TUITION,Christian,2026-02-06 09:04:59.359529-07,,,
0108f19d-3305-4a4f-9e9e-d93a00482a84,LEGACY-0108f19d-3305-4a4f-9e9e-d93a00482a84,a4c9cada-bb7c-4116-8091-8b3e944aba30,2025-09-02T12:00:00-07:00,1000.00,CASH,CONFIRMED,,Christian,septiembre,TUITION,Christian,2025-10-19 16:49:50.958512-07,,,
0136b30d-9b4b-4006-aae7-e589254a7545,LEGACY-0136b30d-9b4b-4006-aae7-e589254a7545,00fca4aa-70ed-464e-822f-6272cba1d93e,2026-02-06T12:00:00-07:00,1400.00,CASH,CONFIRMED,,Fran,Colegiatura Febrero,TUITION,Fran,2026-02-16 07:58:07.022072-07,,,
02790b4a-29e0-4105-b536-c18cfff2180b,LEGACY-02790b4a-29e0-4105-b536-c18cfff2180b,8d1da005-457e-4b91-b44a-605b0ca3c47a,2025-11-28T12:00:00-07:00,1600.00,CASH,CONFIRMED,,Fran,pago a colegiaturas,TUITION,Fran,2025-12-01 11:56:22.194862-07,,,
029b4a50-b584-4e4d-afcb-d7d1ad63af4c,LEGACY-029b4a50-b584-4e4d-afcb-d7d1ad63af4c,533aa94a-8eb8-436d-82ac-cb0d104f816e,2026-04-15T12:00:00-07:00,900.00,CASH,CONFIRMED,,Fran,Agosto,TUITION,Fran,2026-04-23 10:21:11.013087-07,,,
039e6bdc-7b56-4c43-ae71-228db6dda632,LEGACY-039e6bdc-7b56-4c43-ae71-228db6dda632,3523dbd3-f616-4c1d-9a52-db64d88e0b23,2026-03-19T12:00:00-07:00,2600.00,CASH,CONFIRMED,,Fran,,TUITION,Fran,2026-03-19 10:33:08.988774-07,,,
03ff9a0a-174f-420c-a991-1d9c3caf87a0,LEGACY-03ff9a0a-174f-420c-a991-1d9c3caf87a0,562676d8-327a-4012-97e1-f0cfefc685b0,2025-12-05T12:00:00-07:00,4900.00,TRANSFER,CONFIRMED,,Christian,Pago completo hasta Diciembre / Julio,TUITION,Christian,2025-12-05 08:56:52.866165-07,,,
041bd494-9c8d-4bed-897d-db8845c0b4db,LEGACY-041bd494-9c8d-4bed-897d-db8845c0b4db,6d484f92-07ed-4ef5-acde-ed43c7314527,2025-10-07T12:00:00-07:00,1500.00,CASH,CONFIRMED,,Christian,octubre,TUITION,Christian,2025-10-19 16:09:17.629198-07,,,
04e30d42-ee72-43a5-96cf-5a73a3db1f1a,LEGACY-04e30d42-ee72-43a5-96cf-5a73a3db1f1a,2a01ea65-7487-4834-ab23-855018d8868e,2025-10-17T12:00:00-07:00,1500.00,CASH,CONFIRMED,,Christian,octubre,TUITION,Christian,2025-10-20 09:24:15.818542-07,,,
0597e040-8694-4ca5-8cdc-d3541e6dcf23,LEGACY-0597e040-8694-4ca5-8cdc-d3541e6dcf23,0a79ced7-bab3-44d8-89da-e166880163bd,2026-06-30T12:00:00-07:00,900.00,TRANSFER,CONFIRMED,,Christian,,TUITION,Christian,2026-06-30 15:27:25.22922-07,,,
05ccfec6-40a3-484e-8e23-6cbe9465cb1a,LEGACY-05ccfec6-40a3-484e-8e23-6cbe9465cb1a,07d3c06f-1b7d-4925-b8d6-cfb887acabb6,2025-11-04T12:00:00-07:00,3200.00,CASH,CONFIRMED,,Christian,Septiembre y Octubre,TUITION,Christian,2025-11-04 08:19:14.469191-07,,,
07b33e9e-44c4-40bc-86a4-fc0a81937fe0,LEGACY-07b33e9e-44c4-40bc-86a4-fc0a81937fe0,fdee6234-bf6d-4d45-bbd4-731a1c453987,2026-03-05T12:00:00-07:00,1900.00,CASH,CONFIRMED,,Christian,Colegiatura Marzo/Agosto,TUITION,Christian,2026-03-05 08:02:54.303476-07,,,
0815afc7-b2d1-4ee1-874e-f938e759e4af,LEGACY-0815afc7-b2d1-4ee1-874e-f938e759e4af,edd2b7ac-5bca-4650-8c2e-75f65e70849f,2026-03-02T12:00:00-07:00,2400.00,TRANSFER,CONFIRMED,,Citlali,Pago Marzo/Agosto,TUITION,Citlali,2026-03-02 09:56:18.563596-07,,,
088309fd-f686-4d65-a26d-275364fc4020,LEGACY-088309fd-f686-4d65-a26d-275364fc4020,37b6c311-9c1a-461e-a70b-d93557cdbc0d,2025-06-15T12:00:00-07:00,2500.00,CASH,CONFIRMED,,Fran,"Mamá refiere que pagó inscripción el ciclo pasado y que se la hicieron válida para este ciclo, autorizado por Mtra. Fran",ENROLLMENT_FEE,Fran,2025-10-28 11:19:26.374395-07,,,
08b922a5-0b81-4bae-896b-beab5e210359,LEGACY-08b922a5-0b81-4bae-896b-beab5e210359,fa437269-6375-40e4-87dc-f133c454a67b,2025-11-24T12:00:00-07:00,900.00,TRANSFER,CONFIRMED,,Fran,Colegiatura noviembre,TUITION,Fran,2025-11-24 08:23:17.089538-07,,,
09011dcd-eee3-4a8b-bb26-a0f5010624bc,LEGACY-09011dcd-eee3-4a8b-bb26-a0f5010624bc,e57db8cf-8012-4fa3-b822-41d98008dc00,2025-02-15T12:00:00-07:00,1100.00,TRANSFER,CONFIRMED,,Fran,Mencionan padres que pagaron en periodo de preinscripciones el 29oct25,ENROLLMENT_FEE,Fran,2025-10-29 17:52:36.799531-07,,,
097ace18-4f1e-4881-9817-11701f22887d,LEGACY-097ace18-4f1e-4881-9817-11701f22887d,18f8e872-a787-4eef-953c-1c326065039e,2026-03-05T12:00:00-07:00,2000.00,CASH,CONFIRMED,,Fran,Colegiaturas Marzo/Agosto,TUITION,Fran,2026-04-28 09:16:11.733418-07,,,
0a1a6a5d-e11e-4b3c-86e6-481cdea02a3c,LEGACY-0a1a6a5d-e11e-4b3c-86e6-481cdea02a3c,abea3641-4bdf-451a-8710-fa95ab34cab7,2026-03-19T12:00:00-07:00,3200.00,CASH,CONFIRMED,,Fran,Abono a colegiatura,TUITION,Fran,2026-04-23 08:08:17.768544-07,,,
0b6a0ba2-5328-4d84-b0be-479731bff0d4,LEGACY-0b6a0ba2-5328-4d84-b0be-479731bff0d4,a6b37970-a2fa-4a7b-8b11-d3e5151b40b3,2025-09-01T12:00:00-07:00,2500.00,CASH,CONFIRMED,,Fran,NE,ENROLLMENT_FEE,Fran,2025-10-20 09:46:35.594404-07,,,
0b8c2054-200f-4efb-90de-c37a3e6eb910,LEGACY-0b8c2054-200f-4efb-90de-c37a3e6eb910,8d1da005-457e-4b91-b44a-605b0ca3c47a,2025-09-01T12:00:00-07:00,2400.00,CASH,CONFIRMED,,Christian,,ENROLLMENT_FEE,Christian,2025-10-20 09:10:15.198382-07,,,
0b99aea1-3c94-465d-8fc2-034310a2d498,LEGACY-0b99aea1-3c94-465d-8fc2-034310a2d498,a8144361-4bce-487c-bc3a-949391e8d895,2025-02-27T12:00:00-07:00,1100.00,CASH,CONFIRMED,,Christian,periodo de preinscripciones,ENROLLMENT_FEE,Christian,2025-10-20 09:51:36.578631-07,,,
0ca14dc4-e2c5-4885-81bc-c60b9d57e9b6,LEGACY-0ca14dc4-e2c5-4885-81bc-c60b9d57e9b6,209dac48-1e05-4390-a5da-676e1ee3b311,2025-09-05T12:00:00-07:00,1000.00,CASH,CONFIRMED,,Christian,septiembre,TUITION,Christian,2025-10-19 17:26:45.318763-07,,,
0d48bff5-1647-4b48-9b94-ae24fe28ee74,LEGACY-0d48bff5-1647-4b48-9b94-ae24fe28ee74,2645afb7-c140-490c-b8db-c0dd4fbf6e11,2025-10-02T12:00:00-07:00,1500.00,CASH,CONFIRMED,,Fran,pagos a colegiaturas,TUITION,Fran,2025-10-19 16:15:17.982149-07,,,
0dc5a73c-4282-4f0d-937c-6a32957c1d25,LEGACY-0dc5a73c-4282-4f0d-937c-6a32957c1d25,6539fe6a-8f3f-4a06-aa20-dbb71a0a4ccb,2025-10-20T12:00:00-07:00,1600.00,CASH,CONFIRMED,,Christian,octubre,TUITION,Christian,2025-10-20 08:15:53.225832-07,,,
0fafc0f4-113a-45b8-8451-d7333b4fc712,LEGACY-0fafc0f4-113a-45b8-8451-d7333b4fc712,2a01ea65-7487-4834-ab23-855018d8868e,2025-09-15T12:00:00-07:00,1500.00,CASH,CONFIRMED,,Christian,septiembre,TUITION,Christian,2025-10-20 09:23:45.0399-07,,,
10002c2f-42d4-4261-838e-e7c1b11e26eb,LEGACY-10002c2f-42d4-4261-838e-e7c1b11e26eb,0a79ced7-bab3-44d8-89da-e166880163bd,2025-02-15T12:00:00-07:00,1100.00,CASH,CONFIRMED,,Christian,periodo preinscripciones,ENROLLMENT_FEE,Christian,2025-10-19 15:31:52.053391-07,,,
107ca748-66c1-4034-887e-43c5cc6bf36f,LEGACY-107ca748-66c1-4034-887e-43c5cc6bf36f,a6b37970-a2fa-4a7b-8b11-d3e5151b40b3,2026-06-16T12:00:00-07:00,1600.00,CASH,CONFIRMED,,Citlali,No se registró en la fecha que se debía,TUITION,Citlali,2026-06-16 08:59:36.648554-07,,,
1092c2c0-0bda-4d5a-8a2a-227cfc06dd4b,LEGACY-1092c2c0-0bda-4d5a-8a2a-227cfc06dd4b,f618e808-f64d-40f7-ac44-d3b6ddc0f0a7,2025-09-15T12:00:00-07:00,1500.00,CASH,CONFIRMED,,Christian,septiembre,TUITION,Christian,2025-10-20 07:51:31.93749-07,,,
10b28cb1-5734-48e1-afbe-842381a91a00,LEGACY-10b28cb1-5734-48e1-afbe-842381a91a00,2645afb7-c140-490c-b8db-c0dd4fbf6e11,2026-06-03T12:00:00-07:00,1500.00,CASH,CONFIRMED,,Christian,Colegiatura Junio,TUITION,Christian,2026-06-03 09:04:47.615595-07,,,
10d685fc-a749-4ead-9c2f-7657cf18aa62,LEGACY-10d685fc-a749-4ead-9c2f-7657cf18aa62,6f2f8410-2704-4938-8538-21edb5b8221a,2026-05-22T12:00:00-07:00,1000.00,CASH,CONFIRMED,,Christian,,TUITION,Christian,2026-05-22 09:48:35.615954-07,,,
111223b7-3880-4bf5-a101-592a9c39c8cf,LEGACY-111223b7-3880-4bf5-a101-592a9c39c8cf,a4c9cada-bb7c-4116-8091-8b3e944aba30,2026-02-12T12:00:00-07:00,1000.00,CASH,CONFIRMED,,Fran,Colegiatura de enero,TUITION,Fran,2026-02-17 08:04:54.965925-07,,,
112c7cce-58a6-4042-b235-63bcedc3c385,LEGACY-112c7cce-58a6-4042-b235-63bcedc3c385,37b6c311-9c1a-461e-a70b-d93557cdbc0d,2025-09-10T12:00:00-07:00,1000.00,CASH,CONFIRMED,,Fran,Refiere haberle pagado a mtra fran.,TUITION,Fran,2025-10-28 11:20:17.554415-07,,,
1180d70f-df0b-4a60-b829-4e85f5291a8d,LEGACY-1180d70f-df0b-4a60-b829-4e85f5291a8d,bfce22f5-d7f1-4b93-8fc1-eb5907831b0c,2025-10-02T12:00:00-07:00,1200.00,TRANSFER,CONFIRMED,,Fran,Abono a Octubre,TUITION,Fran,2025-10-30 10:16:15.845898-07,,,
11f7ef3f-8284-45f8-88d5-77171a4be071,LEGACY-11f7ef3f-8284-45f8-88d5-77171a4be071,40dc866f-fce4-4635-bf68-fa98f8b87c6e,2025-09-25T12:00:00-07:00,1100.00,TRANSFER,CONFIRMED,,Fran,octubre,TUITION,Fran,2025-10-19 16:33:13.822744-07,,,
12248596-aad0-4f0b-93cd-ddc503e73572,LEGACY-12248596-aad0-4f0b-93cd-ddc503e73572,a8144361-4bce-487c-bc3a-949391e8d895,2026-06-15T12:00:00-07:00,900.00,TRANSFER,CONFIRMED,,Christian,Mes de Junio,TUITION,Christian,2026-06-16 09:10:55.738387-07,,,
1263fa4c-5a14-4ee9-bd12-63e800201e0c,LEGACY-1263fa4c-5a14-4ee9-bd12-63e800201e0c,0489bdaf-c632-4a1f-9b8e-85dba33a74b0,2025-10-30T12:00:00-07:00,1100.00,CASH,CONFIRMED,,Christian,Noviembre,TUITION,Christian,2025-10-30 08:08:54.256619-07,,,
12a7c627-78fe-4dde-8539-f9ca3d19eb44,LEGACY-12a7c627-78fe-4dde-8539-f9ca3d19eb44,fa437269-6375-40e4-87dc-f133c454a67b,2026-04-22T12:00:00-07:00,2700.00,TRANSFER,CONFIRMED,,Fran,Colegiaturas: Marzo/Agosto y Abril,TUITION,Fran,2026-04-22 10:03:46.268266-07,,,
1334f989-7d1c-49e9-9309-b0d8e5cf483a,LEGACY-1334f989-7d1c-49e9-9309-b0d8e5cf483a,1e3beb16-3079-4aaa-93fc-a0203720434d,2025-09-19T12:00:00-07:00,1600.00,TRANSFER,CONFIRMED,,Fran,septiembre,TUITION,Fran,2025-10-20 08:12:16.059285-07,,,
14157a54-a2b5-4cce-8115-5eda1f570365,LEGACY-14157a54-a2b5-4cce-8115-5eda1f570365,a71be5b5-f484-434a-912c-d679234166b5,2025-10-24T12:00:00-07:00,1600.00,TRANSFER,CONFIRMED,,Fran,Manda comprobante de pago de noviembre el 29oct25,TUITION,Fran,2025-10-29 09:17:42.313248-07,,,
14b31b6a-580f-4a70-b476-4c6ac85ac460,LEGACY-14b31b6a-580f-4a70-b476-4c6ac85ac460,6d484f92-07ed-4ef5-acde-ed43c7314527,2026-04-15T12:00:00-07:00,1500.00,CASH,CONFIRMED,,Citlali,Colegiatura Abril (Anotado en libreta),TUITION,Citlali,2026-05-12 09:27:19.181978-07,,,
14e4217c-30eb-4b75-b6d0-263799ecdac3,LEGACY-14e4217c-30eb-4b75-b6d0-263799ecdac3,abea3641-4bdf-451a-8710-fa95ab34cab7,2025-10-07T12:00:00-07:00,1600.00,CASH,CONFIRMED,,Christian,octubre,TUITION,Christian,2025-10-19 17:44:48.811537-07,,,
156dcb34-1fda-4f81-a320-dd2591e366c8,LEGACY-156dcb34-1fda-4f81-a320-dd2591e366c8,afa0658f-b7b9-4fb1-997b-0e0fcf93b4e1,2024-02-28T12:00:00-07:00,1100.00,TRANSFER,CONFIRMED,,Fran,Periodo de Preinscripciones,ENROLLMENT_FEE,Fran,2025-10-28 10:03:53.320299-07,,,
15f766a8-4007-4620-aa5d-358d2c778a70,LEGACY-15f766a8-4007-4620-aa5d-358d2c778a70,5af22e45-f9f7-4577-b07b-7ce4a7940329,2026-01-02T12:00:00-07:00,1500.00,TRANSFER,CONFIRMED,,Fran,Anotación extemporánea,TUITION,Fran,2026-02-05 07:59:26.695227-07,,,
161d753d-3d2e-40ab-9506-e926148ff9e4,LEGACY-161d753d-3d2e-40ab-9506-e926148ff9e4,abea3641-4bdf-451a-8710-fa95ab34cab7,2025-09-05T12:00:00-07:00,1600.00,CASH,CONFIRMED,,Christian,septiembre,TUITION,Christian,2025-10-19 17:44:27.308932-07,,,
166e8342-8cb1-409e-bc84-735bee4d1578,LEGACY-166e8342-8cb1-409e-bc84-735bee4d1578,3f6663d7-9b89-4ea2-9f06-5035caff6390,2025-10-02T12:00:00-07:00,900.00,CASH,CONFIRMED,,Christian,septiembre,TUITION,Christian,2025-10-19 16:53:42.309969-07,,,
16d7dc44-c022-490e-98ba-cebb2fbb4c96,LEGACY-16d7dc44-c022-490e-98ba-cebb2fbb4c96,2a01ea65-7487-4834-ab23-855018d8868e,2025-09-01T12:00:00-07:00,2500.00,CASH,CONFIRMED,,Fran,,ENROLLMENT_FEE,Fran,2025-10-20 09:23:20.700913-07,,,
16e398a9-32d8-4639-8c35-f602cf5212b8,LEGACY-16e398a9-32d8-4639-8c35-f602cf5212b8,533aa94a-8eb8-436d-82ac-cb0d104f816e,2026-03-09T12:00:00-07:00,900.00,TRANSFER,CONFIRMED,,Christian,,TUITION,Christian,2026-03-10 07:39:10.571527-07,,,
17cdf573-e1d5-4a37-86f9-5f13052f477a,LEGACY-17cdf573-e1d5-4a37-86f9-5f13052f477a,eb5427dd-f41c-4408-8815-26493a90c351,2025-09-30T12:00:00-07:00,1100.00,TRANSFER,CONFIRMED,,Christian,octubre,TUITION,Christian,2025-10-19 16:37:00.694543-07,,,
187af412-f461-44d2-8b9e-175bd2b9ccb3,LEGACY-187af412-f461-44d2-8b9e-175bd2b9ccb3,6539fe6a-8f3f-4a06-aa20-dbb71a0a4ccb,2026-06-15T12:00:00-07:00,1600.00,CASH,CONFIRMED,,Christian,Colegiatura Junio,TUITION,Christian,2026-06-15 08:23:37.474465-07,,,
18aa3cbc-9cae-4b93-8945-a2644871cee3,LEGACY-18aa3cbc-9cae-4b93-8945-a2644871cee3,0e861609-c592-4713-bfad-a86c2f7d1c00,2026-03-24T12:00:00-07:00,3200.00,CASH,CONFIRMED,,Fran,Colegiatura Marzo/Agosto,TUITION,Fran,2026-04-21 08:20:16.511073-07,,,
18c4be44-c67f-49ce-8e3f-77a1610252b5,LEGACY-18c4be44-c67f-49ce-8e3f-77a1610252b5,95149f3e-bf90-4279-8471-a562bd517960,2025-12-11T12:00:00-07:00,1600.00,CASH,CONFIRMED,,Fran,Abono a Diciembre/Julio,TUITION,Fran,2026-01-21 08:01:40.364674-07,,,
18e61bf6-48f5-4758-873f-65ef38a0ff9c,LEGACY-18e61bf6-48f5-4758-873f-65ef38a0ff9c,ea4ba647-d045-4e06-ae83-397c1aa0fb8d,2026-02-16T12:00:00-07:00,1500.00,TRANSFER,CONFIRMED,,Christian,Colegiatura Febrero,TUITION,Christian,2026-02-16 08:57:53.325319-07,,,
199426a3-5f0d-4019-9bb9-946c8daca0a9,LEGACY-199426a3-5f0d-4019-9bb9-946c8daca0a9,81db6f65-f0d0-45e2-93d7-8d0e5c3dc56a,2026-01-12T12:00:00-07:00,1000.00,CASH,CONFIRMED,,Christian,Abono a Diciembre/Julio,TUITION,Christian,2026-01-12 07:56:50.599076-07,,,
1a48bb0b-ec77-4f26-97b8-3b8f59a13cb3,LEGACY-1a48bb0b-ec77-4f26-97b8-3b8f59a13cb3,0a79ced7-bab3-44d8-89da-e166880163bd,2025-10-29T12:00:00-07:00,900.00,CASH,CONFIRMED,,Christian,Octubre,TUITION,Christian,2025-10-29 08:41:22.396904-07,,,
1a4ebbef-19c1-4771-9733-e58588dcd3c0,LEGACY-1a4ebbef-19c1-4771-9733-e58588dcd3c0,3f6663d7-9b89-4ea2-9f06-5035caff6390,2025-11-03T12:00:00-07:00,900.00,TRANSFER,CONFIRMED,,Christian,Pago de Octubre,TUITION,Christian,2025-11-03 12:28:49.339523-07,,,
1a553249-dd48-4edf-b942-e9682b8f62fe,LEGACY-1a553249-dd48-4edf-b942-e9682b8f62fe,64b7b8c4-c418-4b27-8aa7-31c44d2850f4,2026-03-02T12:00:00-07:00,1200.00,CASH,CONFIRMED,,Christian,Abono Marzo/Agosto,TUITION,Christian,2026-03-02 08:51:54.554833-07,,,
1a7077b3-3adb-4d56-b815-3206b9f64802,LEGACY-1a7077b3-3adb-4d56-b815-3206b9f64802,fdee6234-bf6d-4d45-bbd4-731a1c453987,2025-11-06T12:00:00-07:00,950.00,CASH,CONFIRMED,,Christian,Pago de Noviembre,TUITION,Christian,2025-11-06 07:49:04.001668-07,,,
1a7541e3-b0f5-4ef3-80f3-f72a2e834060,LEGACY-1a7541e3-b0f5-4ef3-80f3-f72a2e834060,d08fe665-bb14-41a1-b1b8-902320280075,2025-10-31T12:00:00-07:00,1600.00,TRANSFER,CONFIRMED,,Fran,"Pago de octubre, registro extemporáneo",TUITION,Fran,2025-12-08 08:09:57.468149-07,,,
1b5f19a9-3307-406d-93cd-a4505910705c,LEGACY-1b5f19a9-3307-406d-93cd-a4505910705c,18f8e872-a787-4eef-953c-1c326065039e,2026-02-18T12:00:00-07:00,1000.00,CASH,CONFIRMED,,Citlali,Colegiatura Febrero,TUITION,Citlali,2026-04-28 09:15:47.467161-07,,,
1b719dcf-49ab-4514-a14b-772dbe817e33,LEGACY-1b719dcf-49ab-4514-a14b-772dbe817e33,6d484f92-07ed-4ef5-acde-ed43c7314527,2026-02-03T12:00:00-07:00,1500.00,CASH,CONFIRMED,,Christian,Colegiatura Enero y Febrero,TUITION,Christian,2026-02-03 09:08:30.862877-07,,,
1c138b8c-8781-4508-b692-1ffb479410fa,LEGACY-1c138b8c-8781-4508-b692-1ffb479410fa,533aa94a-8eb8-436d-82ac-cb0d104f816e,2025-10-29T12:00:00-07:00,900.00,CASH,CONFIRMED,,Christian,Octubre,TUITION,Christian,2025-10-29 08:41:52.688742-07,,,
1c71386b-6578-4cf4-bab1-050b7f009a96,LEGACY-1c71386b-6578-4cf4-bab1-050b7f009a96,81db6f65-f0d0-45e2-93d7-8d0e5c3dc56a,2026-01-23T12:00:00-07:00,1000.00,CASH,CONFIRMED,,Christian,Colegiatura Julio,TUITION,Christian,2026-01-23 10:20:28.801029-07,,,
1cb1f1c0-ff33-4b62-9502-2919e6e4fa5d,LEGACY-1cb1f1c0-ff33-4b62-9502-2919e6e4fa5d,2bc201a6-4c7f-402c-9ed1-a2310ae79d3c,2025-06-16T12:00:00-07:00,2000.00,CASH,CONFIRMED,,Christian,se inscribió antes de terminar 24-25,ENROLLMENT_FEE,Christian,2025-10-19 15:17:24.882551-07,,,
1ccaff4d-1cbe-4239-a60d-348eb7c40777,LEGACY-1ccaff4d-1cbe-4239-a60d-348eb7c40777,f618e808-f64d-40f7-ac44-d3b6ddc0f0a7,2026-02-18T12:00:00-07:00,7500.00,CASH,CONFIRMED,,Fran,Colegiaturas no registradas en tiempo y forma,TUITION,Fran,2026-04-14 07:55:10.77328-07,,,
1d06b227-c62f-4ca1-bc96-c6399e94abba,LEGACY-1d06b227-c62f-4ca1-bc96-c6399e94abba,6d484f92-07ed-4ef5-acde-ed43c7314527,2026-03-10T12:00:00-07:00,3000.00,CASH,CONFIRMED,,Christian,Pago de Marzo/Agosto,TUITION,Christian,2026-03-10 08:50:37.700273-07,,,
1dbcc22a-78fd-47c5-a99e-6fa6e7035ebd,LEGACY-1dbcc22a-78fd-47c5-a99e-6fa6e7035ebd,e2808836-b027-41af-8918-de113abd6e4a,2026-03-26T12:00:00-07:00,3500.00,CASH,CONFIRMED,,Fran,Abono a colegiaturas,TUITION,Fran,2026-03-26 11:22:14.837164-07,,,
1e5d80d2-4b36-4d58-817d-144925901a69,LEGACY-1e5d80d2-4b36-4d58-817d-144925901a69,64b7b8c4-c418-4b27-8aa7-31c44d2850f4,2025-12-02T12:00:00-07:00,1200.00,CASH,CONFIRMED,,Christian,Abono a Diciembre/Julio,TUITION,Christian,2025-12-02 08:53:33.431417-07,,,
1ec101c5-9e6a-470e-8000-ff7a46942456,LEGACY-1ec101c5-9e6a-470e-8000-ff7a46942456,6f2f8410-2704-4938-8538-21edb5b8221a,2025-09-19T12:00:00-07:00,1000.00,CASH,CONFIRMED,,Christian,octubre,TUITION,Christian,2025-10-19 15:56:50.536763-07,,,
1effee84-1254-4b24-aef3-643caeb6bb9a,LEGACY-1effee84-1254-4b24-aef3-643caeb6bb9a,2645afb7-c140-490c-b8db-c0dd4fbf6e11,2025-11-04T12:00:00-07:00,500.00,CASH,CONFIRMED,,Christian,Finiquito Noviembre,TUITION,Christian,2025-11-04 09:11:13.924124-07,,,
2111a608-fbd2-4daf-8548-b5e6dcff6a93,LEGACY-2111a608-fbd2-4daf-8548-b5e6dcff6a93,2e6b93f5-df65-49fd-8c38-d2325e1f2a4f,2026-04-16T12:00:00-07:00,900.00,TRANSFER,CONFIRMED,,Christian,Colegiatura Marzo,TUITION,Christian,2026-04-17 07:55:38.886366-07,,,
216235e0-9fb3-4a1f-8c36-f00da16e44ce,LEGACY-216235e0-9fb3-4a1f-8c36-f00da16e44ce,845acc82-5357-4263-a24c-e03f7ea60a49,2025-02-27T12:00:00-07:00,1100.00,CASH,CONFIRMED,,Christian,periodo preinsrcipciones,ENROLLMENT_FEE,Christian,2025-10-20 09:20:52.33992-07,,,
227ab86f-4b01-425b-95c1-318b0d2f2c63,LEGACY-227ab86f-4b01-425b-95c1-318b0d2f2c63,fa437269-6375-40e4-87dc-f133c454a67b,2026-01-13T12:00:00-07:00,900.00,TRANSFER,CONFIRMED,,Fran,---,TUITION,Fran,2026-03-02 10:10:38.106042-07,,,
228e5a5a-c7a2-47d0-a695-f46ff18f2bad,LEGACY-228e5a5a-c7a2-47d0-a695-f46ff18f2bad,a4c9cada-bb7c-4116-8091-8b3e944aba30,2026-05-18T12:00:00-07:00,2000.00,CASH,CONFIRMED,,Christian,Abono a colegiaturas,TUITION,Christian,2026-05-18 08:01:54.033826-07,,,
22bd8e06-14b0-40e9-a7ba-bd19dc26aed0,LEGACY-22bd8e06-14b0-40e9-a7ba-bd19dc26aed0,2bc201a6-4c7f-402c-9ed1-a2310ae79d3c,2026-02-04T12:00:00-07:00,1500.00,TRANSFER,CONFIRMED,,Fran,Colegiatura Febrero,TUITION,Fran,2026-02-05 07:51:59.720193-07,,,
22c9b7fd-1dfd-4ac7-8fa1-d6e7b2abeec8,LEGACY-22c9b7fd-1dfd-4ac7-8fa1-d6e7b2abeec8,6539fe6a-8f3f-4a06-aa20-dbb71a0a4ccb,2025-09-30T12:00:00-07:00,1600.00,TRANSFER,CONFIRMED,,Fran,septiembre,TUITION,Fran,2025-10-19 17:37:02.820266-07,,,
230ba90f-5f79-4dba-b063-f7ddde3e51ce,LEGACY-230ba90f-5f79-4dba-b063-f7ddde3e51ce,6f2f8410-2704-4938-8538-21edb5b8221a,2026-04-17T12:00:00-07:00,1000.00,CASH,CONFIRMED,,Christian,Colegiatura Agosto,TUITION,Christian,2026-04-17 08:25:31.534921-07,,,
23138e31-a50d-4691-a551-bea89632fa21,LEGACY-23138e31-a50d-4691-a551-bea89632fa21,64b7b8c4-c418-4b27-8aa7-31c44d2850f4,2025-12-15T12:00:00-07:00,1200.00,CASH,CONFIRMED,,Christian,Finiquito Diciembre / Julio,TUITION,Christian,2025-12-15 11:55:36.52173-07,,,
23f74bb2-99c6-4afa-be52-f2861f3925eb,LEGACY-23f74bb2-99c6-4afa-be52-f2861f3925eb,61ed3b0d-3542-46bc-a02d-4f73b36cffd3,2026-01-12T12:00:00-07:00,1100.00,CASH,CONFIRMED,,Christian,Pago de Enero,TUITION,Christian,2026-01-12 08:55:11.900675-07,,,
246dc099-1d40-4922-bbbd-a75ed1546703,LEGACY-246dc099-1d40-4922-bbbd-a75ed1546703,a71be5b5-f484-434a-912c-d679234166b5,2025-09-05T12:00:00-07:00,1600.00,TRANSFER,CONFIRMED,,Fran,,TUITION,Fran,2025-10-20 08:04:05.0574-07,,,
24d7c436-d709-4e35-8dbc-d5e2371e449c,LEGACY-24d7c436-d709-4e35-8dbc-d5e2371e449c,e5a7742b-06e9-4add-a1c7-4049a93b2b75,2025-11-03T12:00:00-07:00,1100.00,CASH,CONFIRMED,,Christian,Pago noviembre,TUITION,Christian,2025-11-03 20:08:18.199501-07,,,
278c0e54-58d0-41f8-937e-0ae913442ed6,LEGACY-278c0e54-58d0-41f8-937e-0ae913442ed6,5b6f10bf-24ec-4e49-8839-dbf02ee4cd75,2025-11-28T12:00:00-07:00,3000.00,TRANSFER,CONFIRMED,,Fran,Pago de Diciembre - Julio,TUITION,Fran,2025-12-01 07:58:59.09831-07,,,
27adc2f3-0a34-4f2b-a23f-139b505fb5f7,LEGACY-27adc2f3-0a34-4f2b-a23f-139b505fb5f7,df9c3a2b-804a-47bc-9b11-eb45575dad16,2026-03-02T12:00:00-07:00,2400.00,TRANSFER,CONFIRMED,,Citlali,Pago Marzo/Agosto,TUITION,Citlali,2026-03-02 09:56:01.824318-07,,,
27c062c3-f230-4d59-a9d0-9cf581b68781,LEGACY-27c062c3-f230-4d59-a9d0-9cf581b68781,2e6b93f5-df65-49fd-8c38-d2325e1f2a4f,2025-08-26T12:00:00-07:00,2500.00,CASH,CONFIRMED,,Fran,Inscripción pagada a mtra. fran,ENROLLMENT_FEE,Fran,2026-02-16 08:16:22.563844-07,,,
27e0e47c-2eb5-4697-9e20-d9b83d96a780,LEGACY-27e0e47c-2eb5-4697-9e20-d9b83d96a780,3f6663d7-9b89-4ea2-9f06-5035caff6390,2025-12-01T12:00:00-07:00,900.00,TRANSFER,CONFIRMED,,Christian,Colegiatura de Noviembre,TUITION,Christian,2025-12-01 07:57:04.132332-07,,,
2819c254-320a-4747-b8e9-67a948660179,LEGACY-2819c254-320a-4747-b8e9-67a948660179,02b5e8d1-89fb-4a1d-a9d3-58817df86b24,2026-06-16T12:00:00-07:00,1600.00,CASH,CONFIRMED,,Christian,,TUITION,Christian,2026-06-16 09:45:29.980203-07,,,
2831921c-bf50-41ff-a54c-22084bbb497f,LEGACY-2831921c-bf50-41ff-a54c-22084bbb497f,5cb7777e-5664-4929-b875-cddff5a7c18c,2026-02-06T12:00:00-07:00,1500.00,CASH,CONFIRMED,,Christian,Colegiatura Febrero,TUITION,Christian,2026-02-06 10:18:47.361219-07,,,
286dad99-3573-41a4-a2b6-4b9b662ae705,LEGACY-286dad99-3573-41a4-a2b6-4b9b662ae705,3523dbd3-f616-4c1d-9a52-db64d88e0b23,2025-12-10T12:00:00-07:00,300.00,CASH,CONFIRMED,,Fran,,TUITION,Fran,2026-03-19 10:32:03.075483-07,,,
296d61af-c303-40b6-add5-19af0cc05160,LEGACY-296d61af-c303-40b6-add5-19af0cc05160,d8b23e94-04f7-4eed-9748-9c90f9758257,2025-10-09T12:00:00-07:00,1200.00,CASH,CONFIRMED,,Christian,octubre,TUITION,Christian,2025-10-19 17:52:51.812489-07,,,
29746c95-4f3b-4b2b-aca4-9c8be1de7baa,LEGACY-29746c95-4f3b-4b2b-aca4-9c8be1de7baa,64b7b8c4-c418-4b27-8aa7-31c44d2850f4,2026-04-27T12:00:00-07:00,1200.00,CASH,CONFIRMED,,Christian,Colegiatura Abril,TUITION,Christian,2026-04-27 09:06:40.371843-07,,,
29a0fd9c-4b1e-439d-b7fa-7ae4a9dab5fe,LEGACY-29a0fd9c-4b1e-439d-b7fa-7ae4a9dab5fe,5af22e45-f9f7-4577-b07b-7ce4a7940329,2025-09-03T12:00:00-07:00,1500.00,TRANSFER,CONFIRMED,,Fran,septiembre,TUITION,Fran,2025-10-20 09:36:24.805895-07,,,
29e01ed8-a7bc-4779-99ab-23e9f0b77cca,LEGACY-29e01ed8-a7bc-4779-99ab-23e9f0b77cca,f0fe1f2d-d8f7-4f5d-b713-d15b3cc1f577,2025-10-30T12:00:00-07:00,1100.00,CASH,CONFIRMED,,Christian,Noviembre,TUITION,Christian,2025-10-30 08:09:28.880279-07,,,
29fd831d-bb2e-46d1-b732-ff3f337b9bf8,LEGACY-29fd831d-bb2e-46d1-b732-ff3f337b9bf8,d08fe665-bb14-41a1-b1b8-902320280075,2026-02-03T12:00:00-07:00,1600.00,CASH,CONFIRMED,,Christian,Colegiatura Enero,TUITION,Christian,2026-02-03 07:51:50.613439-07,,,
2b46e892-d375-46b1-99ed-6a5ca37368d8,LEGACY-2b46e892-d375-46b1-99ed-6a5ca37368d8,c94e75bd-f940-4e2f-a9b3-2d1dc8ad0554,2025-12-01T12:00:00-07:00,4500.00,CASH,CONFIRMED,,Fran,"Pago de Noviembre, Diciembre/Julio",TUITION,Fran,2025-12-05 08:55:15.447397-07,,,
2c0c20c7-d5f2-4229-935f-63abf6c8cba4,LEGACY-2c0c20c7-d5f2-4229-935f-63abf6c8cba4,81db6f65-f0d0-45e2-93d7-8d0e5c3dc56a,2026-01-29T12:00:00-07:00,1000.00,CASH,CONFIRMED,,Fran,Colegiatura Enero,TUITION,Fran,2026-02-05 07:50:52.458477-07,,,
2d444cff-99a0-44c5-a2e3-6f864cd9ea9e,LEGACY-2d444cff-99a0-44c5-a2e3-6f864cd9ea9e,f0fe1f2d-d8f7-4f5d-b713-d15b3cc1f577,2025-11-26T12:00:00-07:00,1100.00,CASH,CONFIRMED,,Fran,pago a colegiaturas,TUITION,Fran,2025-12-01 11:55:27.948955-07,,,
2d5778cf-c46f-4d62-91b9-47888a8d3d3d,LEGACY-2d5778cf-c46f-4d62-91b9-47888a8d3d3d,2a0d752a-79d5-4658-bf0d-64b137383ac6,2025-02-20T12:00:00-07:00,1100.00,CASH,CONFIRMED,,Christian,periodo preinscripciones,ENROLLMENT_FEE,Christian,2025-10-20 09:56:58.56965-07,,,
2dab0852-5f05-4fdc-9983-7c848349aab1,LEGACY-2dab0852-5f05-4fdc-9983-7c848349aab1,f55dbff7-6831-4d96-8262-f103ccf4bd43,2026-04-14T12:00:00-07:00,1200.00,TRANSFER,CONFIRMED,,Christian,Pago abril,TUITION,Christian,2026-04-14 07:56:39.467977-07,,,
2ddced2d-31a9-4373-ab17-daa3a8ec7d1e,LEGACY-2ddced2d-31a9-4373-ab17-daa3a8ec7d1e,562676d8-327a-4012-97e1-f0cfefc685b0,2025-10-03T12:00:00-07:00,2600.00,CASH,CONFIRMED,,Christian,Pago septiembre abono octube,TUITION,Christian,2025-10-20 09:49:24.351034-07,,,
2dec4e38-49df-4a28-96b9-df8eb194e409,LEGACY-2dec4e38-49df-4a28-96b9-df8eb194e409,2e6b93f5-df65-49fd-8c38-d2325e1f2a4f,2026-02-16T12:00:00-07:00,900.00,TRANSFER,CONFIRMED,,Christian,Abono a Colegiaturas,TUITION,Christian,2026-02-16 08:06:17.579895-07,,,
2e00016e-619f-45fb-99f2-d24aba77a74b,LEGACY-2e00016e-619f-45fb-99f2-d24aba77a74b,5cb7777e-5664-4929-b875-cddff5a7c18c,2025-11-07T12:00:00-07:00,1500.00,CASH,CONFIRMED,,Christian,Pago de Noviembre,TUITION,Christian,2025-11-07 08:02:02.434954-07,,,
2e40979b-8680-4ca8-a4e0-fbaa67e4115b,LEGACY-2e40979b-8680-4ca8-a4e0-fbaa67e4115b,a289cbad-dbdb-4e9c-8afd-aeef6bbd7fcb,2025-09-05T12:00:00-07:00,1100.00,CASH,CONFIRMED,,Christian,periodo preinscripciones,ENROLLMENT_FEE,Christian,2025-10-20 09:43:12.02227-07,,,
2e41b462-d023-43f7-9254-9a7dd5a68c34,LEGACY-2e41b462-d023-43f7-9254-9a7dd5a68c34,2fe35f28-fbab-491d-91b2-3d939e6b55bd,2025-10-13T12:00:00-07:00,1500.00,CASH,CONFIRMED,,Christian,octubre,TUITION,Christian,2025-10-19 15:21:59.747953-07,,,
2f136f83-1689-48ee-9de7-12e60785b778,LEGACY-2f136f83-1689-48ee-9de7-12e60785b778,f5bb300e-d8ed-4cca-b176-cb11e46338bd,2025-11-28T12:00:00-07:00,1400.00,CASH,CONFIRMED,,Fran,pago a colegiaturas,TUITION,Fran,2025-12-01 11:55:55.59533-07,,,
2f196bc2-ccb8-43bd-b541-aaf2d1ce2a79,LEGACY-2f196bc2-ccb8-43bd-b541-aaf2d1ce2a79,61ed3b0d-3542-46bc-a02d-4f73b36cffd3,2025-10-03T12:00:00-07:00,1100.00,CASH,CONFIRMED,,Christian,octubre,TUITION,Christian,2025-10-20 09:33:30.145462-07,,,
2fdc2cf9-4e33-448c-b9ff-8943b3ecaf98,LEGACY-2fdc2cf9-4e33-448c-b9ff-8943b3ecaf98,fdee6234-bf6d-4d45-bbd4-731a1c453987,2026-06-05T12:00:00-07:00,950.00,TRANSFER,CONFIRMED,,Fran,,TUITION,Fran,2026-06-05 08:08:39.133241-07,,,
30c3f8e3-0654-43d0-84c5-47da0478596b,LEGACY-30c3f8e3-0654-43d0-84c5-47da0478596b,f55dbff7-6831-4d96-8262-f103ccf4bd43,2025-02-25T12:00:00-07:00,1100.00,CASH,CONFIRMED,,Christian,periodo preinscripciones,ENROLLMENT_FEE,Christian,2025-10-19 15:34:23.94239-07,,,
30f9b1c9-0dc2-44dd-891f-a6deca9dba16,LEGACY-30f9b1c9-0dc2-44dd-891f-a6deca9dba16,bcb7ffd8-0cfa-449a-88d5-626f505cb19c,2026-03-07T12:00:00-07:00,1100.00,TRANSFER,CONFIRMED,,Fran,Finiquito Marzo/Agosto,TUITION,Fran,2026-03-25 09:10:16.026816-07,,,
3107faba-e945-434f-8b3f-078664ec83df,LEGACY-3107faba-e945-434f-8b3f-078664ec83df,8d1da005-457e-4b91-b44a-605b0ca3c47a,2026-02-16T12:00:00-07:00,3200.00,CASH,CONFIRMED,,Christian,Abono a Colegiaturas,TUITION,Christian,2026-02-16 08:17:54.240335-07,,,
3141ae88-7d17-4691-9f6c-9fa1022afceb,LEGACY-3141ae88-7d17-4691-9f6c-9fa1022afceb,845acc82-5357-4263-a24c-e03f7ea60a49,2025-11-27T12:00:00-07:00,900.00,CASH,CONFIRMED,,Fran,Colegiatura noviembre (registro extemporáneo),TUITION,Fran,2025-12-08 10:34:30.054691-07,,,
32a23701-4327-4528-bb46-b4426fa66b34,LEGACY-32a23701-4327-4528-bb46-b4426fa66b34,7392fe19-c6bd-489a-9cf5-3f6861139603,2026-02-03T12:00:00-07:00,1300.00,CASH,CONFIRMED,,Fran,Febrero pagado,TUITION,Fran,2026-04-13 08:16:38.182933-07,,,
32ac9019-5b30-4758-b31e-cdcf1c89a3f5,LEGACY-32ac9019-5b30-4758-b31e-cdcf1c89a3f5,6d484f92-07ed-4ef5-acde-ed43c7314527,2026-05-12T12:00:00-07:00,1500.00,CASH,CONFIRMED,,Christian,Pago del mes de Abril,TUITION,Christian,2026-05-12 09:07:14.203651-07,,,
32ceb015-547c-412b-85f3-4c079a66386f,LEGACY-32ceb015-547c-412b-85f3-4c079a66386f,64b7b8c4-c418-4b27-8aa7-31c44d2850f4,2026-02-03T12:00:00-07:00,2400.00,CASH,CONFIRMED,,Christian,Colegiatura Enero y Febrero,TUITION,Christian,2026-02-03 09:02:11.377113-07,,,
34890838-db74-48cf-9af2-39795ee16127,LEGACY-34890838-db74-48cf-9af2-39795ee16127,3523dbd3-f616-4c1d-9a52-db64d88e0b23,2025-12-10T12:00:00-07:00,1300.00,CASH,CONFIRMED,,Fran,,TUITION,Fran,2026-03-19 10:32:31.92597-07,,,
35be8420-44ef-4295-9911-55fbc02ebd6e,LEGACY-35be8420-44ef-4295-9911-55fbc02ebd6e,fa437269-6375-40e4-87dc-f133c454a67b,2026-03-02T12:00:00-07:00,900.00,TRANSFER,CONFIRMED,,Fran,Colegiatura Febrero,TUITION,Fran,2026-03-02 10:10:54.908452-07,,,
36f02d58-ec03-4f85-ba31-55dc444aeb61,LEGACY-36f02d58-ec03-4f85-ba31-55dc444aeb61,2a01ea65-7487-4834-ab23-855018d8868e,2026-04-14T12:00:00-07:00,3000.00,CASH,CONFIRMED,,Fran,Agosto y Abril,TUITION,Fran,2026-04-14 07:54:30.469234-07,,,
37da422f-fb4e-418e-9b30-6e7d2f5bc630,LEGACY-37da422f-fb4e-418e-9b30-6e7d2f5bc630,81db6f65-f0d0-45e2-93d7-8d0e5c3dc56a,2025-09-19T12:00:00-07:00,1000.00,CASH,CONFIRMED,,Christian,octubre,TUITION,Christian,2025-10-19 15:27:46.840817-07,,,
380df941-b057-485b-8bd3-19dc5f242d2f,LEGACY-380df941-b057-485b-8bd3-19dc5f242d2f,d08fe665-bb14-41a1-b1b8-902320280075,2025-06-20T12:00:00-07:00,2000.00,CASH,CONFIRMED,,Fran,Intercambio trabajo por inscripción,ENROLLMENT_FEE,Fran,2025-10-19 16:56:59.074326-07,,,
3824d5d2-992d-4d56-8548-963a1fa891a3,LEGACY-3824d5d2-992d-4d56-8548-963a1fa891a3,7babc8a8-10d3-41e2-bb40-868a18dc2300,2026-03-12T12:00:00-07:00,2000.00,CASH,CONFIRMED,,Christian,Abono a colegiaturas,TUITION,Christian,2026-03-12 08:06:54.853813-07,,,
38cb050a-6f92-41e2-9c10-3d743fd2923d,LEGACY-38cb050a-6f92-41e2-9c10-3d743fd2923d,a289cbad-dbdb-4e9c-8afd-aeef6bbd7fcb,2026-05-06T12:00:00-07:00,1400.00,TRANSFER,CONFIRMED,,Christian,colegiatura mayo,TUITION,Christian,2026-05-06 08:02:36.157312-07,,,
39277f76-d8ed-44c2-b264-74b62b4deaca,LEGACY-39277f76-d8ed-44c2-b264-74b62b4deaca,1e3beb16-3079-4aaa-93fc-a0203720434d,2025-10-15T12:00:00-07:00,1600.00,TRANSFER,CONFIRMED,,Fran,octubre,TUITION,Fran,2025-10-20 08:13:45.148434-07,,,
394f24f9-3c53-4f97-b17d-c9f71824630c,LEGACY-394f24f9-3c53-4f97-b17d-c9f71824630c,ae5f806a-46b0-4a53-8eb3-9a5dd3e9d0dd,2026-03-04T12:00:00-07:00,1300.00,CASH,CONFIRMED,,Christian,Abono a colegiaturas,TUITION,Christian,2026-03-04 08:11:13.017727-07,,,
39a4eb13-9455-4103-bafc-c99947b9702a,LEGACY-39a4eb13-9455-4103-bafc-c99947b9702a,afa0658f-b7b9-4fb1-997b-0e0fcf93b4e1,2025-11-26T12:00:00-07:00,1500.00,TRANSFER,CONFIRMED,,Fran,Colegiatura Noviembre,TUITION,Fran,2025-11-26 07:44:15.391051-07,,,
3b0bb0fe-a0e2-4afb-ba46-5a39a004a7e7,LEGACY-3b0bb0fe-a0e2-4afb-ba46-5a39a004a7e7,ea4ba647-d045-4e06-ae83-397c1aa0fb8d,2025-09-18T12:00:00-07:00,1500.00,CASH,CONFIRMED,,Christian,septiembre,TUITION,Christian,2025-10-19 15:29:24.605615-07,,,
3b5e122d-3ea9-49b3-a6a0-b5579a3400da,LEGACY-3b5e122d-3ea9-49b3-a6a0-b5579a3400da,2bc201a6-4c7f-402c-9ed1-a2310ae79d3c,2026-04-16T12:00:00-07:00,1500.00,TRANSFER,CONFIRMED,,Fran,Colegiatura mes de abril,TUITION,Fran,2026-04-17 07:48:20.028135-07,,,
3beb8dc5-57d9-4397-834d-7183cd9a77ab,LEGACY-3beb8dc5-57d9-4397-834d-7183cd9a77ab,845acc82-5357-4263-a24c-e03f7ea60a49,2026-04-30T12:00:00-07:00,900.00,TRANSFER,CONFIRMED,,Christian,Abril,TUITION,Christian,2026-05-16 07:49:42.39273-07,,,
3c4f193c-f6a7-40f1-ad83-091490ab04c3,LEGACY-3c4f193c-f6a7-40f1-ad83-091490ab04c3,4f28d56c-a1e3-4052-87a3-ecd1d9b0d5b6,2025-09-15T12:00:00-07:00,2000.00,CASH,CONFIRMED,,Christian,paga antes de cerrar ciclo 24-25,ENROLLMENT_FEE,Christian,2025-10-19 15:46:30.688445-07,,,
3c59c713-6da9-4cfb-bd97-6e0ee04f0778,LEGACY-3c59c713-6da9-4cfb-bd97-6e0ee04f0778,845acc82-5357-4263-a24c-e03f7ea60a49,2025-11-05T12:00:00-07:00,900.00,CASH,CONFIRMED,,Christian,Pago de Octubre,TUITION,Christian,2025-11-05 11:32:51.503383-07,,,
3c8018f4-b870-44ec-bd73-2214ccbdd5c4,LEGACY-3c8018f4-b870-44ec-bd73-2214ccbdd5c4,5b6f10bf-24ec-4e49-8839-dbf02ee4cd75,2026-03-06T12:00:00-07:00,3000.00,TRANSFER,CONFIRMED,,Fran,Colegiatura Marzo/Agosto,TUITION,Fran,2026-03-09 08:01:20.672919-07,,,
3c836dad-7b7c-4061-930f-20060ef1558b,LEGACY-3c836dad-7b7c-4061-930f-20060ef1558b,e5a7742b-06e9-4add-a1c7-4049a93b2b75,2026-03-03T12:00:00-07:00,1100.00,CASH,CONFIRMED,,Christian,--,TUITION,Christian,2026-03-03 10:46:42.132671-07,,,
3c94f015-2a2a-446d-be51-7e7c477f5886,LEGACY-3c94f015-2a2a-446d-be51-7e7c477f5886,df9c3a2b-804a-47bc-9b11-eb45575dad16,2026-01-12T12:00:00-07:00,1200.00,TRANSFER,CONFIRMED,,Christian,Colegiatura Enero,TUITION,Christian,2026-01-12 11:16:00.181871-07,,,
3ce72c08-6222-411e-9921-8c0f03426387,LEGACY-3ce72c08-6222-411e-9921-8c0f03426387,2e6b93f5-df65-49fd-8c38-d2325e1f2a4f,2025-11-30T12:00:00-07:00,900.00,TRANSFER,CONFIRMED,,Christian,Colegiatura Noviembre,TUITION,Christian,2026-01-20 08:18:46.25209-07,,,
3d043303-f173-4776-be7c-9411c0089563,LEGACY-3d043303-f173-4776-be7c-9411c0089563,fdee6234-bf6d-4d45-bbd4-731a1c453987,2025-12-15T12:00:00-07:00,850.00,TRANSFER,CONFIRMED,,Fran,Abono a Diciembre/Julio,TUITION,Fran,2025-12-16 08:15:08.638662-07,,,
3da6dfe2-7efe-4ad9-a51b-b4b06a45337a,LEGACY-3da6dfe2-7efe-4ad9-a51b-b4b06a45337a,a289cbad-dbdb-4e9c-8afd-aeef6bbd7fcb,2026-04-15T12:00:00-07:00,1400.00,TRANSFER,CONFIRMED,,Christian,,TUITION,Christian,2026-05-06 08:01:58.182964-07,,,
3e6d8b44-56cd-4b86-855d-873229610238,LEGACY-3e6d8b44-56cd-4b86-855d-873229610238,5cb7777e-5664-4929-b875-cddff5a7c18c,2025-09-01T12:00:00-07:00,2500.00,CASH,CONFIRMED,,Fran,,ENROLLMENT_FEE,Fran,2025-10-20 08:06:23.58154-07,,,
3f43cb8b-2c34-4adc-9d7b-04b9e3b745a6,LEGACY-3f43cb8b-2c34-4adc-9d7b-04b9e3b745a6,fa437269-6375-40e4-87dc-f133c454a67b,2025-10-02T12:00:00-07:00,1800.00,TRANSFER,CONFIRMED,,Fran,sep y oct,TUITION,Fran,2025-10-20 09:58:29.821298-07,,,
3f4bcccd-acc4-49c3-8f1d-1ef937d7f18d,LEGACY-3f4bcccd-acc4-49c3-8f1d-1ef937d7f18d,64b7b8c4-c418-4b27-8aa7-31c44d2850f4,2026-05-18T12:00:00-07:00,1200.00,CASH,CONFIRMED,,Christian,Mes de Mayo,TUITION,Christian,2026-05-18 09:25:03.879934-07,,,
3f84fefa-5a10-4403-be9f-3c352b5cbab8,LEGACY-3f84fefa-5a10-4403-be9f-3c352b5cbab8,00fca4aa-70ed-464e-822f-6272cba1d93e,2025-10-07T12:00:00-07:00,1400.00,CASH,CONFIRMED,,Christian,Dice que lo pagó pero no hay registro,TUITION,Christian,2025-11-04 08:01:21.622791-07,,,
40599fc3-7cef-452b-8b22-558ddc661610,LEGACY-40599fc3-7cef-452b-8b22-558ddc661610,2645afb7-c140-490c-b8db-c0dd4fbf6e11,2025-08-22T12:00:00-07:00,2500.00,CASH,CONFIRMED,,Fran,,ENROLLMENT_FEE,Fran,2025-10-19 16:14:22.825674-07,,,
4073275b-b5fd-4d9a-b67b-35f8cecfba2d,LEGACY-4073275b-b5fd-4d9a-b67b-35f8cecfba2d,6a9b25d0-e6e4-4cf2-94ef-4ba0a59c5b2d,2025-02-05T12:00:00-07:00,1100.00,CASH,CONFIRMED,,Christian,periodo preinscripciones,ENROLLMENT_FEE,Christian,2025-10-20 08:08:49.957821-07,,,
40b223f4-e296-435f-ad8f-5709bce58af6,LEGACY-40b223f4-e296-435f-ad8f-5709bce58af6,abea3641-4bdf-451a-8710-fa95ab34cab7,2026-03-10T12:00:00-07:00,1600.00,CASH,CONFIRMED,,Christian,Abono a colegiaturas,TUITION,Christian,2026-03-10 08:13:16.401127-07,,,
40bc4118-491e-47c8-be3f-965f125bcc2a,LEGACY-40bc4118-491e-47c8-be3f-965f125bcc2a,3f6663d7-9b89-4ea2-9f06-5035caff6390,2026-01-20T12:00:00-07:00,900.00,TRANSFER,CONFIRMED,,Christian,Abono a colegiaturas,TUITION,Christian,2026-01-20 08:17:04.805803-07,,,
40d97cc6-a6a7-43d1-b417-caaa2704787c,LEGACY-40d97cc6-a6a7-43d1-b417-caaa2704787c,273286ee-1011-4ae2-828e-974f625a6fd2,2025-09-05T12:00:00-07:00,1500.00,CASH,CONFIRMED,,Christian,abono inscripción,ENROLLMENT_FEE,Christian,2025-10-19 17:30:57.803126-07,,,
412b9737-d258-4165-9999-9a2c090b57ec,LEGACY-412b9737-d258-4165-9999-9a2c090b57ec,d08fe665-bb14-41a1-b1b8-902320280075,2025-12-08T12:00:00-07:00,4800.00,CASH,CONFIRMED,,Christian,"Noviembre, Diciembre/Julio",TUITION,Christian,2025-12-08 08:11:19.452438-07,,,
41cd9958-4296-4cd6-ba09-50bfc751ef84,LEGACY-41cd9958-4296-4cd6-ba09-50bfc751ef84,a71be5b5-f484-434a-912c-d679234166b5,2025-11-25T12:00:00-07:00,1600.00,TRANSFER,CONFIRMED,,Fran,Abono a Diciembre / Julio,TUITION,Fran,2025-11-25 13:08:49.5552-07,,,
43133b09-9196-4525-9262-f024b750830a,LEGACY-43133b09-9196-4525-9262-f024b750830a,f55dbff7-6831-4d96-8262-f103ccf4bd43,2026-05-27T12:00:00-07:00,1200.00,CASH,CONFIRMED,,Christian,Mes de Mayo,TUITION,Christian,2026-05-27 07:43:05.817866-07,,,
444b8622-47f1-4f08-abd5-141871ac0024,LEGACY-444b8622-47f1-4f08-abd5-141871ac0024,a8144361-4bce-487c-bc3a-949391e8d895,2026-05-15T12:00:00-07:00,900.00,TRANSFER,CONFIRMED,,Christian,Mayo,TUITION,Christian,2026-05-16 07:49:54.41433-07,,,
44791b9b-ae85-4c8d-b7f1-cdd529d611fb,LEGACY-44791b9b-ae85-4c8d-b7f1-cdd529d611fb,533aa94a-8eb8-436d-82ac-cb0d104f816e,2026-06-12T12:00:00-07:00,900.00,TRANSFER,CONFIRMED,,Christian,,TUITION,Christian,2026-06-16 08:46:44.286354-07,,,
45910fed-8c33-4f16-a4fb-9f47101d87b9,LEGACY-45910fed-8c33-4f16-a4fb-9f47101d87b9,209dac48-1e05-4390-a5da-676e1ee3b311,2025-09-30T12:00:00-07:00,1250.00,TRANSFER,CONFIRMED,,Christian,abono a inscripción,ENROLLMENT_FEE,Christian,2025-10-19 17:27:12.25869-07,,,
45b7f84a-83e2-42ac-8591-0cbe0b130d8f,LEGACY-45b7f84a-83e2-42ac-8591-0cbe0b130d8f,6d484f92-07ed-4ef5-acde-ed43c7314527,2025-09-15T12:00:00-07:00,1500.00,CASH,CONFIRMED,,Christian,septiembre,TUITION,Christian,2025-10-19 15:59:16.042242-07,,,
45defb49-ba0d-4ecc-80f3-0c18bf3a1cc1,LEGACY-45defb49-ba0d-4ecc-80f3-0c18bf3a1cc1,18f8e872-a787-4eef-953c-1c326065039e,2025-10-03T12:00:00-07:00,1000.00,CASH,CONFIRMED,,Christian,octubre,TUITION,Christian,2025-10-20 10:13:01.951803-07,,,
466873b6-02f0-4243-8e82-40e60d084b75,LEGACY-466873b6-02f0-4243-8e82-40e60d084b75,02b5e8d1-89fb-4a1d-a9d3-58817df86b24,2025-12-01T12:00:00-07:00,1600.00,CASH,CONFIRMED,,Citlali,Abono Diciembre / Julio,TUITION,Citlali,2025-12-16 09:22:22.661181-07,,,
47018dc0-daf4-4bfe-b3ef-3c7afa1aa551,LEGACY-47018dc0-daf4-4bfe-b3ef-3c7afa1aa551,562676d8-327a-4012-97e1-f0cfefc685b0,2026-02-24T12:00:00-07:00,3000.00,CASH,CONFIRMED,,Fran,Colegiatura Enero y Febrero,TUITION,Fran,2026-02-25 08:36:04.625399-07,,,
47064f8d-8d7b-4236-ae67-25ff930036fc,LEGACY-47064f8d-8d7b-4236-ae67-25ff930036fc,61ed3b0d-3542-46bc-a02d-4f73b36cffd3,2025-09-03T12:00:00-07:00,1100.00,CASH,CONFIRMED,,Christian,septiembre,TUITION,Christian,2025-10-20 09:33:00.776069-07,,,
476357e3-cf21-48b6-a209-79f8314ce7de,LEGACY-476357e3-cf21-48b6-a209-79f8314ce7de,e5a7742b-06e9-4add-a1c7-4049a93b2b75,2026-01-12T12:00:00-07:00,1100.00,CASH,CONFIRMED,,Christian,Pago de Enero,TUITION,Christian,2026-01-12 08:55:26.681461-07,,,
48e588ba-f40a-47be-bbc0-c259e715f28c,LEGACY-48e588ba-f40a-47be-bbc0-c259e715f28c,afa0658f-b7b9-4fb1-997b-0e0fcf93b4e1,2026-01-23T12:00:00-07:00,1500.00,TRANSFER,CONFIRMED,,Fran,Colegiatura Enero,TUITION,Fran,2026-01-23 09:16:24.959942-07,,,
490d5e10-9d65-4c71-9d6c-46267533839c,LEGACY-490d5e10-9d65-4c71-9d6c-46267533839c,d81e498e-7690-4676-9957-8b832ccf8ea0,2025-10-31T12:00:00-07:00,1000.00,CASH,CONFIRMED,,Fran,Abono pendiente de registrar,TUITION,Fran,2025-12-03 10:21:51.080313-07,,,
49450b20-b183-47a6-b1ba-dc2baa69f59e,LEGACY-49450b20-b183-47a6-b1ba-dc2baa69f59e,209dac48-1e05-4390-a5da-676e1ee3b311,2025-10-14T12:00:00-07:00,1000.00,TRANSFER,CONFIRMED,,Christian,octubre,TUITION,Christian,2025-10-19 17:27:34.566619-07,,,
49aa119d-8bdb-4fbc-9d31-5e4e15cfbc52,LEGACY-49aa119d-8bdb-4fbc-9d31-5e4e15cfbc52,95149f3e-bf90-4279-8471-a562bd517960,2026-04-13T12:00:00-07:00,2600.00,CASH,CONFIRMED,,Christian,Marzo/Agosto - Cambio monto de colegiatura,TUITION,Christian,2026-04-13 08:14:40.049626-07,,,
49be256b-8098-4920-9054-f0fccbdf7eda,LEGACY-49be256b-8098-4920-9054-f0fccbdf7eda,02b5e8d1-89fb-4a1d-a9d3-58817df86b24,2026-04-14T12:00:00-07:00,1600.00,CASH,CONFIRMED,,Fran,,TUITION,Desconocido,2026-06-16 09:47:24.827076-07,,,
4ac1121f-539b-43ed-9ffe-51bcdb91fbdd,LEGACY-4ac1121f-539b-43ed-9ffe-51bcdb91fbdd,2fe35f28-fbab-491d-91b2-3d939e6b55bd,2025-12-12T12:00:00-07:00,1500.00,CASH,CONFIRMED,,Citlali,Finiquito Diciembre / Julio,TUITION,Citlali,2025-12-15 09:04:35.739127-07,,,
4b951221-3512-4b43-a946-d5af63954bde,LEGACY-4b951221-3512-4b43-a946-d5af63954bde,abea3641-4bdf-451a-8710-fa95ab34cab7,2025-09-05T12:00:00-07:00,2500.00,CASH,CONFIRMED,,Christian,,ENROLLMENT_FEE,Christian,2025-10-19 17:44:09.876474-07,,,
4cfcd5ad-0064-4a3f-90c9-ba813a035f20,LEGACY-4cfcd5ad-0064-4a3f-90c9-ba813a035f20,5cb7777e-5664-4929-b875-cddff5a7c18c,2026-06-16T12:00:00-07:00,1500.00,CASH,CONFIRMED,,Christian,Colegiatura de Iker,TUITION,Christian,2026-06-16 07:51:48.798107-07,,,
4e4abc30-fb61-4867-a76d-1457e71121b3,LEGACY-4e4abc30-fb61-4867-a76d-1457e71121b3,5b6f10bf-24ec-4e49-8839-dbf02ee4cd75,2025-09-03T12:00:00-07:00,1500.00,TRANSFER,CONFIRMED,,Fran,septiembre,TUITION,Fran,2025-10-20 07:55:50.573522-07,,,
4e872a54-d171-4b2e-af2d-d519f946fd18,LEGACY-4e872a54-d171-4b2e-af2d-d519f946fd18,0e861609-c592-4713-bfad-a86c2f7d1c00,2026-04-21T12:00:00-07:00,1600.00,CASH,CONFIRMED,,Christian,Colegiatura Abril,TUITION,Christian,2026-04-21 08:14:00.095832-07,,,
4f427f99-79be-4e88-bac2-7d2656cba471,LEGACY-4f427f99-79be-4e88-bac2-7d2656cba471,2a0d752a-79d5-4658-bf0d-64b137383ac6,2026-01-13T12:00:00-07:00,900.00,TRANSFER,CONFIRMED,,Fran,--,TUITION,Fran,2026-03-02 10:12:05.004875-07,,,
5101766a-00ae-437b-8aba-f207a6e13787,LEGACY-5101766a-00ae-437b-8aba-f207a6e13787,2bc201a6-4c7f-402c-9ed1-a2310ae79d3c,2026-03-17T12:00:00-07:00,1500.00,TRANSFER,CONFIRMED,,Fran,,TUITION,Fran,2026-03-17 09:43:45.189753-07,,,
510be0bf-7f23-42d8-bc58-1611de165d11,LEGACY-510be0bf-7f23-42d8-bc58-1611de165d11,4f28d56c-a1e3-4052-87a3-ecd1d9b0d5b6,2025-12-03T12:00:00-07:00,3000.00,TRANSFER,CONFIRMED,,Christian,Pago de Diciembre Julio,TUITION,Christian,2025-12-03 10:35:13.996877-07,,,
5167f01c-71d1-4d45-b906-a792c9c91df6,LEGACY-5167f01c-71d1-4d45-b906-a792c9c91df6,845acc82-5357-4263-a24c-e03f7ea60a49,2026-06-15T12:00:00-07:00,900.00,CASH,CONFIRMED,,Christian,Mes de Junio,TUITION,Christian,2026-06-16 09:11:14.159562-07,,,
51af6098-dd66-42e7-92b9-6e5dbcef2605,LEGACY-51af6098-dd66-42e7-92b9-6e5dbcef2605,3f41b6c5-35cb-41d3-a974-762ad0f1c7f3,2025-11-04T12:00:00-07:00,3200.00,TRANSFER,CONFIRMED,,Christian,Pago en conjunto de con inscripción,TUITION,Christian,2025-11-04 07:48:18.565461-07,,,
52df90ca-f73d-42f0-87c5-312e7953b090,LEGACY-52df90ca-f73d-42f0-87c5-312e7953b090,64b7b8c4-c418-4b27-8aa7-31c44d2850f4,2025-09-01T12:00:00-07:00,1200.00,CASH,CONFIRMED,,Christian,septiembre,TUITION,Christian,2025-10-19 15:13:06.512312-07,,,
53430e2c-9664-400e-a357-fa6f02514d07,LEGACY-53430e2c-9664-400e-a357-fa6f02514d07,c94e75bd-f940-4e2f-a9b3-2d1dc8ad0554,2025-10-10T12:00:00-07:00,1500.00,CASH,CONFIRMED,,Christian,octubre,TUITION,Christian,2025-10-19 15:37:04.502579-07,,,
5399bfc1-33b0-436d-8268-53dae4798216,LEGACY-5399bfc1-33b0-436d-8268-53dae4798216,02b5e8d1-89fb-4a1d-a9d3-58817df86b24,2026-03-17T12:00:00-07:00,1600.00,CASH,CONFIRMED,,Christian,Finiquito Marzo/Agosto,TUITION,Christian,2026-03-17 09:00:57.29662-07,,,
5464c6ff-7f39-40d9-a173-510094c7daf8,LEGACY-5464c6ff-7f39-40d9-a173-510094c7daf8,00fca4aa-70ed-464e-822f-6272cba1d93e,2025-12-10T12:00:00-07:00,2800.00,CASH,CONFIRMED,,Fran,Pagó colegiaturas a mtra Fran,TUITION,Fran,2026-02-16 07:55:38.1398-07,,,
55296bab-443d-4472-afea-d29bcbc290fe,LEGACY-55296bab-443d-4472-afea-d29bcbc290fe,69450844-df68-4eb9-a465-967c31417074,2026-03-26T12:00:00-07:00,3200.00,CASH,CONFIRMED,,Fran,Colegiatura Marzo/Agosto,TUITION,Fran,2026-04-21 08:15:30.720987-07,,,
55676b79-3879-420d-b6b9-bb72312d1d1a,LEGACY-55676b79-3879-420d-b6b9-bb72312d1d1a,95149f3e-bf90-4279-8471-a562bd517960,2026-02-03T12:00:00-07:00,1600.00,CASH,CONFIRMED,,Fran,Colegiatura Febrero,TUITION,Fran,2026-02-12 08:04:14.094588-07,,,
5572adff-e8ba-466f-aeae-4af526521f4d,LEGACY-5572adff-e8ba-466f-aeae-4af526521f4d,a4c9cada-bb7c-4116-8091-8b3e944aba30,2025-10-15T12:00:00-07:00,1000.00,CASH,CONFIRMED,,Christian,octubre,TUITION,Christian,2025-10-19 16:50:08.953027-07,,,
55e3e505-c2d4-4556-a121-a892dc237616,LEGACY-55e3e505-c2d4-4556-a121-a892dc237616,2645afb7-c140-490c-b8db-c0dd4fbf6e11,2026-04-14T12:00:00-07:00,1500.00,CASH,CONFIRMED,,Citlali,,TUITION,Citlali,2026-06-03 09:04:14.803417-07,,,
56418b58-a6c8-4405-98ed-0924be76b384,LEGACY-56418b58-a6c8-4405-98ed-0924be76b384,d08fe665-bb14-41a1-b1b8-902320280075,2025-09-01T12:00:00-07:00,250.00,CASH,CONFIRMED,,Fran,trabajo por colegiatura,TUITION,Fran,2025-10-19 16:57:31.561389-07,,,
565f6ba4-a899-434f-8ee9-24da6c601835,LEGACY-565f6ba4-a899-434f-8ee9-24da6c601835,58676041-fe76-4791-9f8b-7bc1dad83cb8,2025-09-29T12:00:00-07:00,1500.00,TRANSFER,CONFIRMED,,Fran,Evidencia de captura en whatsapp 28oct25,TUITION,Fran,2025-10-28 10:38:13.576958-07,,,
5694c690-797d-4eec-8d56-41def5adf378,LEGACY-5694c690-797d-4eec-8d56-41def5adf378,6a9b25d0-e6e4-4cf2-94ef-4ba0a59c5b2d,2026-02-20T12:00:00-07:00,1000.00,CASH,CONFIRMED,,Christian,Colegiatura Febrero,TUITION,Christian,2026-02-20 08:37:00.7953-07,,,
569a9b6c-1d47-4888-9fd6-6d42b363a69b,LEGACY-569a9b6c-1d47-4888-9fd6-6d42b363a69b,61ed3b0d-3542-46bc-a02d-4f73b36cffd3,2026-02-03T12:00:00-07:00,1100.00,CASH,CONFIRMED,,Fran,Anotación extemporánea,TUITION,Fran,2026-03-12 09:04:38.185958-07,,,
56eec229-ac55-4312-96e9-3c6288cbb9e1,LEGACY-56eec229-ac55-4312-96e9-3c6288cbb9e1,81db6f65-f0d0-45e2-93d7-8d0e5c3dc56a,2026-04-17T12:00:00-07:00,1000.00,CASH,CONFIRMED,,Christian,Colegiatura Agosto,TUITION,Christian,2026-04-17 08:25:12.96403-07,,,
576b28be-55e8-4a38-83f3-7ce7b3956147,LEGACY-576b28be-55e8-4a38-83f3-7ce7b3956147,3523dbd3-f616-4c1d-9a52-db64d88e0b23,2025-12-09T12:00:00-07:00,1100.00,CASH,CONFIRMED,,Christian,Abono a Diciembre / Julio,TUITION,Christian,2025-12-09 07:47:39.297502-07,,,
576fdb21-5f5d-4a41-9cda-7136bdf8c804,LEGACY-576fdb21-5f5d-4a41-9cda-7136bdf8c804,e5a7742b-06e9-4add-a1c7-4049a93b2b75,2026-02-03T12:00:00-07:00,1100.00,CASH,CONFIRMED,,Fran,Anotación extemporánea,TUITION,Fran,2026-03-12 09:05:16.773845-07,,,
57837a81-4130-42d4-ac0c-394620e65355,LEGACY-57837a81-4130-42d4-ac0c-394620e65355,a289cbad-dbdb-4e9c-8afd-aeef6bbd7fcb,2026-01-19T12:00:00-07:00,1400.00,TRANSFER,CONFIRMED,,Christian,Colegiatura Enero,TUITION,Christian,2026-01-19 08:26:59.015951-07,,,
59e9d52e-df7d-4f19-a33b-459c85ea9659,LEGACY-59e9d52e-df7d-4f19-a33b-459c85ea9659,fdee6234-bf6d-4d45-bbd4-731a1c453987,2025-10-02T12:00:00-07:00,1900.00,CASH,CONFIRMED,,Christian,septiembre y octubre,TUITION,Christian,2025-10-20 09:01:57.733594-07,,,
5a169ab8-5118-4ab6-b102-cafd3635e3c3,LEGACY-5a169ab8-5118-4ab6-b102-cafd3635e3c3,c94e75bd-f940-4e2f-a9b3-2d1dc8ad0554,2026-01-22T12:00:00-07:00,1500.00,CASH,CONFIRMED,,Christian,Colegiatura Enero,TUITION,Christian,2026-01-22 09:03:48.847776-07,,,
5a26cc37-ed55-4ef9-a9f3-f9212a444b82,LEGACY-5a26cc37-ed55-4ef9-a9f3-f9212a444b82,d81e498e-7690-4676-9957-8b832ccf8ea0,2025-10-17T12:00:00-07:00,500.00,CASH,CONFIRMED,,Christian,abono a inscripción,ENROLLMENT_FEE,Christian,2025-10-19 16:22:46.730148-07,,,
5a496f86-8d1f-4304-85b7-266277bea0a6,LEGACY-5a496f86-8d1f-4304-85b7-266277bea0a6,3523dbd3-f616-4c1d-9a52-db64d88e0b23,2025-09-30T12:00:00-07:00,1400.00,CASH,CONFIRMED,,Christian,septiembre,TUITION,Christian,2025-10-20 08:18:38.432237-07,,,
5a658bb0-60fa-4584-9e45-b79604d0959d,LEGACY-5a658bb0-60fa-4584-9e45-b79604d0959d,f5bb300e-d8ed-4cca-b176-cb11e46338bd,2025-02-05T12:00:00-07:00,1100.00,TRANSFER,CONFIRMED,,Fran,periodo preinscripciones,ENROLLMENT_FEE,Fran,2025-10-20 09:54:47.196857-07,,,
5b272d0a-9171-490d-b014-92329da51802,LEGACY-5b272d0a-9171-490d-b014-92329da51802,edd2b7ac-5bca-4650-8c2e-75f65e70849f,2025-12-05T12:00:00-07:00,2400.00,TRANSFER,CONFIRMED,,Christian,Pago a Diciembre / Julio,TUITION,Christian,2025-12-05 08:05:05.906761-07,,,
5b43760e-28ac-4a06-904f-bef11dda3738,LEGACY-5b43760e-28ac-4a06-904f-bef11dda3738,df9c3a2b-804a-47bc-9b11-eb45575dad16,2025-09-15T12:00:00-07:00,1200.00,CASH,CONFIRMED,,Christian,septiembre,TUITION,Christian,2025-10-20 08:59:21.830459-07,,,
5bb37264-08c3-4750-82bf-2b29cb140ae4,LEGACY-5bb37264-08c3-4750-82bf-2b29cb140ae4,3523dbd3-f616-4c1d-9a52-db64d88e0b23,2025-11-07T12:00:00-07:00,2800.00,CASH,CONFIRMED,,Christian,Pago de Octubre y Noviembre,TUITION,Christian,2025-11-07 13:07:31.233539-07,,,
5be49ba7-256f-4121-8ced-93eceb37e242,LEGACY-5be49ba7-256f-4121-8ced-93eceb37e242,05ea74c3-0d10-4956-90f5-22e05c155e58,2025-09-30T12:00:00-07:00,1600.00,CASH,CONFIRMED,,Christian,septiembre,TUITION,Christian,2025-10-20 10:13:43.412397-07,,,
5c2957a7-918d-4e81-b8a4-04645515a40f,LEGACY-5c2957a7-918d-4e81-b8a4-04645515a40f,00fca4aa-70ed-464e-822f-6272cba1d93e,2026-03-16T12:00:00-07:00,1400.00,CASH,CONFIRMED,,Fran,Abono Mar/Ago,TUITION,Fran,2026-03-17 08:12:56.412305-07,,,
5c82df2e-381a-4516-9541-f082d3f783df,LEGACY-5c82df2e-381a-4516-9541-f082d3f783df,58676041-fe76-4791-9f8b-7bc1dad83cb8,2025-10-14T12:00:00-07:00,1200.00,TRANSFER,CONFIRMED,,Fran,Evidencia de captura en whatsapp 28oct25,ENROLLMENT_FEE,Fran,2025-10-28 10:39:15.969285-07,,,
5ca4ab2a-6d67-4efb-86e4-d6da9a817baf,LEGACY-5ca4ab2a-6d67-4efb-86e4-d6da9a817baf,7392fe19-c6bd-489a-9cf5-3f6861139603,2026-04-29T12:00:00-07:00,1300.00,CASH,CONFIRMED,,Christian,Colegiatura Abril,TUITION,Christian,2026-04-29 08:06:29.835426-07,,,
5cd6e479-6128-4773-9f27-d8dd866c992f,LEGACY-5cd6e479-6128-4773-9f27-d8dd866c992f,a71be5b5-f484-434a-912c-d679234166b5,2025-09-25T12:00:00-07:00,1600.00,TRANSFER,CONFIRMED,,Fran,Manda captura de la conversación registrado el 29oct25,TUITION,Fran,2025-10-29 09:16:53.874523-07,,,
5cf4d47c-667f-4046-877d-45a95b240978,LEGACY-5cf4d47c-667f-4046-877d-45a95b240978,e5a7742b-06e9-4add-a1c7-4049a93b2b75,2026-03-24T12:00:00-07:00,1100.00,CASH,CONFIRMED,,Fran,Abril,TUITION,Fran,2026-03-24 08:58:59.930571-07,,,
5d709c70-7ad6-46cf-a10a-820e1677751b,LEGACY-5d709c70-7ad6-46cf-a10a-820e1677751b,0e861609-c592-4713-bfad-a86c2f7d1c00,2026-01-21T12:00:00-07:00,1600.00,CASH,CONFIRMED,,Fran,Colegiatura Enero,TUITION,Fran,2026-04-21 08:12:59.840732-07,,,
5d892765-d6d3-4579-b10f-3bec8937a2cc,LEGACY-5d892765-d6d3-4579-b10f-3bec8937a2cc,3f6663d7-9b89-4ea2-9f06-5035caff6390,2026-02-16T12:00:00-07:00,900.00,TRANSFER,CONFIRMED,,Christian,Abono a Colegiaturas,TUITION,Christian,2026-02-16 08:05:57.935963-07,,,
5f5054a5-9efd-4d5a-bbb4-3f1848265cf3,LEGACY-5f5054a5-9efd-4d5a-bbb4-3f1848265cf3,edd2b7ac-5bca-4650-8c2e-75f65e70849f,2026-06-03T12:00:00-07:00,200.00,CASH,CONFIRMED,,Christian,,TUITION,Christian,2026-06-03 09:10:19.525403-07,,,
600d06b5-d0a6-4ad6-9af0-e800e55edcf9,LEGACY-600d06b5-d0a6-4ad6-9af0-e800e55edcf9,a4c9cada-bb7c-4116-8091-8b3e944aba30,2025-12-11T12:00:00-07:00,2000.00,CASH,CONFIRMED,,Christian,Pago a Colegiaturas,TUITION,Christian,2025-12-11 10:54:26.017969-07,,,
60beb4a6-b6ab-4637-8dc0-ad9ef13d6e6b,LEGACY-60beb4a6-b6ab-4637-8dc0-ad9ef13d6e6b,5cb7777e-5664-4929-b875-cddff5a7c18c,2025-10-06T12:00:00-07:00,1500.00,CASH,CONFIRMED,,Christian,octubre,TUITION,Christian,2025-10-20 08:07:19.513204-07,,,
6148ad5e-332c-4471-9324-585334ee4b91,LEGACY-6148ad5e-332c-4471-9324-585334ee4b91,6f2f8410-2704-4938-8538-21edb5b8221a,2026-01-12T12:00:00-07:00,1000.00,CASH,CONFIRMED,,Christian,Abono a Diciembre/Julio,TUITION,Christian,2026-01-12 07:57:21.585597-07,,,
61e28db6-2100-45ca-9d00-a98381b2f0db,LEGACY-61e28db6-2100-45ca-9d00-a98381b2f0db,61ed3b0d-3542-46bc-a02d-4f73b36cffd3,2025-11-03T12:00:00-07:00,1100.00,CASH,CONFIRMED,,Christian,noviembre,TUITION,Christian,2025-11-03 08:49:20.963741-07,,,
61ef0a46-ecf5-4225-baec-e3e431dd09d4,LEGACY-61ef0a46-ecf5-4225-baec-e3e431dd09d4,533aa94a-8eb8-436d-82ac-cb0d104f816e,2026-03-13T12:00:00-07:00,900.00,TRANSFER,CONFIRMED,,Christian,Abono Marzo/Agosto,TUITION,Christian,2026-03-13 08:16:35.048869-07,,,
62bd8fa4-071f-4272-b927-e5049ce2d780,LEGACY-62bd8fa4-071f-4272-b927-e5049ce2d780,69450844-df68-4eb9-a465-967c31417074,2025-11-28T12:00:00-07:00,1600.00,CASH,CONFIRMED,,Fran,pago a colegiaturas,TUITION,Fran,2025-12-01 11:57:38.951714-07,,,
638b5959-6309-439d-925d-6ed5da61c9a7,LEGACY-638b5959-6309-439d-925d-6ed5da61c9a7,845acc82-5357-4263-a24c-e03f7ea60a49,2026-03-13T12:00:00-07:00,1800.00,TRANSFER,CONFIRMED,,Christian,Marzo/Agosto,TUITION,Christian,2026-05-16 07:49:07.133198-07,,,
63a2c26f-3830-4c70-9671-2ab1ea5c89b9,LEGACY-63a2c26f-3830-4c70-9671-2ab1ea5c89b9,2645afb7-c140-490c-b8db-c0dd4fbf6e11,2026-03-02T12:00:00-07:00,2000.00,CASH,CONFIRMED,,Christian,Abono Marzo/Agosto,TUITION,Christian,2026-03-02 09:06:37.559396-07,,,
64299548-3745-482a-ad5d-c9bd4f6d293f,LEGACY-64299548-3745-482a-ad5d-c9bd4f6d293f,02b5e8d1-89fb-4a1d-a9d3-58817df86b24,2025-12-16T12:00:00-07:00,1600.00,CASH,CONFIRMED,,Christian,Finiquito Colegiatura Dic / Jul,TUITION,Christian,2025-12-16 09:22:49.121114-07,,,
648c4063-8d1e-4e0d-add1-f67f1d528fd1,LEGACY-648c4063-8d1e-4e0d-add1-f67f1d528fd1,83744ef9-a5f4-4c6a-9c81-a6ea4f9507cf,2025-09-05T12:00:00-07:00,1300.00,TRANSFER,CONFIRMED,,Fran,septiembre,TUITION,Fran,2025-10-20 08:01:59.035297-07,,,
64e9e62a-b4c9-4faa-9fab-ed2fd8f5e37c,LEGACY-64e9e62a-b4c9-4faa-9fab-ed2fd8f5e37c,6f2f8410-2704-4938-8538-21edb5b8221a,2025-02-05T12:00:00-07:00,1100.00,CASH,CONFIRMED,,Christian,periodo preinscripciones,ENROLLMENT_FEE,Christian,2025-10-19 15:56:18.487325-07,,,
6594b64e-7cf7-4443-b054-ea585b6974fe,LEGACY-6594b64e-7cf7-4443-b054-ea585b6974fe,ea4ba647-d045-4e06-ae83-397c1aa0fb8d,2025-02-14T12:00:00-07:00,1100.00,CASH,CONFIRMED,,Christian,periodo preinscripciones,ENROLLMENT_FEE,Christian,2025-10-19 15:28:54.986535-07,,,
66511daa-6df8-45bc-ab44-7259ccc93889,LEGACY-66511daa-6df8-45bc-ab44-7259ccc93889,2bc201a6-4c7f-402c-9ed1-a2310ae79d3c,2026-05-06T12:00:00-07:00,1500.00,TRANSFER,CONFIRMED,,Fran,,TUITION,Fran,2026-06-24 10:08:49.673784-07,,,
66803273-03f8-4bc2-83b3-76696a313c0c,LEGACY-66803273-03f8-4bc2-83b3-76696a313c0c,d08fe665-bb14-41a1-b1b8-902320280075,2025-09-29T12:00:00-07:00,1350.00,CASH,CONFIRMED,,Christian,finiquito septiembre,TUITION,Christian,2025-10-19 16:58:08.372722-07,,,
67155681-e8ea-40bf-9967-e9f99f52469c,LEGACY-67155681-e8ea-40bf-9967-e9f99f52469c,8d1da005-457e-4b91-b44a-605b0ca3c47a,2026-03-09T12:00:00-07:00,4800.00,CASH,CONFIRMED,,Christian,Abono a 3 colegiaturas,TUITION,Christian,2026-03-09 08:24:19.097835-07,,,
676c8117-68c5-4704-8bff-446e8b09b4c7,LEGACY-676c8117-68c5-4704-8bff-446e8b09b4c7,e5a7742b-06e9-4add-a1c7-4049a93b2b75,2025-12-02T12:00:00-07:00,2200.00,CASH,CONFIRMED,,Christian,Mes de Diciembre/Julio,TUITION,Christian,2025-12-02 08:36:43.136056-07,,,
6916d287-6bc2-4b4d-9387-703900d6a596,LEGACY-6916d287-6bc2-4b4d-9387-703900d6a596,0a79ced7-bab3-44d8-89da-e166880163bd,2026-06-12T12:00:00-07:00,900.00,TRANSFER,CONFIRMED,,Christian,,TUITION,Christian,2026-06-16 08:46:32.654514-07,,,
6933ee78-4330-4e9b-b3fe-9a74c7cfdc8e,LEGACY-6933ee78-4330-4e9b-b3fe-9a74c7cfdc8e,edd2b7ac-5bca-4650-8c2e-75f65e70849f,2026-06-03T12:00:00-07:00,1000.00,CASH,CONFIRMED,,Christian,Abono,TUITION,Christian,2026-06-03 09:07:00.854539-07,,,
6a9575d3-37d6-4808-911d-712faa1e1373,LEGACY-6a9575d3-37d6-4808-911d-712faa1e1373,5af22e45-f9f7-4577-b07b-7ce4a7940329,2026-02-04T12:00:00-07:00,1500.00,TRANSFER,CONFIRMED,,Fran,Colegiatura Febrero,TUITION,Fran,2026-02-05 07:59:54.39446-07,,,
6aa0269d-854d-4a58-9a70-50cc64ff75dd,LEGACY-6aa0269d-854d-4a58-9a70-50cc64ff75dd,6539fe6a-8f3f-4a06-aa20-dbb71a0a4ccb,2025-11-24T12:00:00-07:00,1600.00,CASH,CONFIRMED,,Fran,Paga noviembre,TUITION,Fran,2025-11-25 08:00:04.769578-07,,,
6b950e9d-7f30-4945-be2b-930472b56d16,LEGACY-6b950e9d-7f30-4945-be2b-930472b56d16,00fca4aa-70ed-464e-822f-6272cba1d93e,2025-09-08T12:00:00-07:00,1400.00,CASH,CONFIRMED,,Christian,septiembre,TUITION,Christian,2025-10-19 17:39:07.021026-07,,,
6c3d9eec-d5e6-4d89-ab02-f3ffd51da307,LEGACY-6c3d9eec-d5e6-4d89-ab02-f3ffd51da307,95149f3e-bf90-4279-8471-a562bd517960,2025-10-23T12:00:00-07:00,1600.00,CASH,CONFIRMED,,Fran,octubre,TUITION,Fran,2025-10-23 10:10:54.751496-07,,,
6c81fe26-9d98-4b8f-a043-15b0a8981d75,LEGACY-6c81fe26-9d98-4b8f-a043-15b0a8981d75,a71be5b5-f484-434a-912c-d679234166b5,2025-09-01T12:00:00-07:00,2500.00,TRANSFER,CONFIRMED,,Fran,,ENROLLMENT_FEE,Fran,2025-10-20 08:03:44.372314-07,,,
6d473821-4889-4649-bc72-fa55c05bf1ab,LEGACY-6d473821-4889-4649-bc72-fa55c05bf1ab,6f2f8410-2704-4938-8538-21edb5b8221a,2026-02-20T12:00:00-07:00,1000.00,CASH,CONFIRMED,,Christian,Colegiatura Febrero,TUITION,Christian,2026-02-20 08:37:13.118519-07,,,
6dff9aaa-3c00-40aa-8f15-cd5f3f17f034,LEGACY-6dff9aaa-3c00-40aa-8f15-cd5f3f17f034,81db6f65-f0d0-45e2-93d7-8d0e5c3dc56a,2026-02-20T12:00:00-07:00,1000.00,CASH,CONFIRMED,,Christian,Colegiatura Febrero,TUITION,Christian,2026-02-20 08:36:43.178681-07,,,
6e043db5-12e1-47d3-9b03-9c9b877a2c9d,LEGACY-6e043db5-12e1-47d3-9b03-9c9b877a2c9d,3f6663d7-9b89-4ea2-9f06-5035caff6390,2026-05-15T12:00:00-07:00,900.00,TRANSFER,CONFIRMED,,Christian,Pago de Agosto,TUITION,Christian,2026-05-16 07:47:01.825153-07,,,
6e48107e-3aa7-4796-be6c-7374ba5e1508,LEGACY-6e48107e-3aa7-4796-be6c-7374ba5e1508,a289cbad-dbdb-4e9c-8afd-aeef6bbd7fcb,2025-12-05T12:00:00-07:00,2800.00,CASH,CONFIRMED,,Christian,Pago Diciembre/Julio,TUITION,Christian,2025-12-05 08:07:41.875824-07,,,
70a5873c-197a-4684-843e-77a1ad93402b,LEGACY-70a5873c-197a-4684-843e-77a1ad93402b,a6b37970-a2fa-4a7b-8b11-d3e5151b40b3,2026-06-16T12:00:00-07:00,1600.00,CASH,CONFIRMED,,Fran,,TUITION,Fran,2026-06-16 09:08:45.166064-07,,,
71232767-c8bb-406f-b50b-7a4f4df588ce,LEGACY-71232767-c8bb-406f-b50b-7a4f4df588ce,2a0d752a-79d5-4658-bf0d-64b137383ac6,2026-06-16T12:00:00-07:00,1800.00,TRANSFER,CONFIRMED,,Fran,Mayo y Junio,TUITION,Fran,2026-06-16 09:32:07.463421-07,,,
7190faef-8189-43c9-8c92-8468e4fc960d,LEGACY-7190faef-8189-43c9-8c92-8468e4fc960d,6539fe6a-8f3f-4a06-aa20-dbb71a0a4ccb,2025-09-01T12:00:00-07:00,2500.00,CASH,CONFIRMED,,Christian,,ENROLLMENT_FEE,Christian,2025-10-19 17:36:10.358833-07,,,
72100520-2eed-4b7d-ac14-46b0b6065404,LEGACY-72100520-2eed-4b7d-ac14-46b0b6065404,6a9b25d0-e6e4-4cf2-94ef-4ba0a59c5b2d,2026-01-23T12:00:00-07:00,1000.00,CASH,CONFIRMED,,Christian,Colegiatura Julio,TUITION,Christian,2026-01-23 10:20:45.907657-07,,,
726b3e2d-62fc-4d64-9055-f86a0f09cb81,LEGACY-726b3e2d-62fc-4d64-9055-f86a0f09cb81,2645afb7-c140-490c-b8db-c0dd4fbf6e11,2026-03-03T12:00:00-07:00,1000.00,CASH,CONFIRMED,,Christian,Finiquito Mar/Ago,TUITION,Christian,2026-03-03 09:13:30.798123-07,,,
72950048-7e6f-4ac7-aab6-feec39467265,LEGACY-72950048-7e6f-4ac7-aab6-feec39467265,a8144361-4bce-487c-bc3a-949391e8d895,2026-02-12T12:00:00-07:00,900.00,TRANSFER,CONFIRMED,,Christian,Colegiatura Febrero,TUITION,Christian,2026-02-13 09:02:27.121729-07,,,
72c242a7-3fcb-45ab-b0ec-ab27812c47b3,LEGACY-72c242a7-3fcb-45ab-b0ec-ab27812c47b3,18f8e872-a787-4eef-953c-1c326065039e,2025-10-29T12:00:00-07:00,1000.00,CASH,CONFIRMED,,Christian,Noviembre,TUITION,Christian,2025-10-29 08:46:31.909519-07,,,
73205378-03be-4b25-9609-9334ae990ebd,LEGACY-73205378-03be-4b25-9609-9334ae990ebd,5b6f10bf-24ec-4e49-8839-dbf02ee4cd75,2025-02-26T12:00:00-07:00,1100.00,TRANSFER,CONFIRMED,,Fran,periodo preinscripciones,ENROLLMENT_FEE,Fran,2025-10-20 07:55:07.118675-07,,,
73a94684-3cb5-4587-9060-19998b15f512,LEGACY-73a94684-3cb5-4587-9060-19998b15f512,8d1da005-457e-4b91-b44a-605b0ca3c47a,2025-10-03T12:00:00-07:00,1600.00,CASH,CONFIRMED,,Christian,septiembre,TUITION,Christian,2025-10-20 09:10:47.826411-07,,,
741ee40b-99e0-49da-b781-792b6cad6216,LEGACY-741ee40b-99e0-49da-b781-792b6cad6216,64b7b8c4-c418-4b27-8aa7-31c44d2850f4,2026-04-13T12:00:00-07:00,1200.00,CASH,CONFIRMED,,Fran,Colegiatura Ago,TUITION,Fran,2026-04-27 09:06:18.311964-07,,,
754a36cd-b564-482f-bf7b-ac14c5b78358,LEGACY-754a36cd-b564-482f-bf7b-ac14c5b78358,6d484f92-07ed-4ef5-acde-ed43c7314527,2025-11-07T12:00:00-07:00,1500.00,CASH,CONFIRMED,,Christian,Pago Noviembre,TUITION,Christian,2025-11-07 09:00:15.403604-07,,,
7565b219-ec8a-4e47-b1c4-1a553c4735e7,LEGACY-7565b219-ec8a-4e47-b1c4-1a553c4735e7,c94e75bd-f940-4e2f-a9b3-2d1dc8ad0554,2025-09-02T12:00:00-07:00,2500.00,CASH,CONFIRMED,,Christian,"Se hizo en dos pagos, se registra en uno",ENROLLMENT_FEE,Christian,2025-10-19 15:36:25.650098-07,,,
756fab86-13e6-4281-a190-8cab87f16f57,LEGACY-756fab86-13e6-4281-a190-8cab87f16f57,e2808836-b027-41af-8918-de113abd6e4a,2025-09-01T12:00:00-07:00,2500.00,CASH,CONFIRMED,,Fran,,ENROLLMENT_FEE,Fran,2025-10-20 08:25:17.302479-07,,,
75ac3de1-25e9-4dc4-83b0-482efa72a604,LEGACY-75ac3de1-25e9-4dc4-83b0-482efa72a604,d81e498e-7690-4676-9957-8b832ccf8ea0,2025-11-14T12:00:00-07:00,500.00,TRANSFER,CONFIRMED,,Fran,Abono pendiente de registrar,TUITION,Fran,2025-12-03 10:20:14.261322-07,,,
7614df16-1ad5-4ab5-94c0-2d62c2897778,LEGACY-7614df16-1ad5-4ab5-94c0-2d62c2897778,bcb7ffd8-0cfa-449a-88d5-626f505cb19c,2026-03-05T12:00:00-07:00,1100.00,CASH,CONFIRMED,,Christian,Colegiatura Marzo,TUITION,Christian,2026-03-05 08:57:57.702938-07,,,
76b1e469-d4d2-4c70-9de4-47d0e6fb6724,LEGACY-76b1e469-d4d2-4c70-9de4-47d0e6fb6724,ae5f806a-46b0-4a53-8eb3-9a5dd3e9d0dd,2026-01-13T12:00:00-07:00,2600.00,CASH,CONFIRMED,,Christian,Pago de Noviembre y Diciembre,TUITION,Christian,2026-01-13 08:05:19.087025-07,,,
76bba8f6-c616-40f3-85c1-ab9b8bfb4b4d,LEGACY-76bba8f6-c616-40f3-85c1-ab9b8bfb4b4d,0e861609-c592-4713-bfad-a86c2f7d1c00,2025-10-03T12:00:00-07:00,1600.00,CASH,CONFIRMED,,Christian,octubre,TUITION,Christian,2025-10-19 17:46:39.908932-07,,,
771a5c07-d08d-491c-8daa-da499c3b4312,LEGACY-771a5c07-d08d-491c-8daa-da499c3b4312,abea3641-4bdf-451a-8710-fa95ab34cab7,2026-04-23T12:00:00-07:00,1600.00,CASH,CONFIRMED,,Christian,Abono a Colegiaturas,TUITION,Christian,2026-04-23 08:08:34.628344-07,,,
7752d0e2-c48b-490c-921a-1af0a7ec80ab,LEGACY-7752d0e2-c48b-490c-921a-1af0a7ec80ab,18f8e872-a787-4eef-953c-1c326065039e,2026-05-28T12:00:00-07:00,1000.00,CASH,CONFIRMED,,Christian,Mes de Mayo,TUITION,Christian,2026-05-28 08:28:25.831341-07,,,
7765d43b-22eb-4752-baf5-b0291c501a09,LEGACY-7765d43b-22eb-4752-baf5-b0291c501a09,0a79ced7-bab3-44d8-89da-e166880163bd,2025-09-02T12:00:00-07:00,900.00,CASH,CONFIRMED,,Christian,septiembre,TUITION,Christian,2025-10-19 15:32:11.613672-07,,,
77e8494f-c862-48fd-b459-f9a3fd517eff,LEGACY-77e8494f-c862-48fd-b459-f9a3fd517eff,02b5e8d1-89fb-4a1d-a9d3-58817df86b24,2025-09-01T12:00:00-07:00,2500.00,CASH,CONFIRMED,,Fran,no se sabe cuando se pagó sólo que se pagó a mtra fran,ENROLLMENT_FEE,Fran,2025-10-19 17:41:53.064388-07,,,
784bbd62-bcf1-4720-8363-c164e3a07a1a,LEGACY-784bbd62-bcf1-4720-8363-c164e3a07a1a,061d5f0c-2ec0-4698-a862-38cdd50d237d,2026-04-29T12:00:00-07:00,1500.00,CASH,CONFIRMED,,Christian,Colegiatura Abril,TUITION,Christian,2026-04-29 08:08:49.791772-07,,,
78b96b72-cc62-49d7-a0c5-beed49d62659,LEGACY-78b96b72-cc62-49d7-a0c5-beed49d62659,f618e808-f64d-40f7-ac44-d3b6ddc0f0a7,2025-10-17T12:00:00-07:00,1500.00,CASH,CONFIRMED,,Christian,octubre,TUITION,Christian,2025-10-20 07:52:00.759439-07,,,
797f3b6f-3697-4615-8270-204079bd9cb2,LEGACY-797f3b6f-3697-4615-8270-204079bd9cb2,18f8e872-a787-4eef-953c-1c326065039e,2026-01-14T12:00:00-07:00,1000.00,CASH,CONFIRMED,,Christian,Pago de Enero,TUITION,Christian,2026-01-14 09:11:31.045571-07,,,
7a1dc7d1-0bf7-44f2-beb1-c453a4650e41,LEGACY-7a1dc7d1-0bf7-44f2-beb1-c453a4650e41,533aa94a-8eb8-436d-82ac-cb0d104f816e,2026-06-30T12:00:00-07:00,900.00,TRANSFER,CONFIRMED,,Christian,,TUITION,Christian,2026-06-30 15:27:37.735606-07,,,
7b0df9d4-452e-4a0f-ba68-5268124542d8,LEGACY-7b0df9d4-452e-4a0f-ba68-5268124542d8,f618e808-f64d-40f7-ac44-d3b6ddc0f0a7,2025-09-01T12:00:00-07:00,2500.00,CASH,CONFIRMED,,Fran,,ENROLLMENT_FEE,Fran,2025-10-20 07:50:45.827604-07,,,
7b3280bd-f878-4c9f-a883-76a5e07d55f8,LEGACY-7b3280bd-f878-4c9f-a883-76a5e07d55f8,6539fe6a-8f3f-4a06-aa20-dbb71a0a4ccb,2026-04-13T12:00:00-07:00,3200.00,TRANSFER,CONFIRMED,,Fran,Marzo/Agosto,TUITION,Fran,2026-04-13 08:35:22.008533-07,,,
7b525d45-770d-450f-955d-e1fa9439929f,LEGACY-7b525d45-770d-450f-955d-e1fa9439929f,afa0658f-b7b9-4fb1-997b-0e0fcf93b4e1,2026-02-27T12:00:00-07:00,1500.00,TRANSFER,CONFIRMED,,Fran,Colegiatura Febrero,TUITION,Fran,2026-04-17 07:50:17.880329-07,,,
7c05cb82-b950-41a6-bdf3-5b0a8aca00c0,LEGACY-7c05cb82-b950-41a6-bdf3-5b0a8aca00c0,02b5e8d1-89fb-4a1d-a9d3-58817df86b24,2026-05-07T12:00:00-07:00,1600.00,CASH,CONFIRMED,,Christian,,TUITION,Christian,2026-06-16 09:46:20.59436-07,,,
7c688f9e-3674-43ae-9dd6-9c279cf8281a,LEGACY-7c688f9e-3674-43ae-9dd6-9c279cf8281a,2a01ea65-7487-4834-ab23-855018d8868e,2026-06-05T12:00:00-07:00,3000.00,CASH,CONFIRMED,,Christian,Mayo y Junio,TUITION,Christian,2026-06-05 07:58:26.265017-07,,,
7d72ee32-879e-4150-a700-d0846fa2e50c,LEGACY-7d72ee32-879e-4150-a700-d0846fa2e50c,ea4ba647-d045-4e06-ae83-397c1aa0fb8d,2026-05-18T12:00:00-07:00,1500.00,CASH,CONFIRMED,,Christian,Colegiatura Mayo,TUITION,Christian,2026-05-18 08:44:05.102741-07,,,
7dd65bfb-d940-423a-9cd5-bab92dfcf533,LEGACY-7dd65bfb-d940-423a-9cd5-bab92dfcf533,edd2b7ac-5bca-4650-8c2e-75f65e70849f,2026-05-14T12:00:00-07:00,1200.00,TRANSFER,CONFIRMED,,Christian,,TUITION,Christian,2026-06-03 11:11:43.75389-07,,,
7e75f2e8-68b7-4dcd-8131-695d6ccfc2e0,LEGACY-7e75f2e8-68b7-4dcd-8131-695d6ccfc2e0,d81e498e-7690-4676-9957-8b832ccf8ea0,2025-09-30T12:00:00-07:00,1200.00,CASH,CONFIRMED,,Christian,abono a inscripción,ENROLLMENT_FEE,Christian,2025-10-19 16:22:20.783141-07,,,
7e7e1517-0c3c-47c1-b8cd-74aebe03674b,LEGACY-7e7e1517-0c3c-47c1-b8cd-74aebe03674b,4f28d56c-a1e3-4052-87a3-ecd1d9b0d5b6,2025-10-31T12:00:00-07:00,1500.00,TRANSFER,CONFIRMED,,Christian,Mes de Noviembre,TUITION,Christian,2025-10-31 09:30:48.759883-07,,,
7eff8445-8036-4fd8-be19-5a6340ff915e,LEGACY-7eff8445-8036-4fd8-be19-5a6340ff915e,df9c3a2b-804a-47bc-9b11-eb45575dad16,2026-05-14T12:00:00-07:00,1200.00,TRANSFER,CONFIRMED,,Christian,,TUITION,Christian,2026-06-03 11:11:52.316726-07,,,
7f51aaf3-0909-41e1-ba85-f12bd8c6bed3,LEGACY-7f51aaf3-0909-41e1-ba85-f12bd8c6bed3,02b5e8d1-89fb-4a1d-a9d3-58817df86b24,2025-11-03T12:00:00-07:00,1600.00,CASH,CONFIRMED,,Christian,Pago Noviembre,TUITION,Christian,2025-11-03 13:40:01.670222-07,,,
7f6304b8-0617-400b-9d33-41b6238d45a6,LEGACY-7f6304b8-0617-400b-9d33-41b6238d45a6,a289cbad-dbdb-4e9c-8afd-aeef6bbd7fcb,2025-09-05T12:00:00-07:00,1400.00,CASH,CONFIRMED,,Christian,septiembre,TUITION,Christian,2025-10-20 09:43:28.604893-07,,,
801c5cfb-dfc2-4b06-813a-aac3b2712dc4,LEGACY-801c5cfb-dfc2-4b06-813a-aac3b2712dc4,6a9b25d0-e6e4-4cf2-94ef-4ba0a59c5b2d,2026-03-05T12:00:00-07:00,1000.00,CASH,CONFIRMED,,Citlali,Colegiatura Marzo,TUITION,Citlali,2026-04-17 08:24:26.912621-07,,,
80506a38-e739-46d9-bdbf-f2674b537c58,LEGACY-80506a38-e739-46d9-bdbf-f2674b537c58,f5bb300e-d8ed-4cca-b176-cb11e46338bd,2026-01-19T12:00:00-07:00,1400.00,CASH,CONFIRMED,,Christian,Colegiatura Enero,TUITION,Christian,2026-01-19 07:51:45.747055-07,,,
819aa7b8-b683-41ec-8230-3d6af40a0489,LEGACY-819aa7b8-b683-41ec-8230-3d6af40a0489,9ace76f4-cf42-4715-ba18-951ec5af9103,2026-01-27T12:00:00-07:00,1000.00,CASH,CONFIRMED,,Christian,Colegiatura Enero,TUITION,Christian,2026-01-27 09:07:46.072804-07,,,
81bdd5c0-af83-463c-8c48-5ea7483c6d80,LEGACY-81bdd5c0-af83-463c-8c48-5ea7483c6d80,845acc82-5357-4263-a24c-e03f7ea60a49,2026-02-12T12:00:00-07:00,900.00,TRANSFER,CONFIRMED,,Christian,Colegiatura Febrero,TUITION,Christian,2026-02-13 09:03:02.696724-07,,,
81d045e1-f34b-4162-aa1a-40d6d14a1010,LEGACY-81d045e1-f34b-4162-aa1a-40d6d14a1010,e5a7742b-06e9-4add-a1c7-4049a93b2b75,2026-03-12T12:00:00-07:00,1100.00,CASH,CONFIRMED,,Christian,--,TUITION,Christian,2026-03-12 09:04:59.278331-07,,,
82292f9b-a24c-46c3-b0da-609e49bee438,LEGACY-82292f9b-a24c-46c3-b0da-609e49bee438,00fca4aa-70ed-464e-822f-6272cba1d93e,2026-01-07T12:00:00-07:00,1400.00,CASH,CONFIRMED,,Fran,Colegiatura Enero (pagó em soriana),TUITION,Fran,2026-02-16 07:56:11.824687-07,,,
83cf18d4-e60d-4b50-aea7-c69013815ddd,LEGACY-83cf18d4-e60d-4b50-aea7-c69013815ddd,2a0d752a-79d5-4658-bf0d-64b137383ac6,2025-12-01T12:00:00-07:00,1800.00,TRANSFER,CONFIRMED,,Fran,--,TUITION,Fran,2026-03-02 10:11:46.030687-07,,,
83d1a8d9-a8ff-49f1-a0e9-3953eb719bfd,LEGACY-83d1a8d9-a8ff-49f1-a0e9-3953eb719bfd,d8b23e94-04f7-4eed-9748-9c90f9758257,2026-02-05T12:00:00-07:00,1200.00,TRANSFER,CONFIRMED,,Christian,Abono a colegiatura,TUITION,Christian,2026-02-05 08:04:31.707342-07,,,
83e40b64-15a1-4f68-ac74-386c3c65a9d7,LEGACY-83e40b64-15a1-4f68-ac74-386c3c65a9d7,845acc82-5357-4263-a24c-e03f7ea60a49,2026-05-15T12:00:00-07:00,900.00,TRANSFER,CONFIRMED,,Christian,Mayo,TUITION,Christian,2026-05-16 07:50:04.361431-07,,,
840d1101-739a-42c7-9556-b255f5d56193,LEGACY-840d1101-739a-42c7-9556-b255f5d56193,bcb7ffd8-0cfa-449a-88d5-626f505cb19c,2026-02-03T12:00:00-07:00,1000.00,TRANSFER,CONFIRMED,,Fran,,ENROLLMENT_FEE,Fran,2026-03-05 08:57:10.348722-07,,,
843b7180-66be-4638-9863-9d2225db7c36,LEGACY-843b7180-66be-4638-9863-9d2225db7c36,2e6b93f5-df65-49fd-8c38-d2325e1f2a4f,2026-01-20T12:00:00-07:00,900.00,TRANSFER,CONFIRMED,,Christian,Abono a colegiaturas,TUITION,Christian,2026-01-20 08:17:26.398214-07,,,
844a1334-bd1a-4a3b-8e0d-c5c89ace59a8,LEGACY-844a1334-bd1a-4a3b-8e0d-c5c89ace59a8,6a9b25d0-e6e4-4cf2-94ef-4ba0a59c5b2d,2025-09-19T12:00:00-07:00,1000.00,CASH,CONFIRMED,,Christian,octubre anticipado,TUITION,Christian,2025-10-20 08:09:35.499427-07,,,
844bdc34-6fb3-4c1b-8a40-bf2a0c26385b,LEGACY-844bdc34-6fb3-4c1b-8a40-bf2a0c26385b,18f8e872-a787-4eef-953c-1c326065039e,2025-09-02T12:00:00-07:00,1000.00,CASH,CONFIRMED,,Christian,septiembre,TUITION,Christian,2025-10-20 10:11:38.20681-07,,,
8486dce0-3d93-498c-a1c5-46e4bb1b86cf,LEGACY-8486dce0-3d93-498c-a1c5-46e4bb1b86cf,6a9b25d0-e6e4-4cf2-94ef-4ba0a59c5b2d,2026-05-22T12:00:00-07:00,1000.00,CASH,CONFIRMED,,Christian,,TUITION,Christian,2026-05-22 09:48:28.064367-07,,,
8578f904-670b-4fe0-a98d-b4e13a991579,LEGACY-8578f904-670b-4fe0-a98d-b4e13a991579,bfce22f5-d7f1-4b93-8fc1-eb5907831b0c,2025-09-24T12:00:00-07:00,2000.00,TRANSFER,CONFIRMED,,Fran,Mamá envía captura de transferencia el 29oct25,ENROLLMENT_FEE,Fran,2025-10-29 13:22:26.30389-07,,,
85d46cd8-2481-44c4-8d59-7e16b518979a,LEGACY-85d46cd8-2481-44c4-8d59-7e16b518979a,00fca4aa-70ed-464e-822f-6272cba1d93e,2025-11-04T12:00:00-07:00,1400.00,CASH,CONFIRMED,,Christian,Pago a noviembre,TUITION,Christian,2025-11-04 08:01:42.29777-07,,,
85d522b6-c2d1-47d5-86e0-03759f984d1f,LEGACY-85d522b6-c2d1-47d5-86e0-03759f984d1f,edd2b7ac-5bca-4650-8c2e-75f65e70849f,2026-01-12T12:00:00-07:00,1200.00,TRANSFER,CONFIRMED,,Christian,Colegiatura Enero,TUITION,Christian,2026-01-12 11:16:15.183353-07,,,
85deddbe-4cca-4948-90a3-07b8da2431cb,LEGACY-85deddbe-4cca-4948-90a3-07b8da2431cb,a4c9cada-bb7c-4116-8091-8b3e944aba30,2026-01-12T12:00:00-07:00,1000.00,CASH,CONFIRMED,,Christian,Pago de Julio en Enero,TUITION,Christian,2026-01-12 08:09:36.252538-07,,,
85ec62b1-3563-42c1-9e38-a221297dc2ad,LEGACY-85ec62b1-3563-42c1-9e38-a221297dc2ad,6539fe6a-8f3f-4a06-aa20-dbb71a0a4ccb,2025-12-19T12:00:00-07:00,3200.00,CASH,CONFIRMED,,Fran,Pago de Diciembre/Julio (anotación extemporánea),TUITION,Mancillas,2026-01-15 08:32:22.337628-07,,,
8721360d-6376-49a9-925c-222df2284410,LEGACY-8721360d-6376-49a9-925c-222df2284410,f55dbff7-6831-4d96-8262-f103ccf4bd43,2025-02-25T12:00:00-07:00,1300.00,CASH,CONFIRMED,,Christian,La inscripción se hizo en una sola exhibición pero hubo error de registro,ENROLLMENT_FEE,Christian,2025-10-19 17:51:09.700881-07,,,
8738bd3c-81e7-4ec8-96b0-883dc2b059e9,LEGACY-8738bd3c-81e7-4ec8-96b0-883dc2b059e9,c94e75bd-f940-4e2f-a9b3-2d1dc8ad0554,2026-02-09T12:00:00-07:00,4500.00,CASH,CONFIRMED,,Fran,Pago a 3 colegiaturas,TUITION,Fran,2026-02-13 09:06:17.985927-07,,,
87a4d9dc-3eec-4720-98e7-494d55c7484d,LEGACY-87a4d9dc-3eec-4720-98e7-494d55c7484d,40dc866f-fce4-4635-bf68-fa98f8b87c6e,2025-11-03T12:00:00-07:00,1100.00,TRANSFER,CONFIRMED,,Christian,Se nos pasó registrar este pago por eso se registra apenas hoy,TUITION,Christian,2025-11-06 08:06:16.233435-07,,,
87f4d541-6509-49b5-bedb-cb257ab29c55,LEGACY-87f4d541-6509-49b5-bedb-cb257ab29c55,2a0d752a-79d5-4658-bf0d-64b137383ac6,2025-10-02T12:00:00-07:00,1800.00,TRANSFER,CONFIRMED,,Fran,sep y oct,TUITION,Fran,2025-10-20 09:57:46.122802-07,,,
8838b98e-1369-48a7-8845-430aece3bb30,LEGACY-8838b98e-1369-48a7-8845-430aece3bb30,c94e75bd-f940-4e2f-a9b3-2d1dc8ad0554,2026-05-19T12:00:00-07:00,3000.00,CASH,CONFIRMED,,Citlali,Abril y Mayo,TUITION,Citlali,2026-05-19 10:58:52.935232-07,,,
889b1b65-b6ab-4ee7-893a-02b6f35f7782,LEGACY-889b1b65-b6ab-4ee7-893a-02b6f35f7782,afa0658f-b7b9-4fb1-997b-0e0fcf93b4e1,2025-12-16T12:00:00-07:00,1500.00,TRANSFER,CONFIRMED,,Fran,Colegiatura Julio,TUITION,Fran,2026-01-23 09:15:58.516031-07,,,
88bbaa63-0842-4ae1-ab05-5700f9e226f3,LEGACY-88bbaa63-0842-4ae1-ab05-5700f9e226f3,2fe35f28-fbab-491d-91b2-3d939e6b55bd,2025-02-15T12:00:00-07:00,1100.00,CASH,CONFIRMED,,Christian,periodo de preinscripciones,ENROLLMENT_FEE,Christian,2025-10-19 15:20:47.090594-07,,,
88bf752d-7c31-46f3-80d4-bd9d9b28d7b2,LEGACY-88bf752d-7c31-46f3-80d4-bd9d9b28d7b2,a8144361-4bce-487c-bc3a-949391e8d895,2025-11-05T12:00:00-07:00,900.00,CASH,CONFIRMED,,Christian,Pago de Octubre,TUITION,Christian,2025-11-05 11:32:25.61347-07,,,
8954268c-9814-4e60-9013-9f275418f802,LEGACY-8954268c-9814-4e60-9013-9f275418f802,61ed3b0d-3542-46bc-a02d-4f73b36cffd3,2026-03-12T12:00:00-07:00,1100.00,CASH,CONFIRMED,,Christian,--,TUITION,Christian,2026-03-12 09:04:13.05205-07,,,
89889b1c-d700-498f-8bb6-6ebd642845b9,LEGACY-89889b1c-d700-498f-8bb6-6ebd642845b9,061d5f0c-2ec0-4698-a862-38cdd50d237d,2026-04-29T12:00:00-07:00,1000.00,CASH,CONFIRMED,,Christian,Pago de Inscripción,ENROLLMENT_FEE,Christian,2026-04-29 08:08:30.216546-07,,,
89b16fec-e924-4de8-9163-ffea37b75bca,LEGACY-89b16fec-e924-4de8-9163-ffea37b75bca,5cb7777e-5664-4929-b875-cddff5a7c18c,2026-05-06T12:00:00-07:00,1500.00,CASH,CONFIRMED,,Christian,Colegiatura Abril,TUITION,Christian,2026-05-06 07:53:37.564964-07,,,
8a8bd0bf-fe3a-43e8-9a44-5b4eddf75472,LEGACY-8a8bd0bf-fe3a-43e8-9a44-5b4eddf75472,afa0658f-b7b9-4fb1-997b-0e0fcf93b4e1,2025-10-21T12:00:00-07:00,1500.00,TRANSFER,CONFIRMED,,Fran,Por BBVA,TUITION,Fran,2025-10-28 10:05:50.752708-07,,,
8b188b1e-ead9-40de-8fd1-8d121419e444,LEGACY-8b188b1e-ead9-40de-8fd1-8d121419e444,a4c9cada-bb7c-4116-8091-8b3e944aba30,2026-04-14T12:00:00-07:00,1000.00,CASH,CONFIRMED,,Christian,Colegiatura Marzo,TUITION,Christian,2026-04-14 08:14:41.730682-07,,,
8b2261e4-4d94-4954-a588-3ff60006d27e,LEGACY-8b2261e4-4d94-4954-a588-3ff60006d27e,6a9b25d0-e6e4-4cf2-94ef-4ba0a59c5b2d,2026-04-17T12:00:00-07:00,1000.00,CASH,CONFIRMED,,Christian,Colegiatura Agosto,TUITION,Christian,2026-04-17 08:25:22.553809-07,,,
8b963cdb-11d9-495e-8f6c-d3a21b0defc3,LEGACY-8b963cdb-11d9-495e-8f6c-d3a21b0defc3,2645afb7-c140-490c-b8db-c0dd4fbf6e11,2025-12-04T12:00:00-07:00,3000.00,CASH,CONFIRMED,,Fran,Pago de Diciembre / Julio,TUITION,Fran,2025-12-11 09:12:11.970816-07,,,
8bb7875b-577c-4369-a323-f7a39fc83652,LEGACY-8bb7875b-577c-4369-a323-f7a39fc83652,0a79ced7-bab3-44d8-89da-e166880163bd,2026-03-09T12:00:00-07:00,900.00,TRANSFER,CONFIRMED,,Christian,,TUITION,Christian,2026-03-10 07:38:56.916974-07,,,
8c5664b9-e0b9-44f3-9185-3bc4a6a71849,LEGACY-8c5664b9-e0b9-44f3-9185-3bc4a6a71849,c56d34dd-a1d8-4603-9194-4da21924592b,2025-10-20T12:00:00-07:00,1000.00,CASH,CONFIRMED,,Christian,No estoy seguro si hay pagos previos,TUITION,Christian,2025-10-20 10:03:15.574207-07,,,
8c63f98d-1243-434a-bff3-a214017b979b,LEGACY-8c63f98d-1243-434a-bff3-a214017b979b,f55dbff7-6831-4d96-8262-f103ccf4bd43,2025-10-09T12:00:00-07:00,1200.00,CASH,CONFIRMED,,Christian,octubre,TUITION,Christian,2025-10-19 15:35:09.734866-07,,,
8c9b3b75-ddb8-42aa-bb91-35c2d3e179ef,LEGACY-8c9b3b75-ddb8-42aa-bb91-35c2d3e179ef,533aa94a-8eb8-436d-82ac-cb0d104f816e,2026-02-12T12:00:00-07:00,900.00,CASH,CONFIRMED,,Christian,Enero,TUITION,Christian,2026-02-12 08:23:53.426002-07,,,
8e348bca-3956-4941-8361-7eeaf71a2fb6,LEGACY-8e348bca-3956-4941-8361-7eeaf71a2fb6,0a79ced7-bab3-44d8-89da-e166880163bd,2026-03-13T12:00:00-07:00,900.00,TRANSFER,CONFIRMED,,Christian,Abono Marzo/Agosto,TUITION,Christian,2026-03-13 08:16:12.929832-07,,,
8ec1768c-9caa-4704-be45-f0f5942e23fb,LEGACY-8ec1768c-9caa-4704-be45-f0f5942e23fb,209dac48-1e05-4390-a5da-676e1ee3b311,2025-12-01T12:00:00-07:00,1000.00,TRANSFER,CONFIRMED,,Christian,Pago Noviembre,TUITION,Christian,2025-12-01 08:56:57.758271-07,,,
8ecb208f-4771-4361-9537-e39d90578251,LEGACY-8ecb208f-4771-4361-9537-e39d90578251,64b7b8c4-c418-4b27-8aa7-31c44d2850f4,2025-10-06T12:00:00-07:00,1200.00,CASH,CONFIRMED,,Christian,octubre,TUITION,Christian,2025-10-19 15:13:25.912272-07,,,
8ee6007e-957f-48a5-ba5b-03c3b8b8cb96,LEGACY-8ee6007e-957f-48a5-ba5b-03c3b8b8cb96,64b7b8c4-c418-4b27-8aa7-31c44d2850f4,2025-09-18T12:00:00-07:00,2500.00,CASH,CONFIRMED,,Christian,"Se hizo en dos pagos, se registra en uno",ENROLLMENT_FEE,Christian,2025-10-19 15:09:49.100454-07,,,
8f461cbc-213c-435d-83d0-937f7271ffc1,LEGACY-8f461cbc-213c-435d-83d0-937f7271ffc1,f5bb300e-d8ed-4cca-b176-cb11e46338bd,2026-02-18T12:00:00-07:00,1400.00,CASH,CONFIRMED,,Fran,Colegiatura Febrero,TUITION,Fran,2026-03-13 07:54:45.234539-07,,,
8f683fcd-3123-49c1-a4fa-78de3fbcc04e,LEGACY-8f683fcd-3123-49c1-a4fa-78de3fbcc04e,ae5f806a-46b0-4a53-8eb3-9a5dd3e9d0dd,2025-02-05T12:00:00-07:00,1100.00,CASH,CONFIRMED,,Christian,periodo prinscripciones,ENROLLMENT_FEE,Christian,2025-10-20 07:46:37.062323-07,,,
8fa9d622-ce02-48ec-be90-43d534ec7ec5,LEGACY-8fa9d622-ce02-48ec-be90-43d534ec7ec5,6a9b25d0-e6e4-4cf2-94ef-4ba0a59c5b2d,2025-09-08T12:00:00-07:00,1000.00,CASH,CONFIRMED,,Christian,septiembre,TUITION,Christian,2025-10-20 08:09:08.017147-07,,,
8fbefac1-a681-471c-ae05-a20842c199cc,LEGACY-8fbefac1-a681-471c-ae05-a20842c199cc,fdee6234-bf6d-4d45-bbd4-731a1c453987,2026-04-17T12:00:00-07:00,950.00,CASH,CONFIRMED,,Christian,Colegiatura de Abril,TUITION,Christian,2026-04-17 07:52:15.801669-07,,,
8fc40b3a-48e1-4e54-9486-1e3ab9afed24,LEGACY-8fc40b3a-48e1-4e54-9486-1e3ab9afed24,ea4ba647-d045-4e06-ae83-397c1aa0fb8d,2025-12-08T12:00:00-07:00,3000.00,CASH,CONFIRMED,,Christian,Pago de Diciembre/Julio,TUITION,Christian,2025-12-08 08:47:07.011549-07,,,
913d2579-0adf-438d-b072-4f072faf35fc,LEGACY-913d2579-0adf-438d-b072-4f072faf35fc,58676041-fe76-4791-9f8b-7bc1dad83cb8,2025-10-06T12:00:00-07:00,1200.00,TRANSFER,CONFIRMED,,Fran,Evidencia de captura en whatsapp 28oct25,ENROLLMENT_FEE,Fran,2025-10-28 10:38:52.707092-07,,,
925d3cba-faf2-459b-8c33-93f61d8cc2f1,LEGACY-925d3cba-faf2-459b-8c33-93f61d8cc2f1,2fe35f28-fbab-491d-91b2-3d939e6b55bd,2026-02-19T12:00:00-07:00,1500.00,CASH,CONFIRMED,,Christian,Colegiatura de Febrero,TUITION,Christian,2026-02-19 09:15:57.610114-07,,,
93e90777-992a-49fb-afb7-9f225391f889,LEGACY-93e90777-992a-49fb-afb7-9f225391f889,a6b37970-a2fa-4a7b-8b11-d3e5151b40b3,2026-06-16T12:00:00-07:00,1600.00,CASH,CONFIRMED,,Citlali,No se registró en la fecha acordada,TUITION,Citlali,2026-06-16 08:59:13.397487-07,,,
944bfa31-865f-4719-926a-0dc33b172e70,LEGACY-944bfa31-865f-4719-926a-0dc33b172e70,6f2f8410-2704-4938-8538-21edb5b8221a,2025-12-01T12:00:00-07:00,1000.00,CASH,CONFIRMED,,Christian,Pago de noviembre,TUITION,Christian,2025-12-01 08:47:57.014067-07,,,
94e3c0cd-6163-438a-9a9d-2e44945385a6,LEGACY-94e3c0cd-6163-438a-9a9d-2e44945385a6,5b6f10bf-24ec-4e49-8839-dbf02ee4cd75,2025-10-01T12:00:00-07:00,1500.00,TRANSFER,CONFIRMED,,Fran,octubre,TUITION,Fran,2025-10-20 07:56:59.473471-07,,,
96ba5e8b-d106-4299-a9f9-ee584e7c7992,LEGACY-96ba5e8b-d106-4299-a9f9-ee584e7c7992,2bc201a6-4c7f-402c-9ed1-a2310ae79d3c,2025-09-01T12:00:00-07:00,1500.00,TRANSFER,CONFIRMED,,Fran,septiembre,TUITION,Fran,2025-10-19 15:18:01.849541-07,,,
974e5d1a-a8b2-4bca-89fe-05149a25dcf4,LEGACY-974e5d1a-a8b2-4bca-89fe-05149a25dcf4,edd2b7ac-5bca-4650-8c2e-75f65e70849f,2025-10-30T12:00:00-07:00,2400.00,TRANSFER,CONFIRMED,,Christian,Pago a Octubre y Noviembre,TUITION,Christian,2025-10-30 12:45:54.89019-07,,,
9780d1d5-4c45-42b8-b388-64ea92a2d4ff,LEGACY-9780d1d5-4c45-42b8-b388-64ea92a2d4ff,95149f3e-bf90-4279-8471-a562bd517960,2025-12-13T12:00:00-07:00,1600.00,CASH,CONFIRMED,,Fran,Colegiatura Julio,TUITION,Fran,2026-02-12 08:03:46.754541-07,,,
97b24af3-cc02-4c95-a449-35a6ced36a5a,LEGACY-97b24af3-cc02-4c95-a449-35a6ced36a5a,eb5427dd-f41c-4408-8815-26493a90c351,2025-09-01T12:00:00-07:00,2500.00,CASH,CONFIRMED,,Fran,,ENROLLMENT_FEE,Fran,2025-10-19 16:36:04.387849-07,,,
97b83b10-6d80-47f0-9ad5-829417eb5611,LEGACY-97b83b10-6d80-47f0-9ad5-829417eb5611,a289cbad-dbdb-4e9c-8afd-aeef6bbd7fcb,2026-06-01T12:00:00-07:00,1400.00,TRANSFER,CONFIRMED,,Christian,,TUITION,Christian,2026-07-02 09:14:53.242904-07,,,
985813d1-5a69-4df5-82cd-21ef09fc9d75,LEGACY-985813d1-5a69-4df5-82cd-21ef09fc9d75,6539fe6a-8f3f-4a06-aa20-dbb71a0a4ccb,2026-02-16T12:00:00-07:00,1600.00,CASH,CONFIRMED,,Christian,Colegiatura Febrero,TUITION,Christian,2026-02-16 08:24:20.865081-07,,,
98ed463f-b69f-4efc-8216-8ab3631fcb90,LEGACY-98ed463f-b69f-4efc-8216-8ab3631fcb90,f618e808-f64d-40f7-ac44-d3b6ddc0f0a7,2026-04-14T12:00:00-07:00,3000.00,CASH,CONFIRMED,,Fran,Agosto y Abril,TUITION,Fran,2026-04-14 07:55:26.325583-07,,,
991f4201-3f7a-4f4a-bf30-043e43cd8d8b,LEGACY-991f4201-3f7a-4f4a-bf30-043e43cd8d8b,317e5fd7-d8e6-4476-b348-a0a726649924,2025-08-07T12:00:00-07:00,2400.00,CASH,CONFIRMED,,Fran,abono a inscripción,ENROLLMENT_FEE,Fran,2025-10-19 16:18:54.717845-07,,,
992de6ba-290c-4e25-9dde-4f7ca796c52f,LEGACY-992de6ba-290c-4e25-9dde-4f7ca796c52f,e5a7742b-06e9-4add-a1c7-4049a93b2b75,2025-02-05T12:00:00-07:00,1100.00,CASH,CONFIRMED,,Christian,Periodo de Preinscripciones,ENROLLMENT_FEE,Christian,2025-11-03 08:57:24.268428-07,,,
9935d731-06bf-4825-89c9-3c5d0c4a3b70,LEGACY-9935d731-06bf-4825-89c9-3c5d0c4a3b70,a4c9cada-bb7c-4116-8091-8b3e944aba30,2026-02-17T12:00:00-07:00,1000.00,CASH,CONFIRMED,,Christian,Colegiatura Febrero,TUITION,Christian,2026-02-17 08:05:17.891744-07,,,
9a2438c2-04da-400f-bf15-6f3d6238ee4a,LEGACY-9a2438c2-04da-400f-bf15-6f3d6238ee4a,f5bb300e-d8ed-4cca-b176-cb11e46338bd,2025-09-19T12:00:00-07:00,1400.00,CASH,CONFIRMED,,Christian,septiembre,TUITION,Christian,2025-10-20 09:55:09.583272-07,,,
9a31a17d-329b-48a5-97a0-6e89e1b22312,LEGACY-9a31a17d-329b-48a5-97a0-6e89e1b22312,0489bdaf-c632-4a1f-9b8e-85dba33a74b0,2025-09-01T12:00:00-07:00,1100.00,TRANSFER,CONFIRMED,,Christian,septiembre,TUITION,Christian,2025-10-19 17:01:45.799822-07,,,
9ac29776-2dcf-4516-ad61-3eb14e16f414,LEGACY-9ac29776-2dcf-4516-ad61-3eb14e16f414,a289cbad-dbdb-4e9c-8afd-aeef6bbd7fcb,2026-02-27T12:00:00-07:00,1400.00,TRANSFER,CONFIRMED,,Christian,Abono Marzo/Agosto,TUITION,Christian,2026-03-02 07:46:04.39195-07,,,
9ac61f29-189c-48be-a4e9-66f9c263cee3,LEGACY-9ac61f29-189c-48be-a4e9-66f9c263cee3,6539fe6a-8f3f-4a06-aa20-dbb71a0a4ccb,2026-01-15T12:00:00-07:00,1600.00,CASH,CONFIRMED,,Christian,Colegiatura Enero,TUITION,Christian,2026-01-15 08:32:51.845713-07,,,
9af345e7-4b77-4460-971e-5d97f0980335,LEGACY-9af345e7-4b77-4460-971e-5d97f0980335,a6b37970-a2fa-4a7b-8b11-d3e5151b40b3,2025-12-05T12:00:00-07:00,1600.00,TRANSFER,CONFIRMED,,Christian,,TUITION,Christian,2026-06-16 08:52:44.407564-07,,,
9b5ebebd-f92a-46e6-8338-e95e8c341f1a,LEGACY-9b5ebebd-f92a-46e6-8338-e95e8c341f1a,2645afb7-c140-490c-b8db-c0dd4fbf6e11,2026-05-14T12:00:00-07:00,1500.00,CASH,CONFIRMED,,Citlali,,TUITION,Citlali,2026-06-03 09:04:30.498518-07,,,
9b854967-0e53-492b-a519-f3fd9f480da9,LEGACY-9b854967-0e53-492b-a519-f3fd9f480da9,209dac48-1e05-4390-a5da-676e1ee3b311,2026-03-13T12:00:00-07:00,1500.00,TRANSFER,CONFIRMED,,Christian,Abono a colegiaturas,TUITION,Christian,2026-03-13 08:07:42.781152-07,,,
9bde9071-cdf2-4c37-b721-a4f14088e1d6,LEGACY-9bde9071-cdf2-4c37-b721-a4f14088e1d6,d8b23e94-04f7-4eed-9748-9c90f9758257,2025-11-04T12:00:00-07:00,1200.00,TRANSFER,CONFIRMED,,Christian,Pago de noviembre,TUITION,Christian,2025-11-04 07:49:19.679093-07,,,
9c99cc22-4220-4a23-a8c6-91c54635fefe,LEGACY-9c99cc22-4220-4a23-a8c6-91c54635fefe,d8b23e94-04f7-4eed-9748-9c90f9758257,2026-01-14T12:00:00-07:00,1200.00,CASH,CONFIRMED,,Christian,Pago de Julio,TUITION,Christian,2026-01-14 08:22:19.165104-07,,,
9d02d2a0-955d-4d28-8025-44e51be15400,LEGACY-9d02d2a0-955d-4d28-8025-44e51be15400,f55dbff7-6831-4d96-8262-f103ccf4bd43,2026-01-14T12:00:00-07:00,1200.00,CASH,CONFIRMED,,Christian,Pago de Julio,TUITION,Christian,2026-01-14 08:22:00.85778-07,,,
9d1f88d0-7ba3-476a-ba54-28327a88572c,LEGACY-9d1f88d0-7ba3-476a-ba54-28327a88572c,58f5f801-a774-4b45-8960-aec7b7127187,2026-01-15T12:00:00-07:00,1600.00,CASH,CONFIRMED,,Christian,Abono a colegiaturas,TUITION,Christian,2026-01-15 11:22:27.923615-07,,,
9d44c2e6-6a63-45d2-b1b5-ce0addc6b812,LEGACY-9d44c2e6-6a63-45d2-b1b5-ce0addc6b812,69450844-df68-4eb9-a465-967c31417074,2026-04-21T12:00:00-07:00,1600.00,CASH,CONFIRMED,,Fran,Colegiatura Abril,TUITION,Fran,2026-04-21 08:15:44.267189-07,,,
9d60e542-0475-49ad-bb92-a475d9001d4c,LEGACY-9d60e542-0475-49ad-bb92-a475d9001d4c,81db6f65-f0d0-45e2-93d7-8d0e5c3dc56a,2025-02-05T12:00:00-07:00,1100.00,CASH,CONFIRMED,,Christian,periodo preinscripciones,ENROLLMENT_FEE,Christian,2025-10-19 15:26:39.61656-07,,,
9e30ea08-5f0f-400a-b21b-530730bf57f6,LEGACY-9e30ea08-5f0f-400a-b21b-530730bf57f6,f55dbff7-6831-4d96-8262-f103ccf4bd43,2026-03-17T12:00:00-07:00,3600.00,CASH,CONFIRMED,,Christian,"Pago: Feb, Mar/Ago",TUITION,Christian,2026-03-17 07:46:53.728134-07,,,
9e561635-ffe1-4956-be44-c66ed2fb185c,LEGACY-9e561635-ffe1-4956-be44-c66ed2fb185c,7babc8a8-10d3-41e2-bb40-868a18dc2300,2025-11-26T12:00:00-07:00,2000.00,CASH,CONFIRMED,,Fran,Abono a colegiaturas,TUITION,Fran,2025-12-01 11:53:56.709937-07,,,
9eb0e4be-c697-40ad-899c-9b2d9ac39c37,LEGACY-9eb0e4be-c697-40ad-899c-9b2d9ac39c37,4f28d56c-a1e3-4052-87a3-ecd1d9b0d5b6,2026-02-12T12:00:00-07:00,1500.00,TRANSFER,CONFIRMED,,Fran,Colegiatura Febrero,TUITION,Fran,2026-02-13 09:15:14.981372-07,,,
9f831124-ddb5-4f4b-9cf8-a9042353e233,LEGACY-9f831124-ddb5-4f4b-9cf8-a9042353e233,845acc82-5357-4263-a24c-e03f7ea60a49,2025-09-30T12:00:00-07:00,900.00,CASH,CONFIRMED,,Christian,septiembre,TUITION,Christian,2025-10-20 09:21:13.48674-07,,,
9fe16eef-fd40-4c0d-84f5-72f6fda955f1,LEGACY-9fe16eef-fd40-4c0d-84f5-72f6fda955f1,a289cbad-dbdb-4e9c-8afd-aeef6bbd7fcb,2026-04-13T12:00:00-07:00,1400.00,TRANSFER,CONFIRMED,,Christian,Colegiatura Abril,TUITION,Christian,2026-04-14 08:00:22.82605-07,,,
a0116f28-ce2c-4859-ac8e-5df706e1bab0,LEGACY-a0116f28-ce2c-4859-ac8e-5df706e1bab0,fdee6234-bf6d-4d45-bbd4-731a1c453987,2025-12-16T12:00:00-07:00,2000.00,CASH,CONFIRMED,,Christian,Finiquito Dic/Jul pago Enero,TUITION,Christian,2025-12-16 08:15:46.867614-07,,,
a057127c-e47c-4f45-a885-46437755420f,LEGACY-a057127c-e47c-4f45-a885-46437755420f,f425a981-e85a-4cb0-95a0-1de810c18a53,2025-09-04T12:00:00-07:00,1000.00,TRANSFER,CONFIRMED,,Fran,septiembre,TUITION,Fran,2025-10-19 16:25:25.499464-07,,,
a0e211dd-3900-4a49-b722-f6e628c2ce27,LEGACY-a0e211dd-3900-4a49-b722-f6e628c2ce27,f5bb300e-d8ed-4cca-b176-cb11e46338bd,2025-10-21T12:00:00-07:00,1400.00,CASH,CONFIRMED,,Christian,octubre,TUITION,Christian,2025-10-21 07:57:53.013111-07,,,
a14b8c72-9120-4ee8-bbf8-d1b316994c8f,LEGACY-a14b8c72-9120-4ee8-bbf8-d1b316994c8f,edd2b7ac-5bca-4650-8c2e-75f65e70849f,2025-02-05T12:00:00-07:00,1100.00,CASH,CONFIRMED,,Christian,periodo preinscripciones,ENROLLMENT_FEE,Christian,2025-10-19 16:43:58.62603-07,,,
a1b613cc-aa1b-487e-a5fd-7c5d7947d2ad,LEGACY-a1b613cc-aa1b-487e-a5fd-7c5d7947d2ad,2fe35f28-fbab-491d-91b2-3d939e6b55bd,2025-09-08T12:00:00-07:00,1500.00,CASH,CONFIRMED,,Christian,septiembre,TUITION,Christian,2025-10-19 15:21:40.527313-07,,,
a1cd904b-4c4a-4e0b-a38e-3d27bd39a79e,LEGACY-a1cd904b-4c4a-4e0b-a38e-3d27bd39a79e,0a79ced7-bab3-44d8-89da-e166880163bd,2025-11-26T12:00:00-07:00,900.00,CASH,CONFIRMED,,Christian,Pago de noviembre,TUITION,Christian,2025-11-26 10:06:34.713865-07,,,
a1dfee84-adff-4c58-b15a-d17268a20ac9,LEGACY-a1dfee84-adff-4c58-b15a-d17268a20ac9,69450844-df68-4eb9-a465-967c31417074,2026-02-13T12:00:00-07:00,1600.00,CASH,CONFIRMED,,Fran,Colegiatura Febrero,TUITION,Fran,2026-04-21 08:15:02.566163-07,,,
a2ac9879-ffa8-4948-b3e9-b9a4dda74fb2,LEGACY-a2ac9879-ffa8-4948-b3e9-b9a4dda74fb2,0e861609-c592-4713-bfad-a86c2f7d1c00,2026-02-20T12:00:00-07:00,1600.00,CASH,CONFIRMED,,Fran,Colegiatura Febrero,TUITION,Fran,2026-04-21 08:13:16.993839-07,,,
a2dbeb21-5033-4729-860c-29cfe35e2cc0,LEGACY-a2dbeb21-5033-4729-860c-29cfe35e2cc0,4f28d56c-a1e3-4052-87a3-ecd1d9b0d5b6,2025-09-19T12:00:00-07:00,1500.00,TRANSFER,CONFIRMED,,Fran,septiembre,TUITION,Fran,2025-10-19 15:47:10.250362-07,,,
a33822e3-6cfc-4a88-96d8-14a6c65be153,LEGACY-a33822e3-6cfc-4a88-96d8-14a6c65be153,0a79ced7-bab3-44d8-89da-e166880163bd,2026-05-13T12:00:00-07:00,900.00,TRANSFER,CONFIRMED,,Christian,,TUITION,Christian,2026-05-16 07:53:56.086279-07,,,
a37fdd33-2afc-4b20-824d-3304b6192ca4,LEGACY-a37fdd33-2afc-4b20-824d-3304b6192ca4,d8b23e94-04f7-4eed-9748-9c90f9758257,2025-12-05T12:00:00-07:00,1200.00,TRANSFER,CONFIRMED,,Christian,Abono Diciembre/Julio,TUITION,Christian,2025-12-05 08:01:55.05801-07,,,
a3997865-143b-4136-96d3-ae14e5645a32,LEGACY-a3997865-143b-4136-96d3-ae14e5645a32,6f2f8410-2704-4938-8538-21edb5b8221a,2026-01-23T12:00:00-07:00,1000.00,CASH,CONFIRMED,,Christian,Colegiatura de Julio,TUITION,Christian,2026-01-23 10:21:01.549227-07,,,
a39d6d5e-d2b3-41ad-80af-0d7b3bcb5ac0,LEGACY-a39d6d5e-d2b3-41ad-80af-0d7b3bcb5ac0,7392fe19-c6bd-489a-9cf5-3f6861139603,2026-04-13T12:00:00-07:00,2600.00,CASH,CONFIRMED,,Christian,Marzo/Agosto,TUITION,Christian,2026-04-13 08:16:09.449542-07,,,
a39e9442-37fb-4a9a-84d0-83b964b7141d,LEGACY-a39e9442-37fb-4a9a-84d0-83b964b7141d,4f28d56c-a1e3-4052-87a3-ecd1d9b0d5b6,2025-10-06T12:00:00-07:00,1500.00,TRANSFER,CONFIRMED,,Christian,octubre (se registra el 28 porque error interno),TUITION,Christian,2025-10-28 09:43:14.567905-07,,,
a3f975a3-bb12-47fe-834c-0c409b033286,LEGACY-a3f975a3-bb12-47fe-834c-0c409b033286,bcb7ffd8-0cfa-449a-88d5-626f505cb19c,2026-02-03T12:00:00-07:00,1100.00,TRANSFER,CONFIRMED,,Fran,,TUITION,Fran,2026-03-05 08:57:27.648399-07,,,
a4365856-d5ca-4ce5-b36b-3d7b7f8347b9,LEGACY-a4365856-d5ca-4ce5-b36b-3d7b7f8347b9,a6b37970-a2fa-4a7b-8b11-d3e5151b40b3,2025-12-16T12:00:00-07:00,4800.00,TRANSFER,CONFIRMED,,Christian,,TUITION,Christian,2026-06-16 08:53:20.207476-07,,,
a63de987-fed0-420f-a038-387b82dc4ab3,LEGACY-a63de987-fed0-420f-a038-387b82dc4ab3,2a0d752a-79d5-4658-bf0d-64b137383ac6,2025-11-24T12:00:00-07:00,900.00,TRANSFER,CONFIRMED,,Fran,Colegiatura mes de noviembre,TUITION,Fran,2025-11-24 08:23:45.252184-07,,,
a68322f2-6eb6-4243-853a-ff11bc620ae2,LEGACY-a68322f2-6eb6-4243-853a-ff11bc620ae2,0a79ced7-bab3-44d8-89da-e166880163bd,2025-12-11T12:00:00-07:00,1800.00,CASH,CONFIRMED,,Christian,Diciembre / Julio,TUITION,Christian,2025-12-11 10:55:16.419142-07,,,
a6ba034e-f50c-4650-92fe-2b016617cfed,LEGACY-a6ba034e-f50c-4650-92fe-2b016617cfed,a4c9cada-bb7c-4116-8091-8b3e944aba30,2025-09-01T12:00:00-07:00,2500.00,CASH,CONFIRMED,,Fran,se toma precio base ya que sólo mencionan que se pagó ins con mtra fran,ENROLLMENT_FEE,Fran,2025-10-19 16:49:17.949018-07,,,
a759ded7-01f8-42ba-9e5f-b719537b65c4,LEGACY-a759ded7-01f8-42ba-9e5f-b719537b65c4,a6b37970-a2fa-4a7b-8b11-d3e5151b40b3,2026-06-16T12:00:00-07:00,1600.00,CASH,CONFIRMED,,Fran,No se registró en la fecha que se debía,TUITION,Fran,2026-06-16 08:59:50.070696-07,,,
a77b1335-c6a7-4c8d-9834-8bc74d734c7e,LEGACY-a77b1335-c6a7-4c8d-9834-8bc74d734c7e,df9c3a2b-804a-47bc-9b11-eb45575dad16,2025-12-04T12:00:00-07:00,2400.00,TRANSFER,CONFIRMED,,Christian,Pago Diciembre/Julio,TUITION,Christian,2025-12-05 08:04:23.476637-07,,,
a8bb7eea-4b2f-4a8e-86c3-dc333ce8cb8b,LEGACY-a8bb7eea-4b2f-4a8e-86c3-dc333ce8cb8b,5af22e45-f9f7-4577-b07b-7ce4a7940329,2025-10-06T12:00:00-07:00,1500.00,TRANSFER,CONFIRMED,,Fran,octubre,TUITION,Fran,2025-10-20 09:37:06.295682-07,,,
a9483467-c687-455e-8d93-2feb46387290,LEGACY-a9483467-c687-455e-8d93-2feb46387290,5cb7777e-5664-4929-b875-cddff5a7c18c,2026-04-15T12:00:00-07:00,1500.00,CASH,CONFIRMED,,Christian,Colegiatura de Agosto,TUITION,Christian,2026-04-15 08:03:21.273074-07,,,
a978853c-045e-451e-a086-f3df8363c4f4,LEGACY-a978853c-045e-451e-a086-f3df8363c4f4,07d3c06f-1b7d-4925-b8d6-cfb887acabb6,2025-08-07T12:00:00-07:00,2500.00,TRANSFER,CONFIRMED,,Fran,Comprobante recibido el 28oct25,ENROLLMENT_FEE,Fran,2025-10-28 13:02:43.030624-07,,,
a9861f75-8900-41e5-9b61-3d6c9e3ebf10,LEGACY-a9861f75-8900-41e5-9b61-3d6c9e3ebf10,6f2f8410-2704-4938-8538-21edb5b8221a,2026-01-29T12:00:00-07:00,1000.00,CASH,CONFIRMED,,Fran,Colegiatura Enero,TUITION,Fran,2026-02-05 07:51:24.475576-07,,,
a9cc916f-860e-4c37-86fd-e648df1c783d,LEGACY-a9cc916f-860e-4c37-86fd-e648df1c783d,2fe35f28-fbab-491d-91b2-3d939e6b55bd,2025-11-24T12:00:00-07:00,3000.00,CASH,CONFIRMED,,Christian,Pago de Noviembre y Diciembre,TUITION,Christian,2025-11-24 09:06:04.676938-07,,,
a9f44f91-3afc-4da8-b76a-56f72d500f7c,LEGACY-a9f44f91-3afc-4da8-b76a-56f72d500f7c,5cb7777e-5664-4929-b875-cddff5a7c18c,2026-01-12T12:00:00-07:00,1500.00,CASH,CONFIRMED,,Christian,Pago de Enero,TUITION,Christian,2026-01-12 09:19:59.884119-07,,,
aa0f26d2-bc83-4991-a9d4-1bf998533d7b,LEGACY-aa0f26d2-bc83-4991-a9d4-1bf998533d7b,02b5e8d1-89fb-4a1d-a9d3-58817df86b24,2025-09-11T12:00:00-07:00,1600.00,CASH,CONFIRMED,,Christian,septiembre,TUITION,Christian,2025-10-19 17:42:18.376764-07,,,
aa0feeca-f732-4beb-a9bc-c0f5e6e9b9a0,LEGACY-aa0feeca-f732-4beb-a9bc-c0f5e6e9b9a0,2645afb7-c140-490c-b8db-c0dd4fbf6e11,2026-01-19T12:00:00-07:00,1500.00,CASH,CONFIRMED,,Christian,Colegiatura Enero,TUITION,Christian,2026-01-19 11:29:03.673229-07,,,
aa69e6e2-5ac6-4a09-be11-4afc4eaaee44,LEGACY-aa69e6e2-5ac6-4a09-be11-4afc4eaaee44,6d484f92-07ed-4ef5-acde-ed43c7314527,2025-09-15T12:00:00-07:00,2500.00,CASH,CONFIRMED,,Christian,Se hizo en dos pagos se registra en uno,ENROLLMENT_FEE,Christian,2025-10-19 15:59:00.771202-07,,,
aad93533-fa6d-4bce-9fd2-ce997bbd38c2,LEGACY-aad93533-fa6d-4bce-9fd2-ce997bbd38c2,eb5427dd-f41c-4408-8815-26493a90c351,2025-10-30T12:00:00-07:00,1100.00,TRANSFER,CONFIRMED,,Christian,Noviembre,TUITION,Christian,2025-10-30 10:26:52.357732-07,,,
aae19b30-d0ba-45aa-824b-558b1da50152,LEGACY-aae19b30-d0ba-45aa-824b-558b1da50152,69450844-df68-4eb9-a465-967c31417074,2025-02-05T12:00:00-07:00,1100.00,CASH,CONFIRMED,,Christian,periodo preinscripciones,ENROLLMENT_FEE,Christian,2025-10-20 08:22:42.191931-07,,,
ab280011-6074-43fb-9bb0-ca0636a7e668,LEGACY-ab280011-6074-43fb-9bb0-ca0636a7e668,6539fe6a-8f3f-4a06-aa20-dbb71a0a4ccb,2026-05-18T12:00:00-07:00,1600.00,CASH,CONFIRMED,,Christian,Colegiatura Mayo,TUITION,Christian,2026-05-18 08:24:19.360458-07,,,
ab781508-19ec-4efe-a571-28152b6a5c4f,LEGACY-ab781508-19ec-4efe-a571-28152b6a5c4f,f618e808-f64d-40f7-ac44-d3b6ddc0f0a7,2025-11-10T12:00:00-07:00,1500.00,CASH,CONFIRMED,,Christian,mes de noviembre,TUITION,Christian,2025-11-10 09:55:04.045217-07,,,
aba0b4e6-65f9-4856-be37-98fe0e312981,LEGACY-aba0b4e6-65f9-4856-be37-98fe0e312981,a289cbad-dbdb-4e9c-8afd-aeef6bbd7fcb,2025-10-05T12:00:00-07:00,1400.00,CASH,CONFIRMED,,Christian,octubre,TUITION,Christian,2025-10-20 09:43:53.510125-07,,,
abbf616a-84e9-44c8-8bbc-e7831bee6566,LEGACY-abbf616a-84e9-44c8-8bbc-e7831bee6566,95149f3e-bf90-4279-8471-a562bd517960,2026-04-29T12:00:00-07:00,1300.00,CASH,CONFIRMED,,Christian,Colegiatura de Abril,TUITION,Christian,2026-04-29 08:06:49.765168-07,,,
ac04d4d4-b509-4d05-8825-443827336a34,LEGACY-ac04d4d4-b509-4d05-8825-443827336a34,5af22e45-f9f7-4577-b07b-7ce4a7940329,2025-02-19T12:00:00-07:00,1100.00,TRANSFER,CONFIRMED,,Fran,periodo de preinscripciones,ENROLLMENT_FEE,Fran,2025-10-20 09:36:05.758207-07,,,
ac3d09cc-69a2-4500-8cd4-6c0ae35cb963,LEGACY-ac3d09cc-69a2-4500-8cd4-6c0ae35cb963,3523dbd3-f616-4c1d-9a52-db64d88e0b23,2025-02-15T12:00:00-07:00,1100.00,CASH,CONFIRMED,,Christian,periodo preinscripciones,ENROLLMENT_FEE,Christian,2025-10-20 08:17:55.168345-07,,,
ac3d171d-862d-43f7-8d8f-2aaa93a42454,LEGACY-ac3d171d-862d-43f7-8d8f-2aaa93a42454,9ace76f4-cf42-4715-ba18-951ec5af9103,2026-01-27T12:00:00-07:00,1000.00,CASH,CONFIRMED,,Christian,Inscripción de presente ciclo con descuento,ENROLLMENT_FEE,Christian,2026-01-27 09:07:26.954349-07,,,
ae98d2a3-878b-4c12-909f-dc5f1349c222,LEGACY-ae98d2a3-878b-4c12-909f-dc5f1349c222,d8b23e94-04f7-4eed-9748-9c90f9758257,2026-03-17T12:00:00-07:00,3600.00,CASH,CONFIRMED,,Christian,"Pago: Feb, Mar/Ago",TUITION,Christian,2026-03-17 07:47:07.329502-07,,,
af7f7813-43b3-487c-b665-7b6d895687ef,LEGACY-af7f7813-43b3-487c-b665-7b6d895687ef,18f8e872-a787-4eef-953c-1c326065039e,2025-10-29T12:00:00-07:00,1000.00,CASH,CONFIRMED,,Christian,Abono Inscripción,ENROLLMENT_FEE,Christian,2025-10-29 08:46:56.465833-07,,,
afc70949-57f1-4bf3-8815-40c400000291,LEGACY-afc70949-57f1-4bf3-8815-40c400000291,2e6b93f5-df65-49fd-8c38-d2325e1f2a4f,2025-12-01T12:00:00-07:00,900.00,TRANSFER,CONFIRMED,,Christian,Colegiatura de noviembre,TUITION,Christian,2025-12-01 07:57:48.012648-07,,,
afe6e841-49b5-4f89-9696-adf2ddd02d61,LEGACY-afe6e841-49b5-4f89-9696-adf2ddd02d61,d8b23e94-04f7-4eed-9748-9c90f9758257,2025-09-17T12:00:00-07:00,2400.00,CASH,CONFIRMED,,Christian,,ENROLLMENT_FEE,Christian,2025-10-19 17:52:14.361462-07,,,
b004fb13-e4c7-4ad9-9e84-b2f1c0175708,LEGACY-b004fb13-e4c7-4ad9-9e84-b2f1c0175708,6f2f8410-2704-4938-8538-21edb5b8221a,2025-09-08T12:00:00-07:00,1000.00,CASH,CONFIRMED,,Christian,septiembre,TUITION,Christian,2025-10-19 15:56:31.902597-07,,,
b0e9835d-fddd-4d23-837d-3eec41cda10f,LEGACY-b0e9835d-fddd-4d23-837d-3eec41cda10f,18f8e872-a787-4eef-953c-1c326065039e,2026-04-28T12:00:00-07:00,1000.00,CASH,CONFIRMED,,Christian,Colegiatura Abril,TUITION,Christian,2026-04-28 09:16:27.350984-07,,,
b125a396-3a48-4a23-8b0d-bd983cda1f12,LEGACY-b125a396-3a48-4a23-8b0d-bd983cda1f12,0489bdaf-c632-4a1f-9b8e-85dba33a74b0,2025-09-01T12:00:00-07:00,2500.00,CASH,CONFIRMED,,Fran,se desconoce la fecha de pago y el monto sólo se sabe que se hizo a mtra fran,ENROLLMENT_FEE,Fran,2025-10-19 17:01:13.213938-07,,,
b18c066b-b06e-45f7-b275-44a0456e6d66,LEGACY-b18c066b-b06e-45f7-b275-44a0456e6d66,f55dbff7-6831-4d96-8262-f103ccf4bd43,2025-02-02T12:00:00-07:00,1200.00,CASH,CONFIRMED,,Christian,septiembre,TUITION,Christian,2025-10-19 15:34:46.372946-07,,,
b20d2700-3577-41ca-828e-7a259a119bf4,LEGACY-b20d2700-3577-41ca-828e-7a259a119bf4,2fe35f28-fbab-491d-91b2-3d939e6b55bd,2026-01-19T12:00:00-07:00,1500.00,CASH,CONFIRMED,,Christian,Colegiatura Enero,TUITION,Christian,2026-01-19 09:16:56.31817-07,,,
b27efe6b-3414-4d43-a11a-d6a2d12fdef4,LEGACY-b27efe6b-3414-4d43-a11a-d6a2d12fdef4,0489bdaf-c632-4a1f-9b8e-85dba33a74b0,2025-09-30T12:00:00-07:00,1100.00,TRANSFER,CONFIRMED,,Christian,octubre,TUITION,Christian,2025-10-19 17:02:16.710516-07,,,
b329c587-d382-453e-ac1b-7bf8d8a7d821,LEGACY-b329c587-d382-453e-ac1b-7bf8d8a7d821,2e6b93f5-df65-49fd-8c38-d2325e1f2a4f,2025-11-03T12:00:00-07:00,900.00,TRANSFER,CONFIRMED,,Christian,Pago de Octubre,TUITION,Christian,2025-11-03 12:29:12.208356-07,,,
b354bde7-1f04-4334-bdf0-c84784142e40,LEGACY-b354bde7-1f04-4334-bdf0-c84784142e40,4f28d56c-a1e3-4052-87a3-ecd1d9b0d5b6,2026-01-29T12:00:00-07:00,1500.00,TRANSFER,CONFIRMED,,Fran,Colegiatura Enero,TUITION,Fran,2026-02-13 09:14:46.497026-07,,,
b3587a26-8180-4e2c-8d9d-e03df8dec23e,LEGACY-b3587a26-8180-4e2c-8d9d-e03df8dec23e,5cb7777e-5664-4929-b875-cddff5a7c18c,2025-09-08T12:00:00-07:00,1500.00,CASH,CONFIRMED,,Christian,septiembre,TUITION,Christian,2025-10-20 08:06:44.405887-07,,,
b3b17bda-428e-4ec1-a0e3-59e8bbcd0e3e,LEGACY-b3b17bda-428e-4ec1-a0e3-59e8bbcd0e3e,afa0658f-b7b9-4fb1-997b-0e0fcf93b4e1,2025-12-10T12:00:00-07:00,1500.00,CASH,CONFIRMED,,Christian,Abono Diciembre / Julio,TUITION,Christian,2025-12-10 09:14:07.841586-07,,,
b3eb9c57-f6b0-4301-aa1c-330ddc16f8ea,LEGACY-b3eb9c57-f6b0-4301-aa1c-330ddc16f8ea,5b6f10bf-24ec-4e49-8839-dbf02ee4cd75,2026-01-05T12:00:00-07:00,1500.00,TRANSFER,CONFIRMED,,Fran,Pago de Enero,TUITION,Fran,2026-01-12 08:03:29.061565-07,,,
b3fbce86-5e14-427e-833c-2979af5401cc,LEGACY-b3fbce86-5e14-427e-833c-2979af5401cc,58f5f801-a774-4b45-8960-aec7b7127187,2026-02-03T12:00:00-07:00,1600.00,CASH,CONFIRMED,,Christian,Abono a colegiaturas,TUITION,Christian,2026-02-03 08:00:55.22011-07,,,
b6e7f967-719f-428c-84d5-309ebcee0e50,LEGACY-b6e7f967-719f-428c-84d5-309ebcee0e50,2e6b93f5-df65-49fd-8c38-d2325e1f2a4f,2025-10-02T12:00:00-07:00,900.00,TRANSFER,CONFIRMED,,Christian,septiembre,TUITION,Christian,2025-10-20 09:26:55.290559-07,,,
b6f228e6-ce1b-4534-a4bb-6c663a0b9770,LEGACY-b6f228e6-ce1b-4534-a4bb-6c663a0b9770,7babc8a8-10d3-41e2-bb40-868a18dc2300,2026-01-12T12:00:00-07:00,2000.00,CASH,CONFIRMED,,Christian,Abono a colegiatura,TUITION,Christian,2026-01-14 12:29:29.011011-07,,,
b78417c7-1744-485b-a9e3-f80e4923e2a2,LEGACY-b78417c7-1744-485b-a9e3-f80e4923e2a2,6a9b25d0-e6e4-4cf2-94ef-4ba0a59c5b2d,2026-01-12T12:00:00-07:00,1000.00,CASH,CONFIRMED,,Christian,Abono a Diciembre/Julio,TUITION,Christian,2026-01-12 07:57:04.254147-07,,,
b943106c-d45f-4a4b-a2cb-14eb7ba575e8,LEGACY-b943106c-d45f-4a4b-a2cb-14eb7ba575e8,e57db8cf-8012-4fa3-b822-41d98008dc00,2025-08-06T12:00:00-07:00,7500.00,TRANSFER,CONFIRMED,,Fran,"Pagaron desde agosto, el semestre de septiembre hasta diciembre (incluye julio))",TUITION,Fran,2025-10-29 17:53:47.118503-07,,,
ba82b95e-b620-4ba5-904f-4ff25da06da8,LEGACY-ba82b95e-b620-4ba5-904f-4ff25da06da8,58f5f801-a774-4b45-8960-aec7b7127187,2025-09-01T12:00:00-07:00,2500.00,CASH,CONFIRMED,,Fran,,ENROLLMENT_FEE,Fran,2025-10-20 09:14:37.275583-07,,,
bacf792e-e735-46a6-9490-00a8be2a3ddb,LEGACY-bacf792e-e735-46a6-9490-00a8be2a3ddb,5b6f10bf-24ec-4e49-8839-dbf02ee4cd75,2026-02-05T12:00:00-07:00,1500.00,TRANSFER,CONFIRMED,,Fran,Colegiatura Febrero,TUITION,Fran,2026-02-12 12:01:26.549403-07,,,
bb2a0bf6-8463-4404-9e04-dbcf653a42db,LEGACY-bb2a0bf6-8463-4404-9e04-dbcf653a42db,a8144361-4bce-487c-bc3a-949391e8d895,2025-12-08T12:00:00-07:00,1800.00,CASH,CONFIRMED,,Christian,Diciembre Julio,TUITION,Christian,2025-12-08 10:34:52.778403-07,,,
bc8bc859-7db0-46b3-9d7d-7f2deaae7980,LEGACY-bc8bc859-7db0-46b3-9d7d-7f2deaae7980,f425a981-e85a-4cb0-95a0-1de810c18a53,2026-02-13T12:00:00-07:00,1200.00,CASH,CONFIRMED,,Christian,No sé de qué es,TUITION,Christian,2026-02-13 09:08:16.359314-07,,,
bcadceab-4030-43c3-9891-7a0c03fea0c1,LEGACY-bcadceab-4030-43c3-9891-7a0c03fea0c1,83744ef9-a5f4-4c6a-9c81-a6ea4f9507cf,2025-09-01T12:00:00-07:00,2500.00,TRANSFER,CONFIRMED,,Fran,,ENROLLMENT_FEE,Fran,2025-10-20 08:01:25.720509-07,,,
bcc3d777-401a-4591-87ee-65996851b5c6,LEGACY-bcc3d777-401a-4591-87ee-65996851b5c6,a8144361-4bce-487c-bc3a-949391e8d895,2026-03-13T12:00:00-07:00,1800.00,TRANSFER,CONFIRMED,,Christian,Marzo/Agosto,TUITION,Christian,2026-05-16 07:48:53.785062-07,,,
bcd938cd-1de6-4917-bf3c-e194d0af7bd5,LEGACY-bcd938cd-1de6-4917-bf3c-e194d0af7bd5,209dac48-1e05-4390-a5da-676e1ee3b311,2025-11-13T12:00:00-07:00,1250.00,TRANSFER,CONFIRMED,,Christian,Finiquito de inscripcion.,ENROLLMENT_FEE,Christian,2025-11-13 08:12:30.7682-07,,,
bd4281df-653e-49a3-b483-797c745f0ffa,LEGACY-bd4281df-653e-49a3-b483-797c745f0ffa,ea4ba647-d045-4e06-ae83-397c1aa0fb8d,2026-03-13T12:00:00-07:00,3000.00,CASH,CONFIRMED,,Christian,Colegiatura Marzo/Agosto,TUITION,Christian,2026-03-13 08:46:24.897091-07,,,
bd918161-c922-4ff5-a871-0fadbe570ccd,LEGACY-bd918161-c922-4ff5-a871-0fadbe570ccd,df9c3a2b-804a-47bc-9b11-eb45575dad16,2026-04-14T12:00:00-07:00,1200.00,TRANSFER,CONFIRMED,,Christian,Colegiatura Abril,TUITION,Christian,2026-04-14 07:59:46.23667-07,,,
be2b4057-c9f4-454d-bf03-995137990ded,LEGACY-be2b4057-c9f4-454d-bf03-995137990ded,f5bb300e-d8ed-4cca-b176-cb11e46338bd,2025-12-11T12:00:00-07:00,2800.00,CASH,CONFIRMED,,Fran,Pago de Diembre y Julio,TUITION,Fran,2026-01-19 07:51:30.307619-07,,,
beed1c7e-630f-4201-97f5-538795bc9896,LEGACY-beed1c7e-630f-4201-97f5-538795bc9896,d8b23e94-04f7-4eed-9748-9c90f9758257,2026-05-27T12:00:00-07:00,1200.00,CASH,CONFIRMED,,Christian,Mes de Mayo,TUITION,Christian,2026-05-27 07:42:53.46789-07,,,
c025536c-4ee7-45a8-85dd-3b354a60537a,LEGACY-c025536c-4ee7-45a8-85dd-3b354a60537a,5b6f10bf-24ec-4e49-8839-dbf02ee4cd75,2025-10-30T12:00:00-07:00,1500.00,TRANSFER,CONFIRMED,,Fran,Noviembre,TUITION,Fran,2025-10-31 09:34:48.309909-07,,,
c072b3cf-74cb-47fa-9422-97fba985dce2,LEGACY-c072b3cf-74cb-47fa-9422-97fba985dce2,ea4ba647-d045-4e06-ae83-397c1aa0fb8d,2026-04-16T12:00:00-07:00,1500.00,CASH,CONFIRMED,,Fran,Colegiatura Abril,TUITION,Fran,2026-05-18 08:43:49.3191-07,,,
c09ea285-8e0a-4e4b-8aa9-f320ab49ef73,LEGACY-c09ea285-8e0a-4e4b-8aa9-f320ab49ef73,6a9b25d0-e6e4-4cf2-94ef-4ba0a59c5b2d,2026-01-29T12:00:00-07:00,1000.00,CASH,CONFIRMED,,Fran,Colegiatura Enero,TUITION,Fran,2026-02-05 07:51:10.216431-07,,,
c0a3147b-ffd1-4c72-851b-047294ab746e,LEGACY-c0a3147b-ffd1-4c72-851b-047294ab746e,562676d8-327a-4012-97e1-f0cfefc685b0,2026-05-14T12:00:00-07:00,4500.00,TRANSFER,CONFIRMED,,Christian,Abono a colegiaturas,TUITION,Christian,2026-05-14 08:36:11.795291-07,,,
c0b8f576-284e-4759-a40d-625bb397c616,LEGACY-c0b8f576-284e-4759-a40d-625bb397c616,562676d8-327a-4012-97e1-f0cfefc685b0,2025-02-05T12:00:00-07:00,1100.00,CASH,CONFIRMED,,Fran,Se comenta se hizo el pago con mtra fran,ENROLLMENT_FEE,Fran,2025-10-20 09:48:43.069923-07,,,
c0c2006d-5155-41c9-beb5-474358791493,LEGACY-c0c2006d-5155-41c9-beb5-474358791493,afa0658f-b7b9-4fb1-997b-0e0fcf93b4e1,2026-04-15T12:00:00-07:00,1500.00,TRANSFER,CONFIRMED,,Fran,Colegiatura Marzo,TUITION,Fran,2026-04-17 07:50:47.729986-07,,,
c13561ee-69bc-402a-8051-85ddec2e2e43,LEGACY-c13561ee-69bc-402a-8051-85ddec2e2e43,18f8e872-a787-4eef-953c-1c326065039e,2025-12-08T12:00:00-07:00,500.00,CASH,CONFIRMED,,Christian,Resto de Inscripción,ENROLLMENT_FEE,Christian,2025-12-08 10:32:48.854642-07,,,
c1489dfa-fb75-47af-a6b2-3bc6f67cf2f5,LEGACY-c1489dfa-fb75-47af-a6b2-3bc6f67cf2f5,0489bdaf-c632-4a1f-9b8e-85dba33a74b0,2025-11-26T12:00:00-07:00,1100.00,CASH,CONFIRMED,,Fran,pago a colegiaturas,TUITION,Fran,2025-12-01 11:55:04.642257-07,,,
c1cd11f1-12e7-460e-85cd-bc8dea332955,LEGACY-c1cd11f1-12e7-460e-85cd-bc8dea332955,81db6f65-f0d0-45e2-93d7-8d0e5c3dc56a,2026-05-22T12:00:00-07:00,1000.00,CASH,CONFIRMED,,Christian,,TUITION,Christian,2026-05-22 09:48:09.872004-07,,,
c1ed75cf-64b3-41e0-9192-c36d05aa17cf,LEGACY-c1ed75cf-64b3-41e0-9192-c36d05aa17cf,f5bb300e-d8ed-4cca-b176-cb11e46338bd,2026-06-05T12:00:00-07:00,1400.00,CASH,CONFIRMED,,Christian,Junio,TUITION,Christian,2026-06-05 07:51:28.792309-07,,,
c1fb6dd6-664e-4898-9df7-b6ef181a65a9,LEGACY-c1fb6dd6-664e-4898-9df7-b6ef181a65a9,02b5e8d1-89fb-4a1d-a9d3-58817df86b24,2025-10-02T12:00:00-07:00,1600.00,CASH,CONFIRMED,,Christian,octubre,TUITION,Christian,2025-10-19 17:42:39.901507-07,,,
c275e866-a24f-4ee9-9155-8aec3ea76be9,LEGACY-c275e866-a24f-4ee9-9155-8aec3ea76be9,2e6b93f5-df65-49fd-8c38-d2325e1f2a4f,2026-05-15T12:00:00-07:00,900.00,TRANSFER,CONFIRMED,,Christian,Pago de Agosto,TUITION,Christian,2026-05-16 07:47:15.792165-07,,,
c2ab93c8-d0b7-45a2-b4b6-a21f56489da2,LEGACY-c2ab93c8-d0b7-45a2-b4b6-a21f56489da2,95149f3e-bf90-4279-8471-a562bd517960,2025-09-01T12:00:00-07:00,2500.00,CASH,CONFIRMED,,Fran,,ENROLLMENT_FEE,Fran,2025-10-20 07:58:50.656837-07,,,
c30e0b5d-9f87-427e-a0a8-5d187dae92cd,LEGACY-c30e0b5d-9f87-427e-a0a8-5d187dae92cd,81db6f65-f0d0-45e2-93d7-8d0e5c3dc56a,2025-09-08T12:00:00-07:00,1000.00,CASH,CONFIRMED,,Christian,septiembre,TUITION,Christian,2025-10-19 15:27:27.135832-07,,,
c3951197-15ae-40cb-a607-92906e7a3e8e,LEGACY-c3951197-15ae-40cb-a607-92906e7a3e8e,eb5427dd-f41c-4408-8815-26493a90c351,2025-09-01T12:00:00-07:00,1100.00,TRANSFER,CONFIRMED,,Christian,septiembre,TUITION,Christian,2025-10-19 16:36:34.409755-07,,,
c39dde40-a0e3-40d1-9a0e-2490ede89da4,LEGACY-c39dde40-a0e3-40d1-9a0e-2490ede89da4,ae5f806a-46b0-4a53-8eb3-9a5dd3e9d0dd,2026-03-09T12:00:00-07:00,1300.00,CASH,CONFIRMED,,Christian,Colegiatura de Enero,TUITION,Christian,2026-03-09 08:06:13.715012-07,,,
c39f2b70-3bec-4546-b00d-f52e073b1845,LEGACY-c39f2b70-3bec-4546-b00d-f52e073b1845,58f5f801-a774-4b45-8960-aec7b7127187,2026-03-09T12:00:00-07:00,1600.00,CASH,CONFIRMED,,Christian,Colegiatura Enero,TUITION,Christian,2026-03-09 07:58:46.074995-07,,,
c40e4ba3-4fa0-4d00-bd3d-9a0b0a224861,LEGACY-c40e4ba3-4fa0-4d00-bd3d-9a0b0a224861,fdee6234-bf6d-4d45-bbd4-731a1c453987,2026-05-05T12:00:00-07:00,950.00,TRANSFER,CONFIRMED,,Fran,,TUITION,Fran,2026-06-05 08:08:25.615531-07,,,
c451bbf4-02e8-4c55-add6-6218dd1315b3,LEGACY-c451bbf4-02e8-4c55-add6-6218dd1315b3,f425a981-e85a-4cb0-95a0-1de810c18a53,2025-09-04T12:00:00-07:00,2500.00,TRANSFER,CONFIRMED,,Fran,,ENROLLMENT_FEE,Fran,2025-10-19 16:24:51.614576-07,,,
c4581c41-c806-46f7-8a76-e09030398183,LEGACY-c4581c41-c806-46f7-8a76-e09030398183,0a79ced7-bab3-44d8-89da-e166880163bd,2026-02-12T12:00:00-07:00,900.00,CASH,CONFIRMED,,Christian,Enero,TUITION,Christian,2026-02-12 08:23:41.455419-07,,,
c46faf5d-1c87-47d9-ad34-2940b28c329a,LEGACY-c46faf5d-1c87-47d9-ad34-2940b28c329a,317e5fd7-d8e6-4476-b348-a0a726649924,2025-12-03T12:00:00-07:00,750.00,CASH,CONFIRMED,,Christian,Abono,TUITION,Christian,2025-12-03 10:18:59.114915-07,,,
c47c487c-031c-4fe3-97b0-f5bef5be036a,LEGACY-c47c487c-031c-4fe3-97b0-f5bef5be036a,d8b23e94-04f7-4eed-9748-9c90f9758257,2025-09-02T12:00:00-07:00,1200.00,CASH,CONFIRMED,,Christian,septiembre,TUITION,Christian,2025-10-19 17:52:31.44517-07,,,
c4f948e0-17ec-4d26-aba1-a4382a7b4059,LEGACY-c4f948e0-17ec-4d26-aba1-a4382a7b4059,61ed3b0d-3542-46bc-a02d-4f73b36cffd3,2025-12-02T12:00:00-07:00,2200.00,CASH,CONFIRMED,,Christian,Mes Diciembre/Julio,TUITION,Christian,2025-12-02 08:36:19.304184-07,,,
c6681ab9-0750-480e-a7ea-1f6703ac43d1,LEGACY-c6681ab9-0750-480e-a7ea-1f6703ac43d1,6539fe6a-8f3f-4a06-aa20-dbb71a0a4ccb,2026-04-20T12:00:00-07:00,1600.00,TRANSFER,CONFIRMED,,Fran,Colegiatura Abril,TUITION,Fran,2026-04-20 08:27:57.255049-07,,,
c8477740-7d49-4f92-928a-350237c99d41,LEGACY-c8477740-7d49-4f92-928a-350237c99d41,df9c3a2b-804a-47bc-9b11-eb45575dad16,2025-10-30T12:00:00-07:00,200.00,TRANSFER,CONFIRMED,,Christian,"Ajuste: se había anotado mal en el pago anterior, solo se completa el monto.",TUITION,Christian,2025-11-14 08:21:53.111852-07,,,
c8ae07ae-8f93-4a76-93d1-37b612919e7f,LEGACY-c8ae07ae-8f93-4a76-93d1-37b612919e7f,df9c3a2b-804a-47bc-9b11-eb45575dad16,2025-10-30T12:00:00-07:00,2200.00,TRANSFER,CONFIRMED,,Christian,Pago de Octubre y Noviembre,TUITION,Christian,2025-10-30 12:45:29.130653-07,,,
c99db985-5a39-41d0-ac51-89ead7b39c23,LEGACY-c99db985-5a39-41d0-ac51-89ead7b39c23,ae5f806a-46b0-4a53-8eb3-9a5dd3e9d0dd,2026-04-13T12:00:00-07:00,2600.00,CASH,CONFIRMED,,Christian,Febrero y Marzo,TUITION,Christian,2026-04-13 07:55:30.691654-07,,,
c9adc7e2-70a3-44b0-80a9-8a2c64f608df,LEGACY-c9adc7e2-70a3-44b0-80a9-8a2c64f608df,f618e808-f64d-40f7-ac44-d3b6ddc0f0a7,2026-06-05T12:00:00-07:00,3000.00,CASH,CONFIRMED,,Christian,Mayo y Junio,TUITION,Christian,2026-06-05 07:58:38.049922-07,,,
ca072c44-595d-4467-9961-fee1a6904833,LEGACY-ca072c44-595d-4467-9961-fee1a6904833,0e861609-c592-4713-bfad-a86c2f7d1c00,2025-12-15T12:00:00-07:00,3200.00,CASH,CONFIRMED,,Christian,Pago Diciembre Julio,TUITION,Christian,2025-12-15 08:12:25.10726-07,,,
ca98466e-1304-4172-ba16-351539bc4d81,LEGACY-ca98466e-1304-4172-ba16-351539bc4d81,fa437269-6375-40e4-87dc-f133c454a67b,2025-12-01T12:00:00-07:00,1800.00,TRANSFER,CONFIRMED,,Fran,,TUITION,Fran,2026-03-02 10:10:15.749224-07,,,
cad35c64-70da-46a8-bbd9-4da006d81bf2,LEGACY-cad35c64-70da-46a8-bbd9-4da006d81bf2,533aa94a-8eb8-436d-82ac-cb0d104f816e,2025-10-02T12:00:00-07:00,900.00,CASH,CONFIRMED,,Christian,septiembre,TUITION,Christian,2025-10-20 09:30:01.633107-07,,,
caf2abf0-b4fb-42f4-92cb-24e5b5a916f3,LEGACY-caf2abf0-b4fb-42f4-92cb-24e5b5a916f3,6d484f92-07ed-4ef5-acde-ed43c7314527,2025-12-02T12:00:00-07:00,3000.00,CASH,CONFIRMED,,Christian,Colegiaturas Diciembre/Julio,TUITION,Christian,2025-12-02 08:51:17.424667-07,,,
cb18d6bc-1a66-4cd2-8602-c205e5cb1455,LEGACY-cb18d6bc-1a66-4cd2-8602-c205e5cb1455,5af22e45-f9f7-4577-b07b-7ce4a7940329,2025-12-05T12:00:00-07:00,3000.00,TRANSFER,CONFIRMED,,Fran,Anotado extemporáneo,TUITION,Fran,2026-02-05 07:58:56.2065-07,,,
cc4bc6ac-b300-48e5-9fe6-8d59a2b3d115,LEGACY-cc4bc6ac-b300-48e5-9fe6-8d59a2b3d115,2a0d752a-79d5-4658-bf0d-64b137383ac6,2026-03-02T12:00:00-07:00,900.00,TRANSFER,CONFIRMED,,Fran,Colegiatura Febrero,TUITION,Fran,2026-03-02 10:12:23.461065-07,,,
ccd80d7c-165a-42f1-bf7d-5677c26d89b1,LEGACY-ccd80d7c-165a-42f1-bf7d-5677c26d89b1,2bc201a6-4c7f-402c-9ed1-a2310ae79d3c,2025-10-03T12:00:00-07:00,1500.00,TRANSFER,CONFIRMED,,Fran,octubre,TUITION,Fran,2025-10-19 15:19:08.631702-07,,,
cd0738ff-7254-4a6f-9873-41b53a99fcff,LEGACY-cd0738ff-7254-4a6f-9873-41b53a99fcff,2bc201a6-4c7f-402c-9ed1-a2310ae79d3c,2026-06-03T12:00:00-07:00,1500.00,TRANSFER,CONFIRMED,,Fran,,TUITION,Fran,2026-06-24 10:09:00.601551-07,,,
cd6ba61b-ae0c-4f52-921b-e14d46526b9b,LEGACY-cd6ba61b-ae0c-4f52-921b-e14d46526b9b,2bc201a6-4c7f-402c-9ed1-a2310ae79d3c,2025-11-03T12:00:00-07:00,1500.00,TRANSFER,CONFIRMED,,Fran,Noviembre,TUITION,Fran,2025-11-03 09:58:39.195247-07,,,
cdcc222a-e547-4d1a-96f9-51bc2cdfce73,LEGACY-cdcc222a-e547-4d1a-96f9-51bc2cdfce73,533aa94a-8eb8-436d-82ac-cb0d104f816e,2026-05-13T12:00:00-07:00,900.00,TRANSFER,CONFIRMED,,Christian,900,TUITION,Christian,2026-05-16 07:53:38.967592-07,,,
cde5829e-4404-4aa9-80fd-3826349cdce6,LEGACY-cde5829e-4404-4aa9-80fd-3826349cdce6,fdee6234-bf6d-4d45-bbd4-731a1c453987,2026-01-19T12:00:00-07:00,950.00,TRANSFER,CONFIRMED,,Fran,Pago a colegiaturas,TUITION,Fran,2026-01-19 09:10:17.538172-07,,,
ce501381-6a93-42df-ba13-1b768e1cb67c,LEGACY-ce501381-6a93-42df-ba13-1b768e1cb67c,9ace76f4-cf42-4715-ba18-951ec5af9103,2026-03-03T12:00:00-07:00,1000.00,CASH,CONFIRMED,,Christian,Colegiatura,TUITION,Christian,2026-03-03 09:10:36.758795-07,,,
cf7ccfd7-d831-45ea-ae60-78eb33503b1c,LEGACY-cf7ccfd7-d831-45ea-ae60-78eb33503b1c,2bc201a6-4c7f-402c-9ed1-a2310ae79d3c,2026-01-19T12:00:00-07:00,1500.00,TRANSFER,CONFIRMED,,Fran,Colegiatura Enero,TUITION,Fran,2026-01-19 11:33:59.183-07,,,
cfa93cd6-80d8-4e9c-a3d5-76200a065566,LEGACY-cfa93cd6-80d8-4e9c-a3d5-76200a065566,81db6f65-f0d0-45e2-93d7-8d0e5c3dc56a,2025-12-01T12:00:00-07:00,1000.00,CASH,CONFIRMED,,Christian,Pago de noviembre,TUITION,Christian,2025-12-01 08:47:19.679193-07,,,
d0026d67-1665-4147-8658-1c3356f87ad4,LEGACY-d0026d67-1665-4147-8658-1c3356f87ad4,69450844-df68-4eb9-a465-967c31417074,2026-01-14T12:00:00-07:00,4800.00,CASH,CONFIRMED,,Christian,Pago Diciembre/Julio y enero,TUITION,Christian,2026-01-14 08:07:55.413348-07,,,
d002fc23-4395-404c-87f8-297d59353bd3,LEGACY-d002fc23-4395-404c-87f8-297d59353bd3,6a9b25d0-e6e4-4cf2-94ef-4ba0a59c5b2d,2025-12-01T12:00:00-07:00,1000.00,CASH,CONFIRMED,,Christian,Pago de novimebre,TUITION,Christian,2025-12-01 08:47:39.234313-07,,,
d167c11b-813c-470e-96c1-e42e3e627d0e,LEGACY-d167c11b-813c-470e-96c1-e42e3e627d0e,fdee6234-bf6d-4d45-bbd4-731a1c453987,2025-02-15T12:00:00-07:00,1100.00,TRANSFER,CONFIRMED,,Fran,periodo de preinscripciones,ENROLLMENT_FEE,Fran,2025-10-20 09:01:14.35219-07,,,
d23567ba-78c8-4e0a-81e0-c202e5d63a37,LEGACY-d23567ba-78c8-4e0a-81e0-c202e5d63a37,3f41b6c5-35cb-41d3-a974-762ad0f1c7f3,2025-11-04T12:00:00-07:00,2500.00,TRANSFER,CONFIRMED,,Christian,Pago a Inscripción,ENROLLMENT_FEE,Christian,2025-11-04 07:37:45.759875-07,,,
d2fd05cb-c9b3-4a11-a027-e49e75c4dd12,LEGACY-d2fd05cb-c9b3-4a11-a027-e49e75c4dd12,2e6b93f5-df65-49fd-8c38-d2325e1f2a4f,2026-03-16T12:00:00-07:00,900.00,TRANSFER,CONFIRMED,,Christian,,TUITION,Christian,2026-03-20 07:55:44.832886-07,,,
d3708c6a-9d89-4111-925c-2792788ee413,LEGACY-d3708c6a-9d89-4111-925c-2792788ee413,845acc82-5357-4263-a24c-e03f7ea60a49,2025-12-08T12:00:00-07:00,1800.00,CASH,CONFIRMED,,Christian,Colegiatura Diciembre / Julio,TUITION,Christian,2025-12-08 10:35:18.067222-07,,,
d61dcb0c-8e41-4bde-a4dc-7485fed914f6,LEGACY-d61dcb0c-8e41-4bde-a4dc-7485fed914f6,eb5427dd-f41c-4408-8815-26493a90c351,2025-12-02T12:00:00-07:00,1100.00,TRANSFER,CONFIRMED,,Christian,Abono Diciembre / Julio,TUITION,Christian,2025-12-02 10:48:59.763546-07,,,
d656411f-b07e-477c-98df-49e6b56042cb,LEGACY-d656411f-b07e-477c-98df-49e6b56042cb,f55dbff7-6831-4d96-8262-f103ccf4bd43,2026-02-05T12:00:00-07:00,1200.00,TRANSFER,CONFIRMED,,Christian,Abono a colegiatura,TUITION,Christian,2026-02-05 08:04:05.143095-07,,,
d66f56b9-901f-4926-8454-866c0a147ba0,LEGACY-d66f56b9-901f-4926-8454-866c0a147ba0,a6b37970-a2fa-4a7b-8b11-d3e5151b40b3,2025-10-01T12:00:00-07:00,3200.00,TRANSFER,CONFIRMED,,Christian,septiembre y octubre en una exhibición,TUITION,Christian,2025-10-20 09:47:11.637798-07,,,
d7257aad-6b7a-4eff-9656-3b0430e0835e,LEGACY-d7257aad-6b7a-4eff-9656-3b0430e0835e,061d5f0c-2ec0-4698-a862-38cdd50d237d,2026-06-02T12:00:00-07:00,1500.00,CASH,CONFIRMED,,Fran,,TUITION,Fran,2026-06-05 07:38:08.084468-07,,,
d80d5d66-dda6-44cf-82b4-f54fbd11013d,LEGACY-d80d5d66-dda6-44cf-82b4-f54fbd11013d,1e3beb16-3079-4aaa-93fc-a0203720434d,2025-09-01T12:00:00-07:00,2500.00,TRANSFER,CONFIRMED,,Fran,,ENROLLMENT_FEE,Fran,2025-10-20 08:11:49.997893-07,,,
d89ceef5-aeb7-46dc-8031-5f3b3cf23816,LEGACY-d89ceef5-aeb7-46dc-8031-5f3b3cf23816,5af22e45-f9f7-4577-b07b-7ce4a7940329,2025-11-05T12:00:00-07:00,1500.00,TRANSFER,CONFIRMED,,Fran,Anotado extemporáneo,TUITION,Fran,2026-02-05 07:58:36.718454-07,,,
d90260f3-e689-435c-aef7-1259c255ff2d,LEGACY-d90260f3-e689-435c-aef7-1259c255ff2d,7babc8a8-10d3-41e2-bb40-868a18dc2300,2025-10-03T12:00:00-07:00,2000.00,CASH,CONFIRMED,,Christian,Abono inscripción,ENROLLMENT_FEE,Christian,2025-10-20 09:04:22.824412-07,,,
d928cecd-6097-4c6a-9b56-1e5cc8e3f7ca,LEGACY-d928cecd-6097-4c6a-9b56-1e5cc8e3f7ca,2a0d752a-79d5-4658-bf0d-64b137383ac6,2026-04-22T12:00:00-07:00,2700.00,TRANSFER,CONFIRMED,,Fran,"Colegiatura: Marzo/Agosto, Abril",TUITION,Fran,2026-04-22 10:04:24.33551-07,,,
d95054e7-bb23-4dfc-83cd-579312eecb35,LEGACY-d95054e7-bb23-4dfc-83cd-579312eecb35,533aa94a-8eb8-436d-82ac-cb0d104f816e,2025-02-15T12:00:00-07:00,1100.00,CASH,CONFIRMED,,Christian,periodo de preinscripciones,ENROLLMENT_FEE,Christian,2025-10-20 09:29:43.462566-07,,,
d96de222-3604-4442-a506-05acd0095308,LEGACY-d96de222-3604-4442-a506-05acd0095308,e2808836-b027-41af-8918-de113abd6e4a,2025-10-02T12:00:00-07:00,1600.00,CASH,CONFIRMED,,Christian,septiembre,TUITION,Christian,2025-10-20 08:27:18.355399-07,,,
d9845102-6c09-4f30-a28d-58532e013419,LEGACY-d9845102-6c09-4f30-a28d-58532e013419,3f6663d7-9b89-4ea2-9f06-5035caff6390,2025-11-30T12:00:00-07:00,900.00,TRANSFER,CONFIRMED,,Christian,Colegiatura Noviembre,TUITION,Christian,2026-01-20 08:19:13.327591-07,,,
d9be47c1-f4a1-421d-8e40-b5e6ef4160ec,LEGACY-d9be47c1-f4a1-421d-8e40-b5e6ef4160ec,58f5f801-a774-4b45-8960-aec7b7127187,2025-12-08T12:00:00-07:00,1600.00,CASH,CONFIRMED,,Christian,Pago de Noviembre,TUITION,Christian,2025-12-08 08:03:56.305581-07,,,
d9ed42cf-76a6-4046-86d0-26b2cc31fc25,LEGACY-d9ed42cf-76a6-4046-86d0-26b2cc31fc25,69450844-df68-4eb9-a465-967c31417074,2025-10-13T12:00:00-07:00,1600.00,CASH,CONFIRMED,,Christian,octubre,TUITION,Christian,2025-10-20 08:23:19.530892-07,,,
da17e734-7faa-4563-a024-14f8ced22062,LEGACY-da17e734-7faa-4563-a024-14f8ced22062,fa437269-6375-40e4-87dc-f133c454a67b,2025-02-10T12:00:00-07:00,1100.00,CASH,CONFIRMED,,Christian,periodo preinscripciones,ENROLLMENT_FEE,Christian,2025-10-19 16:40:23.448981-07,,,
da33167e-2f94-4e86-9b1f-7b648f0acc42,LEGACY-da33167e-2f94-4e86-9b1f-7b648f0acc42,6d484f92-07ed-4ef5-acde-ed43c7314527,2026-02-03T12:00:00-07:00,1500.00,CASH,CONFIRMED,,Christian,(anterior no registré completo),TUITION,Christian,2026-02-03 09:10:12.718864-07,,,
dc1c2396-e6e5-49b1-9c5d-ae2def208451,LEGACY-dc1c2396-e6e5-49b1-9c5d-ae2def208451,2a01ea65-7487-4834-ab23-855018d8868e,2026-02-18T12:00:00-07:00,7500.00,CASH,CONFIRMED,,Fran,Colegiaturas no registradas en tiempo y forma,TUITION,Fran,2026-04-14 07:54:02.428885-07,,,
dcc57b24-b9fc-421f-ab19-8d4657a735d5,LEGACY-dcc57b24-b9fc-421f-ab19-8d4657a735d5,ea4ba647-d045-4e06-ae83-397c1aa0fb8d,2026-01-19T12:00:00-07:00,1500.00,CASH,CONFIRMED,,Christian,Colegiatura Enero,TUITION,Christian,2026-01-19 08:53:31.537631-07,,,
dcdf18c4-4aec-4f5c-9d50-7111be51ae28,LEGACY-dcdf18c4-4aec-4f5c-9d50-7111be51ae28,f55dbff7-6831-4d96-8262-f103ccf4bd43,2025-11-04T12:00:00-07:00,1200.00,TRANSFER,CONFIRMED,,Christian,Pago de noviembre,TUITION,Christian,2025-11-04 07:49:42.372328-07,,,
dd18c007-9a14-426a-acf4-29adc3ecfdeb,LEGACY-dd18c007-9a14-426a-acf4-29adc3ecfdeb,58f5f801-a774-4b45-8960-aec7b7127187,2025-10-02T12:00:00-07:00,1600.00,CASH,CONFIRMED,,Christian,septiembre,TUITION,Christian,2025-10-20 09:15:09.64564-07,,,
dd79ec45-2a60-442d-b84c-b39128a7df28,LEGACY-dd79ec45-2a60-442d-b84c-b39128a7df28,f0fe1f2d-d8f7-4f5d-b713-d15b3cc1f577,2025-09-01T12:00:00-07:00,2500.00,CASH,CONFIRMED,,Fran,No se tiene fecha ni cantidad sólo se sabe que se pago con mtra fran,ENROLLMENT_FEE,Fran,2025-10-19 17:22:20.791813-07,,,
df2f15d2-2a5c-47a9-aa5e-14a332fb7ec4,LEGACY-df2f15d2-2a5c-47a9-aa5e-14a332fb7ec4,3f6663d7-9b89-4ea2-9f06-5035caff6390,2026-03-16T12:00:00-07:00,900.00,TRANSFER,CONFIRMED,,Christian,,TUITION,Christian,2026-03-20 07:55:31.516451-07,,,
e22a3e80-ae48-418a-867e-5aeca027a81a,LEGACY-e22a3e80-ae48-418a-867e-5aeca027a81a,533aa94a-8eb8-436d-82ac-cb0d104f816e,2025-12-11T12:00:00-07:00,1800.00,CASH,CONFIRMED,,Christian,Colegiaturas Diciembre / Julio,TUITION,Christian,2025-12-11 10:55:59.689115-07,,,
e234dca0-e1cb-4088-be42-ac8b0a95b2a0,LEGACY-e234dca0-e1cb-4088-be42-ac8b0a95b2a0,6f2f8410-2704-4938-8538-21edb5b8221a,2026-03-05T12:00:00-07:00,1000.00,CASH,CONFIRMED,,Citlali,Colegiatura Marzo,TUITION,Citlali,2026-04-17 08:24:42.061922-07,,,
e2469095-39fb-4ab4-bdad-1ec7e6c15f25,LEGACY-e2469095-39fb-4ab4-bdad-1ec7e6c15f25,2bc201a6-4c7f-402c-9ed1-a2310ae79d3c,2026-03-05T12:00:00-07:00,1500.00,TRANSFER,CONFIRMED,,Fran,Abono Marzo/Agosto,TUITION,Fran,2026-03-09 08:01:58.249949-07,,,
e2a26ea0-bb7a-4f22-be72-462c71309478,LEGACY-e2a26ea0-bb7a-4f22-be72-462c71309478,bfce22f5-d7f1-4b93-8fc1-eb5907831b0c,2025-09-01T12:00:00-07:00,1500.00,TRANSFER,CONFIRMED,,Fran,"Pago de septiembre, manda captura de transferencia por 3000 donde paga agosto y septiembre el 29oct25",TUITION,Fran,2025-10-29 13:23:23.580745-07,,,
e301a4ac-4181-4055-91cc-276aac7f987b,LEGACY-e301a4ac-4181-4055-91cc-276aac7f987b,afa0658f-b7b9-4fb1-997b-0e0fcf93b4e1,2025-09-17T12:00:00-07:00,1500.00,TRANSFER,CONFIRMED,,Fran,Septiembre BBVA,TUITION,Fran,2025-10-28 10:05:03.846454-07,,,
e3149309-7e41-4846-b754-e686421fb101,LEGACY-e3149309-7e41-4846-b754-e686421fb101,e2808836-b027-41af-8918-de113abd6e4a,2025-10-09T12:00:00-07:00,1600.00,CASH,CONFIRMED,,Christian,octubre,TUITION,Christian,2025-10-20 08:55:34.925715-07,,,
e32b435c-6b71-4ac6-ab31-fdbe4b3acd4f,LEGACY-e32b435c-6b71-4ac6-ab31-fdbe4b3acd4f,bfce22f5-d7f1-4b93-8fc1-eb5907831b0c,2025-10-02T12:00:00-07:00,100.00,TRANSFER,CONFIRMED,,Fran,"Abono a Octubre, la transferencia fue de 1300, sólo se anotaron 1200, error interno.",TUITION,Fran,2025-10-30 10:23:13.455814-07,,,
e4245bf8-6b80-44d2-8f66-61da53409aa8,LEGACY-e4245bf8-6b80-44d2-8f66-61da53409aa8,61ed3b0d-3542-46bc-a02d-4f73b36cffd3,2026-03-03T12:00:00-07:00,1100.00,CASH,CONFIRMED,,Christian,,TUITION,Christian,2026-03-03 10:46:26.790565-07,,,
e4f4179f-81d4-43ac-8e2c-95acb1e3f4e5,LEGACY-e4f4179f-81d4-43ac-8e2c-95acb1e3f4e5,0e861609-c592-4713-bfad-a86c2f7d1c00,2025-09-01T12:00:00-07:00,2500.00,CASH,CONFIRMED,,Fran,no se sabe cuando se realizó el pago sólo que se hizo con mtra fran,ENROLLMENT_FEE,Fran,2025-10-19 17:46:01.710812-07,,,
e52c361c-939b-46de-9701-597be913c647,LEGACY-e52c361c-939b-46de-9701-597be913c647,bfce22f5-d7f1-4b93-8fc1-eb5907831b0c,2025-10-03T12:00:00-07:00,200.00,CASH,CONFIRMED,,Fran,Finiquito a Octubre,TUITION,Fran,2025-10-30 10:16:44.290553-07,,,
e5313580-39b4-456a-9800-27cd79d4e3e6,LEGACY-e5313580-39b4-456a-9800-27cd79d4e3e6,2645afb7-c140-490c-b8db-c0dd4fbf6e11,2026-02-03T12:00:00-07:00,1500.00,CASH,CONFIRMED,,Christian,Colegiatura Enero,TUITION,Christian,2026-02-03 09:03:01.197875-07,,,
e634a77e-ac8e-4042-bbc5-e57817e03e23,LEGACY-e634a77e-ac8e-4042-bbc5-e57817e03e23,317e5fd7-d8e6-4476-b348-a0a726649924,2025-11-14T12:00:00-07:00,500.00,TRANSFER,CONFIRMED,,Fran,Abono pendiente de registrar,TUITION,Fran,2025-12-03 10:19:57.799606-07,,,
e637b627-3063-461a-bb4b-59376ab92308,LEGACY-e637b627-3063-461a-bb4b-59376ab92308,845acc82-5357-4263-a24c-e03f7ea60a49,2026-02-09T12:00:00-07:00,900.00,TRANSFER,CONFIRMED,,Christian,Colegiatura Enero,TUITION,Christian,2026-02-13 09:02:48.1813-07,,,
e70b2cee-e950-48f5-b439-79a0f08c0edc,LEGACY-e70b2cee-e950-48f5-b439-79a0f08c0edc,ae5f806a-46b0-4a53-8eb3-9a5dd3e9d0dd,2025-10-02T12:00:00-07:00,1300.00,CASH,CONFIRMED,,Christian,septiembre,TUITION,Christian,2025-10-20 07:47:33.711244-07,,,
e80053b4-2b92-488c-9bfd-6cfa67ea8a07,LEGACY-e80053b4-2b92-488c-9bfd-6cfa67ea8a07,0e861609-c592-4713-bfad-a86c2f7d1c00,2025-11-24T12:00:00-07:00,1600.00,CASH,CONFIRMED,,Fran,Paga noviembre,TUITION,Fran,2025-11-25 08:00:47.47404-07,,,
e8ce64c4-5dbd-49ac-b5c0-6f55fb50fd3a,LEGACY-e8ce64c4-5dbd-49ac-b5c0-6f55fb50fd3a,f0fe1f2d-d8f7-4f5d-b713-d15b3cc1f577,2025-09-30T12:00:00-07:00,1100.00,TRANSFER,CONFIRMED,,Christian,octubre,TUITION,Christian,2025-10-19 17:23:16.993418-07,,,
e9233a5c-b98c-4226-8b03-325e4fa1d669,LEGACY-e9233a5c-b98c-4226-8b03-325e4fa1d669,2e6b93f5-df65-49fd-8c38-d2325e1f2a4f,2026-06-16T12:00:00-07:00,900.00,TRANSFER,CONFIRMED,,Christian,,TUITION,Christian,2026-06-16 12:00:47.771671-07,,,
e98bdb77-4f71-4194-ae34-e2ceae7c797e,LEGACY-e98bdb77-4f71-4194-ae34-e2ceae7c797e,18f8e872-a787-4eef-953c-1c326065039e,2025-11-14T12:00:00-07:00,1000.00,CASH,CONFIRMED,,Christian,Abono a inscripción,ENROLLMENT_FEE,Christian,2025-11-14 13:31:43.46377-07,,,
e9c4893a-6337-4083-81f4-e60f9ae37d61,LEGACY-e9c4893a-6337-4083-81f4-e60f9ae37d61,e2808836-b027-41af-8918-de113abd6e4a,2026-01-15T12:00:00-07:00,1600.00,CASH,CONFIRMED,,Fran,Recibió maestra Fran,TUITION,Fran,2026-03-26 11:20:28.688808-07,,,
e9d75e7e-2293-41f4-9ed9-081bc958d548,LEGACY-e9d75e7e-2293-41f4-9ed9-081bc958d548,95149f3e-bf90-4279-8471-a562bd517960,2025-09-08T12:00:00-07:00,1600.00,CASH,CONFIRMED,,Christian,septiembre,TUITION,Christian,2025-10-20 07:59:15.896707-07,,,
e9f163be-e6f1-4204-ac56-6bd87de2eabb,LEGACY-e9f163be-e6f1-4204-ac56-6bd87de2eabb,f5bb300e-d8ed-4cca-b176-cb11e46338bd,2026-03-13T12:00:00-07:00,2800.00,CASH,CONFIRMED,,Fran,Colegiatura Marzo/Agosto,TUITION,Fran,2026-03-13 07:54:57.697401-07,,,
ea88c248-a146-4114-b733-42a91b8d9f07,LEGACY-ea88c248-a146-4114-b733-42a91b8d9f07,64b7b8c4-c418-4b27-8aa7-31c44d2850f4,2026-06-03T12:00:00-07:00,1200.00,CASH,CONFIRMED,,Christian,Colegiatura Junio,TUITION,Christian,2026-06-03 09:05:42.618643-07,,,
eb02d2fc-8323-4679-ba23-2de75601dc75,LEGACY-eb02d2fc-8323-4679-ba23-2de75601dc75,edd2b7ac-5bca-4650-8c2e-75f65e70849f,2026-04-14T12:00:00-07:00,1200.00,TRANSFER,CONFIRMED,,Christian,Colegiatura Abril,TUITION,Christian,2026-04-14 07:59:59.762766-07,,,
eb8f5c8f-8fe4-4815-8acd-adb1cce7162c,LEGACY-eb8f5c8f-8fe4-4815-8acd-adb1cce7162c,f5bb300e-d8ed-4cca-b176-cb11e46338bd,2026-05-18T12:00:00-07:00,1400.00,CASH,CONFIRMED,,Christian,Colegiatura Mayo,TUITION,Christian,2026-05-18 07:54:52.610961-07,,,
ebacf136-f574-40be-b4fd-fd531cb8fd28,LEGACY-ebacf136-f574-40be-b4fd-fd531cb8fd28,209dac48-1e05-4390-a5da-676e1ee3b311,2026-02-12T12:00:00-07:00,1000.00,TRANSFER,CONFIRMED,,Christian,Abono a Colegiaturas,TUITION,Christian,2026-02-13 09:09:52.28761-07,,,
ebadc57d-7bc2-4cc1-8965-88af6046bf67,LEGACY-ebadc57d-7bc2-4cc1-8965-88af6046bf67,a8144361-4bce-487c-bc3a-949391e8d895,2025-11-27T12:00:00-07:00,900.00,CASH,CONFIRMED,,Fran,Colegiatura noviembre (registro extemporáneo),TUITION,Fran,2025-12-08 10:34:16.841115-07,,,
ebff7255-bfb2-4958-97e9-e41b749d2e36,LEGACY-ebff7255-bfb2-4958-97e9-e41b749d2e36,df9c3a2b-804a-47bc-9b11-eb45575dad16,2026-02-06T12:00:00-07:00,1200.00,CASH,CONFIRMED,,Citlali,-,TUITION,Citlali,2026-03-02 09:44:57.068152-07,,,
ec28207e-e866-45fe-8b49-369879314e4a,LEGACY-ec28207e-e866-45fe-8b49-369879314e4a,02b5e8d1-89fb-4a1d-a9d3-58817df86b24,2026-03-04T12:00:00-07:00,1600.00,CASH,CONFIRMED,,Christian,Abono a Marzo/Agosto,TUITION,Christian,2026-03-04 08:11:52.157366-07,,,
ec62c5e6-cb55-431f-b8e2-fdccf61a8cfe,LEGACY-ec62c5e6-cb55-431f-b8e2-fdccf61a8cfe,a8144361-4bce-487c-bc3a-949391e8d895,2025-09-30T12:00:00-07:00,900.00,CASH,CONFIRMED,,Christian,septiembre,TUITION,Christian,2025-10-20 09:52:02.395232-07,,,
ec7a0b67-72a7-4516-be99-95f7f51891be,LEGACY-ec7a0b67-72a7-4516-be99-95f7f51891be,f0fe1f2d-d8f7-4f5d-b713-d15b3cc1f577,2025-09-01T12:00:00-07:00,1100.00,TRANSFER,CONFIRMED,,Christian,septiembre,TUITION,Christian,2025-10-19 17:22:47.618314-07,,,
ecd8be43-1989-4f30-963a-8ee2b6f25395,LEGACY-ecd8be43-1989-4f30-963a-8ee2b6f25395,f55dbff7-6831-4d96-8262-f103ccf4bd43,2025-12-05T12:00:00-07:00,1200.00,TRANSFER,CONFIRMED,,Christian,Abono Diciembre/Julio,TUITION,Christian,2025-12-05 08:01:25.092825-07,,,
edad5c8c-0494-4d9a-a47d-94948cd8ca78,LEGACY-edad5c8c-0494-4d9a-a47d-94948cd8ca78,40dc866f-fce4-4635-bf68-fa98f8b87c6e,2025-12-10T12:00:00-07:00,1100.00,TRANSFER,CONFIRMED,,Christian,Abono a Diciembre / Julio,TUITION,Christian,2025-12-10 09:27:25.448149-07,,,
eeb325a8-d5a3-4ded-9cba-e099ba368380,LEGACY-eeb325a8-d5a3-4ded-9cba-e099ba368380,f5bb300e-d8ed-4cca-b176-cb11e46338bd,2026-04-17T12:00:00-07:00,1400.00,CASH,CONFIRMED,,Christian,Colegiatura mes de abril,TUITION,Christian,2026-04-17 07:49:07.219241-07,,,
eed15229-7d52-4178-b1b1-9920dcf066ed,LEGACY-eed15229-7d52-4178-b1b1-9920dcf066ed,a8144361-4bce-487c-bc3a-949391e8d895,2026-04-30T12:00:00-07:00,900.00,TRANSFER,CONFIRMED,,Christian,Abril,TUITION,Christian,2026-05-16 07:49:30.294372-07,,,
eef02603-dcf5-43d0-9cdd-5b996811bc22,LEGACY-eef02603-dcf5-43d0-9cdd-5b996811bc22,209dac48-1e05-4390-a5da-676e1ee3b311,2026-01-29T12:00:00-07:00,1000.00,TRANSFER,CONFIRMED,,Christian,Abono a colegiaturas,TUITION,Christian,2026-01-29 09:04:53.641707-07,,,
efde2cfd-7d6f-452f-8bc7-fe8522dd7c95,LEGACY-efde2cfd-7d6f-452f-8bc7-fe8522dd7c95,c94e75bd-f940-4e2f-a9b3-2d1dc8ad0554,2025-09-04T12:00:00-07:00,1500.00,CASH,CONFIRMED,,Christian,septiembre,TUITION,Christian,2025-10-19 15:36:43.359381-07,,,
f0105736-1fcb-4c6b-a1e5-be66f84a1548,LEGACY-f0105736-1fcb-4c6b-a1e5-be66f84a1548,4f28d56c-a1e3-4052-87a3-ecd1d9b0d5b6,2026-03-09T12:00:00-07:00,3000.00,TRANSFER,CONFIRMED,,Fran,Colegiatura Marzo/Agosto,TUITION,Fran,2026-03-09 07:59:44.683259-07,,,
f02e2868-dc4b-45eb-b457-8195a3f7f9b8,LEGACY-f02e2868-dc4b-45eb-b457-8195a3f7f9b8,d81e498e-7690-4676-9957-8b832ccf8ea0,2025-12-03T12:00:00-07:00,750.00,CASH,CONFIRMED,,Christian,Abono,TUITION,Christian,2025-12-03 10:19:14.874673-07,,,
f0528e5a-e766-45f6-beef-d4f5b56a768a,LEGACY-f0528e5a-e766-45f6-beef-d4f5b56a768a,2a01ea65-7487-4834-ab23-855018d8868e,2025-11-10T12:00:00-07:00,1500.00,CASH,CONFIRMED,,Christian,Mes de Noviembre,TUITION,Christian,2025-11-10 09:54:34.381631-07,,,
f139aaa0-b214-4326-85c4-a8e888401998,LEGACY-f139aaa0-b214-4326-85c4-a8e888401998,209dac48-1e05-4390-a5da-676e1ee3b311,2026-04-14T12:00:00-07:00,1500.00,TRANSFER,CONFIRMED,,Christian,Abono a colegiaturas,TUITION,Christian,2026-04-14 08:05:02.349124-07,,,
f1ac235c-1456-40fd-b35b-6b195c57a203,LEGACY-f1ac235c-1456-40fd-b35b-6b195c57a203,58f5f801-a774-4b45-8960-aec7b7127187,2025-11-04T12:00:00-07:00,1600.00,CASH,CONFIRMED,,Christian,Pago de Octubre atrasado,TUITION,Christian,2025-11-04 08:02:16.316209-07,,,
f23c3131-342c-4921-9f4d-6827ef0fe8d5,LEGACY-f23c3131-342c-4921-9f4d-6827ef0fe8d5,abea3641-4bdf-451a-8710-fa95ab34cab7,2025-11-19T12:00:00-07:00,1600.00,CASH,CONFIRMED,,Fran,Colegiatura Noviembre (Anotación extemporánea),TUITION,Fran,2026-01-19 08:03:46.762359-07,,,
f24f3b61-fb07-43cc-bd63-95c5218fdd07,LEGACY-f24f3b61-fb07-43cc-bd63-95c5218fdd07,2645afb7-c140-490c-b8db-c0dd4fbf6e11,2025-08-22T12:00:00-07:00,2500.00,CASH,CONFIRMED,,Fran,pagos a colegiaturas,TUITION,Fran,2025-10-19 16:14:44.835503-07,,,
f2c06914-84c7-42d5-a119-8f6aab1b5ebe,LEGACY-f2c06914-84c7-42d5-a119-8f6aab1b5ebe,40dc866f-fce4-4635-bf68-fa98f8b87c6e,2025-09-01T12:00:00-07:00,1100.00,TRANSFER,CONFIRMED,,Fran,septiembre,TUITION,Fran,2025-10-19 16:32:53.574502-07,,,
f332b660-ecd7-4ad4-8725-2f9f41b50ac2,LEGACY-f332b660-ecd7-4ad4-8725-2f9f41b50ac2,fa437269-6375-40e4-87dc-f133c454a67b,2026-06-16T12:00:00-07:00,1800.00,TRANSFER,CONFIRMED,,Fran,Mayo y Junio,TUITION,Fran,2026-06-16 09:31:47.405081-07,,,
f3393d81-63ab-4675-9c64-7d08924d8fc6,LEGACY-f3393d81-63ab-4675-9c64-7d08924d8fc6,3f6663d7-9b89-4ea2-9f06-5035caff6390,2026-04-16T12:00:00-07:00,900.00,TRANSFER,CONFIRMED,,Christian,Colegiatura Marzo,TUITION,Christian,2026-04-17 07:55:25.262216-07,,,
f377214b-97b8-4863-a1b7-95340a01aa38,LEGACY-f377214b-97b8-4863-a1b7-95340a01aa38,a289cbad-dbdb-4e9c-8afd-aeef6bbd7fcb,2025-11-03T12:00:00-07:00,1400.00,CASH,CONFIRMED,,Christian,Mes de Noviembre,TUITION,Christian,2025-11-03 13:32:37.919502-07,,,
f3d03987-2316-4698-b617-42e3083915ae,LEGACY-f3d03987-2316-4698-b617-42e3083915ae,3523dbd3-f616-4c1d-9a52-db64d88e0b23,2026-02-19T12:00:00-07:00,2600.00,CASH,CONFIRMED,,Fran,,TUITION,Fran,2026-03-19 10:32:51.452507-07,,,
f44e0e51-5256-4e62-a741-59b696107480,LEGACY-f44e0e51-5256-4e62-a741-59b696107480,317e5fd7-d8e6-4476-b348-a0a726649924,2025-09-30T12:00:00-07:00,100.00,CASH,CONFIRMED,,Fran,finiquito inscripción,ENROLLMENT_FEE,Fran,2025-10-19 16:19:16.672031-07,,,
f49493d8-17b9-440e-a353-eea16b1eab6c,LEGACY-f49493d8-17b9-440e-a353-eea16b1eab6c,18f8e872-a787-4eef-953c-1c326065039e,2025-12-08T12:00:00-07:00,2000.00,CASH,CONFIRMED,,Christian,Diciembre / Julio,TUITION,Christian,2025-12-08 10:32:07.817675-07,,,
f49c900b-f8b7-44c2-bc32-7afd0e524c0a,LEGACY-f49c900b-f8b7-44c2-bc32-7afd0e524c0a,61ed3b0d-3542-46bc-a02d-4f73b36cffd3,2026-03-24T12:00:00-07:00,1100.00,CASH,CONFIRMED,,Fran,Abril,TUITION,Fran,2026-03-24 08:58:47.708026-07,,,
f5af0568-cc06-4b57-85b9-6e917ee372ac,LEGACY-f5af0568-cc06-4b57-85b9-6e917ee372ac,02b5e8d1-89fb-4a1d-a9d3-58817df86b24,2026-02-04T12:00:00-07:00,1600.00,CASH,CONFIRMED,,Fran,Colegiatura Enero,TUITION,Fran,2026-02-06 09:04:45.407955-07,,,
f626cf92-c563-4e9a-b2d7-b2674dd110a6,LEGACY-f626cf92-c563-4e9a-b2d7-b2674dd110a6,3f6663d7-9b89-4ea2-9f06-5035caff6390,2025-08-26T12:00:00-07:00,2500.00,CASH,CONFIRMED,,Fran,Inscripción pagada a mtra. fran,ENROLLMENT_FEE,Fran,2026-02-16 08:15:57.5345-07,,,
f63e05c7-e7a1-4c5c-952d-aaa533077717,LEGACY-f63e05c7-e7a1-4c5c-952d-aaa533077717,95149f3e-bf90-4279-8471-a562bd517960,2026-01-21T12:00:00-07:00,1600.00,CASH,CONFIRMED,,Christian,Finiquito Diciembre/Julio,TUITION,Christian,2026-01-21 08:02:04.625665-07,,,
f661b016-5d0e-46e7-bcc4-cc6df46d45b3,LEGACY-f661b016-5d0e-46e7-bcc4-cc6df46d45b3,a289cbad-dbdb-4e9c-8afd-aeef6bbd7fcb,2026-02-04T12:00:00-07:00,1400.00,CASH,CONFIRMED,,Christian,Colegiatura Febrero,TUITION,Christian,2026-02-05 07:49:42.784158-07,,,
f6842a0d-2566-4cc7-9fbc-41a2f287f397,LEGACY-f6842a0d-2566-4cc7-9fbc-41a2f287f397,95149f3e-bf90-4279-8471-a562bd517960,2025-11-29T12:00:00-07:00,1600.00,CASH,CONFIRMED,,Fran,pago a colegiaturas,TUITION,Fran,2025-12-01 11:57:11.58203-07,,,
f6a8c5a4-b7a0-4935-be7a-929ce89dd5bc,LEGACY-f6a8c5a4-b7a0-4935-be7a-929ce89dd5bc,ae5f806a-46b0-4a53-8eb3-9a5dd3e9d0dd,2025-11-24T12:00:00-07:00,1300.00,CASH,CONFIRMED,,Fran,Colegiatura de Octubre,TUITION,Fran,2025-11-25 07:58:08.649414-07,,,
f6ebdae4-8418-46c2-be1e-f351ff8bf612,LEGACY-f6ebdae4-8418-46c2-be1e-f351ff8bf612,64b7b8c4-c418-4b27-8aa7-31c44d2850f4,2025-11-04T12:00:00-07:00,1200.00,CASH,CONFIRMED,,Christian,Noviembre,TUITION,Christian,2025-11-04 09:08:53.578486-07,,,
f7269542-3257-41f9-a992-c260c3627a5b,LEGACY-f7269542-3257-41f9-a992-c260c3627a5b,6d484f92-07ed-4ef5-acde-ed43c7314527,2026-06-17T12:00:00-07:00,1500.00,CASH,CONFIRMED,,Christian,,TUITION,Christian,2026-06-17 09:35:48.756444-07,,,
f75c7e01-114d-422d-b004-3ef3fe0f5f29,LEGACY-f75c7e01-114d-422d-b004-3ef3fe0f5f29,df9c3a2b-804a-47bc-9b11-eb45575dad16,2026-06-03T12:00:00-07:00,1000.00,CASH,CONFIRMED,,Christian,,TUITION,Christian,2026-06-03 09:06:31.564683-07,,,
f7d77f17-5d1b-4658-961a-004fda9b9504,LEGACY-f7d77f17-5d1b-4658-961a-004fda9b9504,5cb7777e-5664-4929-b875-cddff5a7c18c,2026-03-10T12:00:00-07:00,1500.00,CASH,CONFIRMED,,Christian,Abono Mar/Ago,TUITION,Christian,2026-03-10 08:51:08.343369-07,,,
f7eddae6-6b1e-420d-8b9f-149d656ff8e2,LEGACY-f7eddae6-6b1e-420d-8b9f-149d656ff8e2,edd2b7ac-5bca-4650-8c2e-75f65e70849f,2025-09-15T12:00:00-07:00,1200.00,TRANSFER,CONFIRMED,,Christian,septiembre,TUITION,Christian,2025-10-19 16:44:37.04262-07,,,
f86f9041-31d1-4dbf-9067-899764107c87,LEGACY-f86f9041-31d1-4dbf-9067-899764107c87,533aa94a-8eb8-436d-82ac-cb0d104f816e,2025-11-26T12:00:00-07:00,900.00,CASH,CONFIRMED,,Christian,Pago de Noviembre,TUITION,Christian,2025-11-26 10:06:16.314771-07,,,
f8bb5fc2-b96b-4118-85ae-18c29ee5f66f,LEGACY-f8bb5fc2-b96b-4118-85ae-18c29ee5f66f,2bc201a6-4c7f-402c-9ed1-a2310ae79d3c,2025-12-02T12:00:00-07:00,3000.00,TRANSFER,CONFIRMED,,Fran,Pago de Diciembre/Julio,TUITION,Fran,2025-12-02 10:37:13.018561-07,,,
f8c84c7c-2ae8-4a15-a449-80b999f228ab,LEGACY-f8c84c7c-2ae8-4a15-a449-80b999f228ab,0e861609-c592-4713-bfad-a86c2f7d1c00,2025-09-04T12:00:00-07:00,1600.00,CASH,CONFIRMED,,Christian,septiembre,TUITION,Christian,2025-10-19 17:46:20.225664-07,,,
f8ced08a-5b88-4325-9852-439c1f4e3f64,LEGACY-f8ced08a-5b88-4325-9852-439c1f4e3f64,3f6663d7-9b89-4ea2-9f06-5035caff6390,2026-06-16T12:00:00-07:00,900.00,TRANSFER,CONFIRMED,,Christian,,TUITION,Christian,2026-06-16 12:00:36.644306-07,,,
f9d0e816-ffcb-46a2-b1ab-36b8ee43c239,LEGACY-f9d0e816-ffcb-46a2-b1ab-36b8ee43c239,5cb7777e-5664-4929-b875-cddff5a7c18c,2025-12-10T12:00:00-07:00,3000.00,CASH,CONFIRMED,,Fran,"Pagaron a Mtra. Fran, anotación extemporánea.",TUITION,Fran,2026-01-12 09:19:35.433573-07,,,
fa881e4a-268d-4566-8740-3a0c78d38906,LEGACY-fa881e4a-268d-4566-8740-3a0c78d38906,df9c3a2b-804a-47bc-9b11-eb45575dad16,2026-06-03T12:00:00-07:00,200.00,TRANSFER,CONFIRMED,,Christian,,TUITION,Christian,2026-06-03 09:10:04.810396-07,,,
fa9068d7-8485-4302-9fa3-e934fca512f4,LEGACY-fa9068d7-8485-4302-9fa3-e934fca512f4,ea4ba647-d045-4e06-ae83-397c1aa0fb8d,2025-11-12T12:00:00-07:00,1500.00,CASH,CONFIRMED,,Christian,Pago de Noviembre,TUITION,Christian,2025-11-12 08:52:20.192731-07,,,
fabd05e5-7680-487a-a067-e4b2498cc439,LEGACY-fabd05e5-7680-487a-a067-e4b2498cc439,81db6f65-f0d0-45e2-93d7-8d0e5c3dc56a,2026-03-05T12:00:00-07:00,1000.00,CASH,CONFIRMED,,Citlali,Colegiatura Marzo,TUITION,Citlali,2026-04-17 08:24:05.635574-07,,,
fc0b9519-0892-4f94-9f69-b68bd532ac97,LEGACY-fc0b9519-0892-4f94-9f69-b68bd532ac97,0a79ced7-bab3-44d8-89da-e166880163bd,2026-04-15T12:00:00-07:00,900.00,CASH,CONFIRMED,,Fran,Agosto,TUITION,Fran,2026-04-23 10:20:50.054756-07,,,
fc4cc5d3-468a-4d87-abba-4fae7345808d,LEGACY-fc4cc5d3-468a-4d87-abba-4fae7345808d,40dc866f-fce4-4635-bf68-fa98f8b87c6e,2025-09-01T12:00:00-07:00,2500.00,TRANSFER,CONFIRMED,,Fran,,ENROLLMENT_FEE,Fran,2025-10-19 16:30:00.016384-07,,,
fc5e0ada-d850-4460-a248-6ed3c806d4fb,LEGACY-fc5e0ada-d850-4460-a248-6ed3c806d4fb,e2808836-b027-41af-8918-de113abd6e4a,2025-12-08T12:00:00-07:00,4500.00,CASH,CONFIRMED,,Christian,"Pago de Noviembre, Abono Diciembre/Julio",TUITION,Christian,2025-12-08 08:06:53.262401-07,,,
fd14ccc6-714c-406f-a718-630dbe0152f1,LEGACY-fd14ccc6-714c-406f-a718-630dbe0152f1,ea4ba647-d045-4e06-ae83-397c1aa0fb8d,2025-10-13T12:00:00-07:00,1500.00,CASH,CONFIRMED,,Christian,octubre,TUITION,Christian,2025-10-19 15:29:44.95613-07,,,
fd832ea1-c8cf-407a-8271-09f408b13972,LEGACY-fd832ea1-c8cf-407a-8271-09f408b13972,61ed3b0d-3542-46bc-a02d-4f73b36cffd3,2025-02-05T12:00:00-07:00,1100.00,CASH,CONFIRMED,,Christian,periodo preinscripciones,ENROLLMENT_FEE,Christian,2025-10-20 09:32:28.24582-07,,,
fe312f5c-cf52-4586-a62b-b0d4698a3ca9,LEGACY-fe312f5c-cf52-4586-a62b-b0d4698a3ca9,d8b23e94-04f7-4eed-9748-9c90f9758257,2026-04-14T12:00:00-07:00,1200.00,TRANSFER,CONFIRMED,,Christian,Colegiatura Abril,TUITION,Christian,2026-04-14 07:57:02.428991-07,,,
feb3227e-471a-4a31-b8f3-5665eb705aa5,LEGACY-feb3227e-471a-4a31-b8f3-5665eb705aa5,edd2b7ac-5bca-4650-8c2e-75f65e70849f,2026-02-06T12:00:00-07:00,1200.00,CASH,CONFIRMED,,Citlali,-,TUITION,Citlali,2026-03-02 09:45:12.132268-07,,,
fed740db-7fd6-4773-a0ce-2cb70afb504f,LEGACY-fed740db-7fd6-4773-a0ce-2cb70afb504f,00fca4aa-70ed-464e-822f-6272cba1d93e,2025-09-01T12:00:00-07:00,2500.00,CASH,CONFIRMED,,Fran,No se sabe cuándo se pagó sólo se sabe que se hizo con mtra fran,ENROLLMENT_FEE,Fran,2025-10-19 17:38:35.853198-07,,,
ff3fd64b-8d8f-45d7-abb5-cd83c53da2c4,LEGACY-ff3fd64b-8d8f-45d7-abb5-cd83c53da2c4,abea3641-4bdf-451a-8710-fa95ab34cab7,2026-06-16T12:00:00-07:00,3200.00,CASH,CONFIRMED,,Fran,Mtra Fran perdió el registro,TUITION,Fran,2026-06-16 08:08:43.348972-07,,,
ff7b7bad-1e67-47e5-8615-f4c276666984,LEGACY-ff7b7bad-1e67-47e5-8615-f4c276666984,df9c3a2b-804a-47bc-9b11-eb45575dad16,2025-02-05T12:00:00-07:00,1100.00,TRANSFER,CONFIRMED,,Christian,periodo preinscripciones,ENROLLMENT_FEE,Christian,2025-10-20 08:58:37.596515-07,,,
ffe4cb54-23a5-470a-a36f-df03ccc9c8d8,LEGACY-ffe4cb54-23a5-470a-a36f-df03ccc9c8d8,a8144361-4bce-487c-bc3a-949391e8d895,2026-02-09T12:00:00-07:00,900.00,TRANSFER,CONFIRMED,,Christian,Colegiatura Enero,TUITION,Christian,2026-02-13 09:02:12.915269-07,,,
BACKFILL-A-0110-20260415-INS-ABR,BACKFILL-A-0110-20260415-INS-ABR,b7f24e9c-6a1d-4b5a-9b34-c72abe5f4c40,2026-04-15T12:00:00-07:00,2600.00,CASH,CONFIRMED,,Fran,Historical backfill confirmed during migration. Legacy system did not contain this payment. Payment date is approximate. Covers enrollment fee and April tuition.,MANUAL_HISTORICAL_BACKFILL,Fran,,,MANUAL_HISTORICAL_BACKFILL,True
BACKFILL-A-0110-20260515-MAY,BACKFILL-A-0110-20260515-MAY,b7f24e9c-6a1d-4b5a-9b34-c72abe5f4c40,2026-05-15T12:00:00-07:00,1600.00,CASH,CONFIRMED,,Fran,Historical backfill confirmed during migration. Legacy system did not contain this payment. Payment date is approximate. Covers May tuition.,MANUAL_HISTORICAL_BACKFILL,Fran,,,MANUAL_HISTORICAL_BACKFILL,True
BACKFILL-A-0110-20260615-JUN,BACKFILL-A-0110-20260615-JUN,b7f24e9c-6a1d-4b5a-9b34-c72abe5f4c40,2026-06-15T12:00:00-07:00,1600.00,CASH,CONFIRMED,,Fran,Historical backfill confirmed during migration. Legacy system did not contain this payment. Payment date is approximate. Covers June tuition.,MANUAL_HISTORICAL_BACKFILL,Fran,,,MANUAL_HISTORICAL_BACKFILL,True
BACKFILL-A-0110-20260720-JUL-AGO,BACKFILL-A-0110-20260720-JUL-AGO,b7f24e9c-6a1d-4b5a-9b34-c72abe5f4c40,2026-07-20T12:00:00-07:00,3200.00,CASH,CONFIRMED,,Christian,Historical backfill confirmed during migration. Legacy system did not contain this payment. Covers July and August tuition.,MANUAL_HISTORICAL_BACKFILL,Christian,,,MANUAL_HISTORICAL_BACKFILL,False
